Date,kind,fixed_date_holiday_or_substitute
2023-05-01,weekday_without_any_row,True
2023-05-04,weekday_without_any_row,True
2023-05-05,weekday_without_any_row,False
2023-06-05,weekday_without_any_row,True
2023-07-28,weekday_without_any_row,True
2023-08-01,weekday_without_any_row,False
2023-08-14,weekday_without_any_row,True
2023-10-13,weekday_without_any_row,True
2023-10-23,weekday_without_any_row,True
2023-12-05,weekday_without_any_row,True
2023-12-11,weekday_without_any_row,True
2023-12-29,weekday_without_any_row,False
2024-01-01,weekday_without_any_row,True
2024-01-02,weekday_without_any_row,True
2024-02-26,weekday_without_any_row,False
2024-03-12,all_stock_zero_volume_row,False
2024-03-22,all_stock_zero_volume_row,False
2024-04-08,weekday_without_any_row,True
2024-04-12,weekday_without_any_row,False
2024-04-15,weekday_without_any_row,True
2024-04-16,weekday_without_any_row,True
2024-04-18,all_stock_zero_volume_row,False
2024-04-19,all_stock_zero_volume_row,False
2024-05-01,weekday_without_any_row,True
2024-05-06,weekday_without_any_row,True
2024-05-07,all_stock_zero_volume_row,True
2024-05-16,all_stock_zero_volume_row,False
2024-05-20,all_stock_zero_volume_row,False
2024-05-22,weekday_without_any_row,False
2024-05-24,all_stock_zero_volume_row,False
2024-05-31,all_stock_zero_volume_row,False
2024-06-03,weekday_without_any_row,True
2024-06-19,all_stock_zero_volume_row,False
2024-06-25,all_stock_zero_volume_row,False
2024-06-26,all_stock_zero_volume_row,False
2024-07-09,all_stock_zero_volume_row,False
2024-07-17,all_stock_zero_volume_row,False
2024-07-22,weekday_without_any_row,False
2024-07-29,weekday_without_any_row,True
2024-07-30,all_stock_zero_volume_row,True
2024-08-08,all_stock_zero_volume_row,False
2024-08-12,weekday_without_any_row,True
2024-08-22,all_stock_zero_volume_row,False
2024-09-02,all_stock_zero_volume_row,False
2024-09-03,all_stock_zero_volume_row,False
2024-09-04,all_stock_zero_volume_row,False
2024-09-09,all_stock_zero_volume_row,False
2024-09-16,all_stock_zero_volume_row,False
2024-09-18,all_stock_zero_volume_row,False
2024-09-27,all_stock_zero_volume_row,False
2024-10-04,all_stock_zero_volume_row,False
2024-10-14,weekday_without_any_row,True
2024-10-16,all_stock_zero_volume_row,True
2024-10-23,weekday_without_any_row,True
2024-10-25,all_stock_zero_volume_row,False
2024-12-05,weekday_without_any_row,True
2024-12-10,weekday_without_any_row,True
2024-12-31,weekday_without_any_row,True
2025-01-01,weekday_without_any_row,True
2025-02-12,weekday_without_any_row,False
2025-04-07,weekday_without_any_row,True
2025-04-14,weekday_without_any_row,True
2025-04-15,weekday_without_any_row,True
2025-05-01,weekday_without_any_row,True
2025-05-05,weekday_without_any_row,True
2025-05-12,weekday_without_any_row,False
2025-06-02,weekday_without_any_row,False
2025-06-03,weekday_without_any_row,True
2025-07-10,weekday_without_any_row,False
2025-07-28,weekday_without_any_row,True
2025-08-11,weekday_without_any_row,False
2025-08-12,weekday_without_any_row,True
2025-10-07,all_stock_zero_volume_row,False
2025-10-13,weekday_without_any_row,True
2025-10-23,weekday_without_any_row,True
2025-12-05,weekday_without_any_row,True
2025-12-10,weekday_without_any_row,True
2025-12-31,weekday_without_any_row,True
2026-01-01,weekday_without_any_row,True
2026-01-02,weekday_without_any_row,False
2026-03-03,weekday_without_any_row,False
2026-04-06,weekday_without_any_row,True
2026-04-13,weekday_without_any_row,True
2026-04-14,weekday_without_any_row,True
2026-04-15,weekday_without_any_row,True
