loss_difference_baseline_minus_fpa,ci95_low,ci95_high,family_ci_low,family_ci_high,raw_p,relative_improvement,relative_ci95_low,relative_ci95_high,relative_ci90_low,relative_ci90_high,relative_family_equivalence_ci_low,relative_family_equivalence_ci_high,equivalent_1pct,family_equivalent_1pct,equivalent_2pct,family_equivalent_2pct,equivalent_5pct,family_equivalent_5pct,dataset,competitor,block_length,n_dates,n_stock_days,status,equal_date_weighting,holm_p,interpretation,equivalence_2pct_family
-0.1697902155965152,-0.22557642017794505,-0.11553788022147017,-0.24104290388766725,-0.10123935111823332,9.999000099990002e-05,-0.1590485214984347,-0.22176624200000974,-0.10348658532103852,-0.21157785073357083,-0.11172506612310075,-0.23317298997356076,-0.09498415259605669,False,False,False,False,False,False,purged_pilot,DIRECT_HUBER,10,403,2197,EXPLORATORY,True,0.00039996000399960006,FPA_HIGHER_LOSS,False
0.025166311952135256,0.01807812201914496,0.03215313906500769,0.016094669970681052,0.034268235085005594,9.999000099990002e-05,0.019933811246530198,0.014240154220202843,0.026037162649691165,0.015132530261840981,0.025038039578587225,0.013522814175920878,0.027066671547597836,False,False,False,False,True,True,purged_pilot,HARD_FPA,10,403,2197,EXPLORATORY,True,0.00039996000399960006,FPA_LOWER_LOSS,False
-0.15992879724696718,-0.20103467271253547,-0.11974346506176632,-0.21246424696097113,-0.10828732820694244,9.999000099990002e-05,-0.14843976257636088,-0.2003633825586275,-0.10578092367628783,-0.19089135208318878,-0.11236943637667665,-0.20715018524609097,-0.09988744012959702,False,False,False,False,False,False,purged_pilot,ORDINARY_SOFT,10,403,2197,EXPLORATORY,True,0.00039996000399960006,FPA_HIGHER_LOSS,False
-0.17109419231723733,-0.2213613841080766,-0.12260402745392794,-0.23596582867970095,-0.10967798269860389,9.999000099990002e-05,-0.160466009001916,-0.2209292976156901,-0.10875908341071913,-0.21055195820598424,-0.1166207381396853,-0.23165590321496426,-0.10244856867649543,False,False,False,False,False,False,purged_pilot,ZERO,10,403,2197,EXPLORATORY,True,0.00039996000399960006,FPA_HIGHER_LOSS,False
-0.1697902155965152,-0.22452649334718114,-0.11296525057062834,-0.23997714564274286,-0.09784861331251588,9.999000099990002e-05,-0.1590485214984347,-0.2256215584066991,-0.10068499651038469,-0.21396746801198893,-0.10913717202053225,-0.23617828551600034,-0.09215537806391275,False,False,False,False,False,False,purged_pilot,DIRECT_HUBER,20,403,2197,EXPLORATORY,True,0.00039996000399960006,FPA_HIGHER_LOSS,False
0.025166311952135256,0.01810783339254565,0.032347105953089574,0.016286909993999364,0.03433347785266613,9.999000099990002e-05,0.019933811246530198,0.014162798266870178,0.02673127183583964,0.014977517382879507,0.02550174270925412,0.013367375839628033,0.027867551945898593,False,False,False,False,True,True,purged_pilot,HARD_FPA,20,403,2197,EXPLORATORY,True,0.00039996000399960006,FPA_LOWER_LOSS,False
-0.15992879724696718,-0.2030504508558124,-0.11776489095112287,-0.2133329354959469,-0.10575887255430934,9.999000099990002e-05,-0.14843976257636088,-0.2028245222334919,-0.10313179542163362,-0.1941343151919706,-0.11044628852833042,-0.21140565488393706,-0.0971615179687291,False,False,False,False,False,False,purged_pilot,ORDINARY_SOFT,20,403,2197,EXPLORATORY,True,0.00039996000399960006,FPA_HIGHER_LOSS,False
-0.17109419231723733,-0.22200384858422054,-0.12169190241477706,-0.23593088775337856,-0.10805527505252624,9.999000099990002e-05,-0.160466009001916,-0.22642403485099225,-0.10706583143531177,-0.2150200015360629,-0.11498655904010711,-0.23545586101893842,-0.10038303527885259,False,False,False,False,False,False,purged_pilot,ZERO,20,403,2197,EXPLORATORY,True,0.00039996000399960006,FPA_HIGHER_LOSS,False
-0.1697902155965152,-0.22683866128228888,-0.11091268142439274,-0.24168181189499913,-0.0953912649099037,9.999000099990002e-05,-0.1590485214984347,-0.228590838745639,-0.10157977147688818,-0.21742774270133508,-0.11016062778560884,-0.24020861824005252,-0.09330237545569056,False,False,False,False,False,False,purged_pilot,DIRECT_HUBER,40,403,2197,EXPLORATORY,True,0.00039996000399960006,FPA_HIGHER_LOSS,False
0.025166311952135256,0.01898700633701028,0.0316423978756296,0.017449848516553908,0.03366519472446913,9.999000099990002e-05,0.019933811246530198,0.01427656250895482,0.02696737233016178,0.015048165982809378,0.02558677757136104,0.013573767199063103,0.02812726691961659,False,False,False,False,True,True,purged_pilot,HARD_FPA,40,403,2197,EXPLORATORY,True,0.00039996000399960006,FPA_LOWER_LOSS,False
-0.15992879724696718,-0.20728999888605623,-0.11336990423613245,-0.22054772780583629,-0.10282399108004159,9.999000099990002e-05,-0.14843976257636088,-0.21228040753569966,-0.09950053946607433,-0.20037947720647453,-0.10633394401512664,-0.22342834472978843,-0.09453189364589977,False,False,False,False,False,False,purged_pilot,ORDINARY_SOFT,40,403,2197,EXPLORATORY,True,0.00039996000399960006,FPA_HIGHER_LOSS,False
-0.17109419231723733,-0.22455173683006338,-0.11895067989977567,-0.23928949970055594,-0.10512864059307056,9.999000099990002e-05,-0.160466009001916,-0.23123795582686502,-0.10492701510358554,-0.21905932751219256,-0.11285043939565778,-0.2433168340616972,-0.0985670134313154,False,False,False,False,False,False,purged_pilot,ZERO,40,403,2197,EXPLORATORY,True,0.00039996000399960006,FPA_HIGHER_LOSS,False
