test_start,cell,training_examples
2024-08-01,FPA|retained|confidence,137
2024-08-01,FPA|retained|uniform,137
2024-08-01,FPA|eligible|confidence,174
2024-08-01,FPA|eligible|uniform,174
2024-08-01,ORD|retained|confidence,137
2024-08-01,ORD|retained|uniform,137
2024-08-01,ORD|eligible|confidence,174
2024-08-01,ORD|eligible|uniform,174
2024-08-01,FPA|retained_without_low|confidence,85
2024-08-01,FPA|random_size_matched|confidence,137
2024-08-01,ORD|ordinary_eligible|uniform,438
2024-11-01,FPA|retained|confidence,303
2024-11-01,FPA|retained|uniform,303
2024-11-01,FPA|eligible|confidence,379
2024-11-01,FPA|eligible|uniform,379
2024-11-01,ORD|retained|confidence,303
2024-11-01,ORD|retained|uniform,303
2024-11-01,ORD|eligible|confidence,379
2024-11-01,ORD|eligible|uniform,379
2024-11-01,FPA|retained_without_low|confidence,210
2024-11-01,FPA|random_size_matched|confidence,303
2024-11-01,ORD|ordinary_eligible|uniform,636
2025-02-01,FPA|retained|confidence,498
2025-02-01,FPA|retained|uniform,498
2025-02-01,FPA|eligible|confidence,633
2025-02-01,FPA|eligible|uniform,633
2025-02-01,ORD|retained|confidence,498
2025-02-01,ORD|retained|uniform,498
2025-02-01,ORD|eligible|confidence,633
2025-02-01,ORD|eligible|uniform,633
2025-02-01,FPA|retained_without_low|confidence,343
2025-02-01,FPA|random_size_matched|confidence,498
2025-02-01,ORD|ordinary_eligible|uniform,896
2025-05-01,FPA|retained|confidence,698
2025-05-01,FPA|retained|uniform,698
2025-05-01,FPA|eligible|confidence,902
2025-05-01,FPA|eligible|uniform,902
2025-05-01,ORD|retained|confidence,698
2025-05-01,ORD|retained|uniform,698
2025-05-01,ORD|eligible|confidence,902
2025-05-01,ORD|eligible|uniform,902
2025-05-01,FPA|retained_without_low|confidence,461
2025-05-01,FPA|random_size_matched|confidence,698
2025-05-01,ORD|ordinary_eligible|uniform,1185
2025-08-01,FPA|retained|confidence,889
2025-08-01,FPA|retained|uniform,889
2025-08-01,FPA|eligible|confidence,1174
2025-08-01,FPA|eligible|uniform,1174
2025-08-01,ORD|retained|confidence,889
2025-08-01,ORD|retained|uniform,889
2025-08-01,ORD|eligible|confidence,1174
2025-08-01,ORD|eligible|uniform,1174
2025-08-01,FPA|retained_without_low|confidence,566
2025-08-01,FPA|random_size_matched|confidence,889
2025-08-01,ORD|ordinary_eligible|uniform,1470
2025-11-01,FPA|retained|confidence,1086
2025-11-01,FPA|retained|uniform,1086
2025-11-01,FPA|eligible|confidence,1476
2025-11-01,FPA|eligible|uniform,1476
2025-11-01,ORD|retained|confidence,1086
2025-11-01,ORD|retained|uniform,1086
2025-11-01,ORD|eligible|confidence,1476
2025-11-01,ORD|eligible|uniform,1476
2025-11-01,FPA|retained_without_low|confidence,663
2025-11-01,FPA|random_size_matched|confidence,1086
2025-11-01,ORD|ordinary_eligible|uniform,1772
2026-02-01,FPA|retained|confidence,1318
2026-02-01,FPA|retained|uniform,1318
2026-02-01,FPA|eligible|confidence,1778
2026-02-01,FPA|eligible|uniform,1778
2026-02-01,ORD|retained|confidence,1318
2026-02-01,ORD|retained|uniform,1318
2026-02-01,ORD|eligible|confidence,1778
2026-02-01,ORD|eligible|uniform,1778
2026-02-01,FPA|retained_without_low|confidence,794
2026-02-01,FPA|random_size_matched|confidence,1318
2026-02-01,ORD|ordinary_eligible|uniform,2072
