scenario,seed,method,latent_mse
nonlinear,21001,ZERO,0.9450674840715991
nonlinear,21001,DIRECT_RIDGE,0.7699661781234617
nonlinear,21001,RDFL_SOFT_LOGISTIC,0.7620451120356613
nonlinear,21001,DIRECT_HGB,0.19568150849463117
nonlinear,21001,RDFL_SOFT_HGB,0.23419265538845493
nonlinear,21001,ORDINARY_SOFT_HGB,0.5101950266639602
nonlinear,21001,ORACLE_HGB,0.0781308934941301
nonlinear,21002,ZERO,0.9661374281296582
nonlinear,21002,DIRECT_RIDGE,0.8218068572469915
nonlinear,21002,RDFL_SOFT_LOGISTIC,0.7980301626726335
nonlinear,21002,DIRECT_HGB,0.21668123044700371
nonlinear,21002,RDFL_SOFT_HGB,0.345828927685257
nonlinear,21002,ORDINARY_SOFT_HGB,0.5155847409860655
nonlinear,21002,ORACLE_HGB,0.07486305401861786
nonlinear,21003,ZERO,1.0370693012775456
nonlinear,21003,DIRECT_RIDGE,0.8601869781610079
nonlinear,21003,RDFL_SOFT_LOGISTIC,0.8361624114479567
nonlinear,21003,DIRECT_HGB,0.27560223490120916
nonlinear,21003,RDFL_SOFT_HGB,0.36840437737317794
nonlinear,21003,ORDINARY_SOFT_HGB,0.588643339910326
nonlinear,21003,ORACLE_HGB,0.12903921573452143
nonlinear,21004,ZERO,1.0054007867931494
nonlinear,21004,DIRECT_RIDGE,0.8538653434683592
nonlinear,21004,RDFL_SOFT_LOGISTIC,0.8389988899274721
nonlinear,21004,DIRECT_HGB,0.26687908348681305
nonlinear,21004,RDFL_SOFT_HGB,0.2941303644044752
nonlinear,21004,ORDINARY_SOFT_HGB,0.5762723135495755
nonlinear,21004,ORACLE_HGB,0.12139698939864502
nonlinear,21005,ZERO,0.903651732593338
nonlinear,21005,DIRECT_RIDGE,0.7245527563162941
nonlinear,21005,RDFL_SOFT_LOGISTIC,0.7212728459131521
nonlinear,21005,DIRECT_HGB,0.20767570738004945
nonlinear,21005,RDFL_SOFT_HGB,0.3205200015101524
nonlinear,21005,ORDINARY_SOFT_HGB,0.4607386387499467
nonlinear,21005,ORACLE_HGB,0.11227865882872191
nonlinear,21006,ZERO,1.0600251208917293
nonlinear,21006,DIRECT_RIDGE,0.8571900405121055
nonlinear,21006,RDFL_SOFT_LOGISTIC,0.8286164690131511
nonlinear,21006,DIRECT_HGB,0.258872773313972
nonlinear,21006,RDFL_SOFT_HGB,0.31703643225216516
nonlinear,21006,ORDINARY_SOFT_HGB,0.6096716557679597
nonlinear,21006,ORACLE_HGB,0.10014480561580312
nonlinear,21007,ZERO,1.0714683309154895
nonlinear,21007,DIRECT_RIDGE,0.852051969967367
nonlinear,21007,RDFL_SOFT_LOGISTIC,0.8221311440548947
nonlinear,21007,DIRECT_HGB,0.24050308487843722
nonlinear,21007,RDFL_SOFT_HGB,0.2755576644962214
nonlinear,21007,ORDINARY_SOFT_HGB,0.5761013318058998
nonlinear,21007,ORACLE_HGB,0.1807148599518708
nonlinear,21008,ZERO,1.0706185146304852
nonlinear,21008,DIRECT_RIDGE,0.8822405554804048
nonlinear,21008,RDFL_SOFT_LOGISTIC,0.8615061892405026
nonlinear,21008,DIRECT_HGB,0.2973346206530328
nonlinear,21008,RDFL_SOFT_HGB,0.3306446694163421
nonlinear,21008,ORDINARY_SOFT_HGB,0.5995763912271852
nonlinear,21008,ORACLE_HGB,0.14449098746963757
nonlinear,21009,ZERO,0.9862073827768953
nonlinear,21009,DIRECT_RIDGE,0.8109245384161955
nonlinear,21009,RDFL_SOFT_LOGISTIC,0.7959810102112985
nonlinear,21009,DIRECT_HGB,0.2991796163724198
nonlinear,21009,RDFL_SOFT_HGB,0.27423635802461965
nonlinear,21009,ORDINARY_SOFT_HGB,0.5582277186050286
nonlinear,21009,ORACLE_HGB,0.11803451929152506
nonlinear,21010,ZERO,1.0123217217060947
nonlinear,21010,DIRECT_RIDGE,0.8404206108260481
nonlinear,21010,RDFL_SOFT_LOGISTIC,0.8222626656260119
nonlinear,21010,DIRECT_HGB,0.226500411536342
nonlinear,21010,RDFL_SOFT_HGB,0.27161315879069947
nonlinear,21010,ORDINARY_SOFT_HGB,0.5701377910040636
nonlinear,21010,ORACLE_HGB,0.10432836250548351
nonlinear,21011,ZERO,0.9873766072698306
nonlinear,21011,DIRECT_RIDGE,0.7935387445736275
nonlinear,21011,RDFL_SOFT_LOGISTIC,0.7719702516867429
nonlinear,21011,DIRECT_HGB,0.23718913674487888
nonlinear,21011,RDFL_SOFT_HGB,0.2881962603243966
nonlinear,21011,ORDINARY_SOFT_HGB,0.5111881952803274
nonlinear,21011,ORACLE_HGB,0.11015650647767972
nonlinear,21012,ZERO,1.027418085697329
nonlinear,21012,DIRECT_RIDGE,0.7812938868328089
nonlinear,21012,RDFL_SOFT_LOGISTIC,0.7580988542942544
nonlinear,21012,DIRECT_HGB,0.22310937461871877
nonlinear,21012,RDFL_SOFT_HGB,0.2677837758485039
nonlinear,21012,ORDINARY_SOFT_HGB,0.5427968021605727
nonlinear,21012,ORACLE_HGB,0.10256213369148495
nonlinear,21013,ZERO,0.9975752431338848
nonlinear,21013,DIRECT_RIDGE,0.8267599435241513
nonlinear,21013,RDFL_SOFT_LOGISTIC,0.8079231924402925
nonlinear,21013,DIRECT_HGB,0.24322087523955319
nonlinear,21013,RDFL_SOFT_HGB,0.36482753994993306
nonlinear,21013,ORDINARY_SOFT_HGB,0.5654268687354482
nonlinear,21013,ORACLE_HGB,0.11638298054054848
nonlinear,21014,ZERO,0.912695124871895
nonlinear,21014,DIRECT_RIDGE,0.7174233880946566
nonlinear,21014,RDFL_SOFT_LOGISTIC,0.7020657080355367
nonlinear,21014,DIRECT_HGB,0.23182246364777523
nonlinear,21014,RDFL_SOFT_HGB,0.3254927718648123
nonlinear,21014,ORDINARY_SOFT_HGB,0.5038406886686274
nonlinear,21014,ORACLE_HGB,0.08643256686056418
nonlinear,21015,ZERO,1.0846240345982006
nonlinear,21015,DIRECT_RIDGE,0.8757693287575603
nonlinear,21015,RDFL_SOFT_LOGISTIC,0.8599939264360198
nonlinear,21015,DIRECT_HGB,0.2851904307194108
nonlinear,21015,RDFL_SOFT_HGB,0.34789885004194815
nonlinear,21015,ORDINARY_SOFT_HGB,0.612556001131771
nonlinear,21015,ORACLE_HGB,0.13440327687017992
nonlinear,21016,ZERO,0.9845569119982815
nonlinear,21016,DIRECT_RIDGE,0.8084433987032763
nonlinear,21016,RDFL_SOFT_LOGISTIC,0.7660644525476878
nonlinear,21016,DIRECT_HGB,0.1836505615792516
nonlinear,21016,RDFL_SOFT_HGB,0.2740549853073099
nonlinear,21016,ORDINARY_SOFT_HGB,0.4983948283647233
nonlinear,21016,ORACLE_HGB,0.1021122001489555
nonlinear,21017,ZERO,0.9794963074061002
nonlinear,21017,DIRECT_RIDGE,0.7928887346553918
nonlinear,21017,RDFL_SOFT_LOGISTIC,0.7743665499595326
nonlinear,21017,DIRECT_HGB,0.19161685525271768
nonlinear,21017,RDFL_SOFT_HGB,0.3098362970370409
nonlinear,21017,ORDINARY_SOFT_HGB,0.5073574097763164
nonlinear,21017,ORACLE_HGB,0.10122726709034661
nonlinear,21018,ZERO,1.0723077119624607
nonlinear,21018,DIRECT_RIDGE,0.8594847047482023
nonlinear,21018,RDFL_SOFT_LOGISTIC,0.841560642144381
nonlinear,21018,DIRECT_HGB,0.19369375754911122
nonlinear,21018,RDFL_SOFT_HGB,0.35097415305231683
nonlinear,21018,ORDINARY_SOFT_HGB,0.5771334541860969
nonlinear,21018,ORACLE_HGB,0.13486829598300348
nonlinear,21019,ZERO,1.0780536646214764
nonlinear,21019,DIRECT_RIDGE,0.9639916030986486
nonlinear,21019,RDFL_SOFT_LOGISTIC,0.9669010318354923
nonlinear,21019,DIRECT_HGB,0.21372415669579928
nonlinear,21019,RDFL_SOFT_HGB,0.36529818031652295
nonlinear,21019,ORDINARY_SOFT_HGB,0.5940876503198408
nonlinear,21019,ORACLE_HGB,0.12338076517093266
nonlinear,21020,ZERO,1.0019368651163985
nonlinear,21020,DIRECT_RIDGE,0.8590812383083775
nonlinear,21020,RDFL_SOFT_LOGISTIC,0.8374002845178107
nonlinear,21020,DIRECT_HGB,0.25298715895929247
nonlinear,21020,RDFL_SOFT_HGB,0.2690506700641233
nonlinear,21020,ORDINARY_SOFT_HGB,0.547409984630758
nonlinear,21020,ORACLE_HGB,0.11311841003616188
nonlinear,21021,ZERO,1.0010788639892154
nonlinear,21021,DIRECT_RIDGE,0.7952892237191214
nonlinear,21021,RDFL_SOFT_LOGISTIC,0.7731491431277954
nonlinear,21021,DIRECT_HGB,0.1947617435822102
nonlinear,21021,RDFL_SOFT_HGB,0.2866837824028023
nonlinear,21021,ORDINARY_SOFT_HGB,0.539872061113665
nonlinear,21021,ORACLE_HGB,0.12168161450269754
nonlinear,21022,ZERO,1.0075379363869226
nonlinear,21022,DIRECT_RIDGE,0.8420702128850792
nonlinear,21022,RDFL_SOFT_LOGISTIC,0.8176653790951589
nonlinear,21022,DIRECT_HGB,0.2785771269970401
nonlinear,21022,RDFL_SOFT_HGB,0.35318380098516516
nonlinear,21022,ORDINARY_SOFT_HGB,0.5714915664962125
nonlinear,21022,ORACLE_HGB,0.1401877691098639
nonlinear,21023,ZERO,1.0662455693632829
nonlinear,21023,DIRECT_RIDGE,0.9331808370797812
nonlinear,21023,RDFL_SOFT_LOGISTIC,0.9096798847751693
nonlinear,21023,DIRECT_HGB,0.26154337972167935
nonlinear,21023,RDFL_SOFT_HGB,0.299484013542184
nonlinear,21023,ORDINARY_SOFT_HGB,0.5550086960527444
nonlinear,21023,ORACLE_HGB,0.1291941822593208
nonlinear,21024,ZERO,1.0821563328331145
nonlinear,21024,DIRECT_RIDGE,0.8942056816194156
nonlinear,21024,RDFL_SOFT_LOGISTIC,0.8774850651602931
nonlinear,21024,DIRECT_HGB,0.243320334954527
nonlinear,21024,RDFL_SOFT_HGB,0.3671491949903208
nonlinear,21024,ORDINARY_SOFT_HGB,0.603599392073855
nonlinear,21024,ORACLE_HGB,0.12962819999834022
nonlinear,21025,ZERO,1.003762364854174
nonlinear,21025,DIRECT_RIDGE,0.8175582850678654
nonlinear,21025,RDFL_SOFT_LOGISTIC,0.7997061532453413
nonlinear,21025,DIRECT_HGB,0.21723423403523667
nonlinear,21025,RDFL_SOFT_HGB,0.2718602687794201
nonlinear,21025,ORDINARY_SOFT_HGB,0.5263838255218961
nonlinear,21025,ORACLE_HGB,0.08438640706610256
nonlinear,21026,ZERO,0.9730125498122993
nonlinear,21026,DIRECT_RIDGE,0.7956764611110054
nonlinear,21026,RDFL_SOFT_LOGISTIC,0.7734168406399123
nonlinear,21026,DIRECT_HGB,0.24784354057170238
nonlinear,21026,RDFL_SOFT_HGB,0.30454311870280776
nonlinear,21026,ORDINARY_SOFT_HGB,0.5212663599507507
nonlinear,21026,ORACLE_HGB,0.08266110597931492
nonlinear,21027,ZERO,1.0131889849242897
nonlinear,21027,DIRECT_RIDGE,0.8740653141887776
nonlinear,21027,RDFL_SOFT_LOGISTIC,0.8539862979673408
nonlinear,21027,DIRECT_HGB,0.305107079740142
nonlinear,21027,RDFL_SOFT_HGB,0.3047218168217468
nonlinear,21027,ORDINARY_SOFT_HGB,0.5573509988130493
nonlinear,21027,ORACLE_HGB,0.13849059812477757
nonlinear,21028,ZERO,0.9964760839219713
nonlinear,21028,DIRECT_RIDGE,0.835230338215385
nonlinear,21028,RDFL_SOFT_LOGISTIC,0.822163703418567
nonlinear,21028,DIRECT_HGB,0.2212323807636676
nonlinear,21028,RDFL_SOFT_HGB,0.34905929533159785
nonlinear,21028,ORDINARY_SOFT_HGB,0.5464286556382993
nonlinear,21028,ORACLE_HGB,0.10261697854163289
nonlinear,21029,ZERO,0.9831624498634758
nonlinear,21029,DIRECT_RIDGE,0.8072758803699469
nonlinear,21029,RDFL_SOFT_LOGISTIC,0.7869384094564866
nonlinear,21029,DIRECT_HGB,0.18472403848763017
nonlinear,21029,RDFL_SOFT_HGB,0.34786629742103853
nonlinear,21029,ORDINARY_SOFT_HGB,0.5216874390093736
nonlinear,21029,ORACLE_HGB,0.09775797813075594
nonlinear,21030,ZERO,0.9652497135732093
nonlinear,21030,DIRECT_RIDGE,0.7885675519626743
nonlinear,21030,RDFL_SOFT_LOGISTIC,0.7752462107951021
nonlinear,21030,DIRECT_HGB,0.27734144466035804
nonlinear,21030,RDFL_SOFT_HGB,0.36404045688697795
nonlinear,21030,ORDINARY_SOFT_HGB,0.551362617195269
nonlinear,21030,ORACLE_HGB,0.11661510790340979
nonlinear,21031,ZERO,0.9284266160047995
nonlinear,21031,DIRECT_RIDGE,0.7911454673968628
nonlinear,21031,RDFL_SOFT_LOGISTIC,0.7930678958766474
nonlinear,21031,DIRECT_HGB,0.1805652887917001
nonlinear,21031,RDFL_SOFT_HGB,0.3207253088566521
nonlinear,21031,ORDINARY_SOFT_HGB,0.491689260012044
nonlinear,21031,ORACLE_HGB,0.09132890401916108
nonlinear,21032,ZERO,1.0319389304487163
nonlinear,21032,DIRECT_RIDGE,0.854353932814146
nonlinear,21032,RDFL_SOFT_LOGISTIC,0.8268846470428554
nonlinear,21032,DIRECT_HGB,0.25205122453995793
nonlinear,21032,RDFL_SOFT_HGB,0.3218623121225262
nonlinear,21032,ORDINARY_SOFT_HGB,0.5460726111669577
nonlinear,21032,ORACLE_HGB,0.1029726594362856
nonlinear,21033,ZERO,0.9965005272447947
nonlinear,21033,DIRECT_RIDGE,0.8078351762246521
nonlinear,21033,RDFL_SOFT_LOGISTIC,0.7891565091434404
nonlinear,21033,DIRECT_HGB,0.2252689649202078
nonlinear,21033,RDFL_SOFT_HGB,0.28400244318241646
nonlinear,21033,ORDINARY_SOFT_HGB,0.534600812743524
nonlinear,21033,ORACLE_HGB,0.1377465006157623
nonlinear,21034,ZERO,1.0096153906871275
nonlinear,21034,DIRECT_RIDGE,0.9024639046009452
nonlinear,21034,RDFL_SOFT_LOGISTIC,0.8965873613481529
nonlinear,21034,DIRECT_HGB,0.23147888745799614
nonlinear,21034,RDFL_SOFT_HGB,0.2994113394627648
nonlinear,21034,ORDINARY_SOFT_HGB,0.5607201829685933
nonlinear,21034,ORACLE_HGB,0.14503631253820207
nonlinear,21035,ZERO,0.9778527939003455
nonlinear,21035,DIRECT_RIDGE,0.8608473807205886
nonlinear,21035,RDFL_SOFT_LOGISTIC,0.8540270668859572
nonlinear,21035,DIRECT_HGB,0.3030546849122647
nonlinear,21035,RDFL_SOFT_HGB,0.3418502152893353
nonlinear,21035,ORDINARY_SOFT_HGB,0.5427874332357979
nonlinear,21035,ORACLE_HGB,0.12298297381592624
nonlinear,21036,ZERO,1.0510771306308104
nonlinear,21036,DIRECT_RIDGE,0.8707643604728965
nonlinear,21036,RDFL_SOFT_LOGISTIC,0.8544604076540824
nonlinear,21036,DIRECT_HGB,0.2849475807442648
nonlinear,21036,RDFL_SOFT_HGB,0.36767082916981164
nonlinear,21036,ORDINARY_SOFT_HGB,0.5927293418629634
nonlinear,21036,ORACLE_HGB,0.1436416995839996
nonlinear,21037,ZERO,1.0168901727387107
nonlinear,21037,DIRECT_RIDGE,0.8270926565945131
nonlinear,21037,RDFL_SOFT_LOGISTIC,0.7947762796191198
nonlinear,21037,DIRECT_HGB,0.2563917306105886
nonlinear,21037,RDFL_SOFT_HGB,0.31060752541846604
nonlinear,21037,ORDINARY_SOFT_HGB,0.5791767875558643
nonlinear,21037,ORACLE_HGB,0.12144030403658855
nonlinear,21038,ZERO,1.023689487860712
nonlinear,21038,DIRECT_RIDGE,0.8789007012038704
nonlinear,21038,RDFL_SOFT_LOGISTIC,0.8738715706077571
nonlinear,21038,DIRECT_HGB,0.28020480288488075
nonlinear,21038,RDFL_SOFT_HGB,0.3599498807401004
nonlinear,21038,ORDINARY_SOFT_HGB,0.568720705125865
nonlinear,21038,ORACLE_HGB,0.12307499144087146
nonlinear,21039,ZERO,0.9427279153010912
nonlinear,21039,DIRECT_RIDGE,0.8050317807193732
nonlinear,21039,RDFL_SOFT_LOGISTIC,0.7980128069614861
nonlinear,21039,DIRECT_HGB,0.18565924546256762
nonlinear,21039,RDFL_SOFT_HGB,0.26276417281158754
nonlinear,21039,ORDINARY_SOFT_HGB,0.5045778895900649
nonlinear,21039,ORACLE_HGB,0.11759991845006183
nonlinear,21040,ZERO,0.9111922925887717
nonlinear,21040,DIRECT_RIDGE,0.7480158007337295
nonlinear,21040,RDFL_SOFT_LOGISTIC,0.7349610389587103
nonlinear,21040,DIRECT_HGB,0.2277750563105042
nonlinear,21040,RDFL_SOFT_HGB,0.2598526786653875
nonlinear,21040,ORDINARY_SOFT_HGB,0.5175315106798966
nonlinear,21040,ORACLE_HGB,0.07786553772964845
nonlinear,21041,ZERO,1.0095375378289955
nonlinear,21041,DIRECT_RIDGE,0.7976393346183182
nonlinear,21041,RDFL_SOFT_LOGISTIC,0.7641665635636437
nonlinear,21041,DIRECT_HGB,0.20674164902938105
nonlinear,21041,RDFL_SOFT_HGB,0.2574257183152928
nonlinear,21041,ORDINARY_SOFT_HGB,0.5148736707411473
nonlinear,21041,ORACLE_HGB,0.10977304187183307
nonlinear,21042,ZERO,0.944202644521616
nonlinear,21042,DIRECT_RIDGE,0.8377137490214785
nonlinear,21042,RDFL_SOFT_LOGISTIC,0.8226782221993199
nonlinear,21042,DIRECT_HGB,0.2697593807582253
nonlinear,21042,RDFL_SOFT_HGB,0.37912561002399636
nonlinear,21042,ORDINARY_SOFT_HGB,0.5050954743957907
nonlinear,21042,ORACLE_HGB,0.12588705058981836
nonlinear,21043,ZERO,1.0123766956599685
nonlinear,21043,DIRECT_RIDGE,0.8160661022514272
nonlinear,21043,RDFL_SOFT_LOGISTIC,0.8006552072114782
nonlinear,21043,DIRECT_HGB,0.2007124088656135
nonlinear,21043,RDFL_SOFT_HGB,0.35841651012707354
nonlinear,21043,ORDINARY_SOFT_HGB,0.5433498115167581
nonlinear,21043,ORACLE_HGB,0.1208893307339171
nonlinear,21044,ZERO,1.0434385158659445
nonlinear,21044,DIRECT_RIDGE,0.8476451657587047
nonlinear,21044,RDFL_SOFT_LOGISTIC,0.8261389397319486
nonlinear,21044,DIRECT_HGB,0.35042926276468755
nonlinear,21044,RDFL_SOFT_HGB,0.3453283907437029
nonlinear,21044,ORDINARY_SOFT_HGB,0.5939349694623336
nonlinear,21044,ORACLE_HGB,0.13937546612073046
nonlinear,21045,ZERO,0.9584900786671422
nonlinear,21045,DIRECT_RIDGE,0.7989088923830815
nonlinear,21045,RDFL_SOFT_LOGISTIC,0.7789256732152068
nonlinear,21045,DIRECT_HGB,0.15805249396661789
nonlinear,21045,RDFL_SOFT_HGB,0.29566091424539226
nonlinear,21045,ORDINARY_SOFT_HGB,0.4891279685290957
nonlinear,21045,ORACLE_HGB,0.09620506517549407
nonlinear,21046,ZERO,0.9207614179588178
nonlinear,21046,DIRECT_RIDGE,0.6964144194814553
nonlinear,21046,RDFL_SOFT_LOGISTIC,0.6757021019707103
nonlinear,21046,DIRECT_HGB,0.23247880573811025
nonlinear,21046,RDFL_SOFT_HGB,0.26023582852166416
nonlinear,21046,ORDINARY_SOFT_HGB,0.4493338538826604
nonlinear,21046,ORACLE_HGB,0.12216805565436611
nonlinear,21047,ZERO,1.0146846820785278
nonlinear,21047,DIRECT_RIDGE,0.8735388250241598
nonlinear,21047,RDFL_SOFT_LOGISTIC,0.8543743010126867
nonlinear,21047,DIRECT_HGB,0.250337112782126
nonlinear,21047,RDFL_SOFT_HGB,0.311288083104458
nonlinear,21047,ORDINARY_SOFT_HGB,0.5409107789396976
nonlinear,21047,ORACLE_HGB,0.11249047897286246
nonlinear,21048,ZERO,1.0164235374430808
nonlinear,21048,DIRECT_RIDGE,0.8316385410329928
nonlinear,21048,RDFL_SOFT_LOGISTIC,0.810804513191871
nonlinear,21048,DIRECT_HGB,0.19967266165824826
nonlinear,21048,RDFL_SOFT_HGB,0.3262667751494745
nonlinear,21048,ORDINARY_SOFT_HGB,0.562502416210633
nonlinear,21048,ORACLE_HGB,0.10553104874547055
nonlinear,21049,ZERO,1.1098526882749804
nonlinear,21049,DIRECT_RIDGE,0.9387934284715376
nonlinear,21049,RDFL_SOFT_LOGISTIC,0.9313187314011916
nonlinear,21049,DIRECT_HGB,0.3014385186279377
nonlinear,21049,RDFL_SOFT_HGB,0.3742751129127714
nonlinear,21049,ORDINARY_SOFT_HGB,0.6265773645624738
nonlinear,21049,ORACLE_HGB,0.14356168071694844
nonlinear,21050,ZERO,1.0179579439159754
nonlinear,21050,DIRECT_RIDGE,0.8450141124223155
nonlinear,21050,RDFL_SOFT_LOGISTIC,0.8189625477437367
nonlinear,21050,DIRECT_HGB,0.3040700261379709
nonlinear,21050,RDFL_SOFT_HGB,0.3797217243598607
nonlinear,21050,ORDINARY_SOFT_HGB,0.5888875780688942
nonlinear,21050,ORACLE_HGB,0.1358914655466194
nonlinear,21051,ZERO,0.9659642183426439
nonlinear,21051,DIRECT_RIDGE,0.7685053567559275
nonlinear,21051,RDFL_SOFT_LOGISTIC,0.7539554482311346
nonlinear,21051,DIRECT_HGB,0.16351429683002597
nonlinear,21051,RDFL_SOFT_HGB,0.27209095872222255
nonlinear,21051,ORDINARY_SOFT_HGB,0.5104375651435652
nonlinear,21051,ORACLE_HGB,0.0844036785499601
nonlinear,21052,ZERO,0.9179906078893839
nonlinear,21052,DIRECT_RIDGE,0.7514836525965081
nonlinear,21052,RDFL_SOFT_LOGISTIC,0.7291223472888754
nonlinear,21052,DIRECT_HGB,0.17623310335809672
nonlinear,21052,RDFL_SOFT_HGB,0.2482328679581161
nonlinear,21052,ORDINARY_SOFT_HGB,0.4865769168305021
nonlinear,21052,ORACLE_HGB,0.07555689913576541
nonlinear,21053,ZERO,0.9167674543951818
nonlinear,21053,DIRECT_RIDGE,0.7514936076986445
nonlinear,21053,RDFL_SOFT_LOGISTIC,0.7274720106838072
nonlinear,21053,DIRECT_HGB,0.21172608049266461
nonlinear,21053,RDFL_SOFT_HGB,0.28082607664395876
nonlinear,21053,ORDINARY_SOFT_HGB,0.5028118089178015
nonlinear,21053,ORACLE_HGB,0.07021919419146547
nonlinear,21054,ZERO,1.0440483221823111
nonlinear,21054,DIRECT_RIDGE,0.86799079365459
nonlinear,21054,RDFL_SOFT_LOGISTIC,0.8482031572926021
nonlinear,21054,DIRECT_HGB,0.23187397893343947
nonlinear,21054,RDFL_SOFT_HGB,0.3497110687746538
nonlinear,21054,ORDINARY_SOFT_HGB,0.5851926291268756
nonlinear,21054,ORACLE_HGB,0.13489286307603787
nonlinear,21055,ZERO,1.0325425466862956
nonlinear,21055,DIRECT_RIDGE,0.8496534545730716
nonlinear,21055,RDFL_SOFT_LOGISTIC,0.8237611424650345
nonlinear,21055,DIRECT_HGB,0.2678240705995767
nonlinear,21055,RDFL_SOFT_HGB,0.34912070271940765
nonlinear,21055,ORDINARY_SOFT_HGB,0.569510062469305
nonlinear,21055,ORACLE_HGB,0.11158159289832345
nonlinear,21056,ZERO,0.9244016699020636
nonlinear,21056,DIRECT_RIDGE,0.8078353403480106
nonlinear,21056,RDFL_SOFT_LOGISTIC,0.7902091453008734
nonlinear,21056,DIRECT_HGB,0.22046802921012482
nonlinear,21056,RDFL_SOFT_HGB,0.2963645149439015
nonlinear,21056,ORDINARY_SOFT_HGB,0.5005202708018296
nonlinear,21056,ORACLE_HGB,0.1259784414974448
nonlinear,21057,ZERO,0.9760256240933565
nonlinear,21057,DIRECT_RIDGE,0.8372077311972439
nonlinear,21057,RDFL_SOFT_LOGISTIC,0.8333304003471546
nonlinear,21057,DIRECT_HGB,0.24955057786092472
nonlinear,21057,RDFL_SOFT_HGB,0.298636965749499
nonlinear,21057,ORDINARY_SOFT_HGB,0.5306577989555726
nonlinear,21057,ORACLE_HGB,0.08477970433348443
nonlinear,21058,ZERO,0.9188751310775186
nonlinear,21058,DIRECT_RIDGE,0.7363491087759064
nonlinear,21058,RDFL_SOFT_LOGISTIC,0.7181467886504355
nonlinear,21058,DIRECT_HGB,0.19939313315820764
nonlinear,21058,RDFL_SOFT_HGB,0.2914378037972096
nonlinear,21058,ORDINARY_SOFT_HGB,0.4697429577323889
nonlinear,21058,ORACLE_HGB,0.10890598019297885
nonlinear,21059,ZERO,1.0470407765717482
nonlinear,21059,DIRECT_RIDGE,0.8478023548165756
nonlinear,21059,RDFL_SOFT_LOGISTIC,0.8300968646011675
nonlinear,21059,DIRECT_HGB,0.23311638922359312
nonlinear,21059,RDFL_SOFT_HGB,0.2806776595582493
nonlinear,21059,ORDINARY_SOFT_HGB,0.5893021990604583
nonlinear,21059,ORACLE_HGB,0.1269578965824386
nonlinear,21060,ZERO,0.9745553170680515
nonlinear,21060,DIRECT_RIDGE,0.7830800307527478
nonlinear,21060,RDFL_SOFT_LOGISTIC,0.7554579337904156
nonlinear,21060,DIRECT_HGB,0.2561712471135229
nonlinear,21060,RDFL_SOFT_HGB,0.3606573118151231
nonlinear,21060,ORDINARY_SOFT_HGB,0.554015793048517
nonlinear,21060,ORACLE_HGB,0.10011332393151914
nonlinear,21061,ZERO,1.075675931702745
nonlinear,21061,DIRECT_RIDGE,0.9234368932360378
nonlinear,21061,RDFL_SOFT_LOGISTIC,0.916294331535243
nonlinear,21061,DIRECT_HGB,0.2585052472714358
nonlinear,21061,RDFL_SOFT_HGB,0.35831877608356716
nonlinear,21061,ORDINARY_SOFT_HGB,0.5814927925125226
nonlinear,21061,ORACLE_HGB,0.14366056474683145
nonlinear,21062,ZERO,1.067153679084029
nonlinear,21062,DIRECT_RIDGE,0.9122530836844972
nonlinear,21062,RDFL_SOFT_LOGISTIC,0.9036579457767001
nonlinear,21062,DIRECT_HGB,0.24856407549502946
nonlinear,21062,RDFL_SOFT_HGB,0.32669252230440493
nonlinear,21062,ORDINARY_SOFT_HGB,0.5636235925595509
nonlinear,21062,ORACLE_HGB,0.13818193205901225
nonlinear,21063,ZERO,1.0017960608075338
nonlinear,21063,DIRECT_RIDGE,0.8206016599340719
nonlinear,21063,RDFL_SOFT_LOGISTIC,0.7981587728105048
nonlinear,21063,DIRECT_HGB,0.23740957806308036
nonlinear,21063,RDFL_SOFT_HGB,0.29689140332521297
nonlinear,21063,ORDINARY_SOFT_HGB,0.5338341032166473
nonlinear,21063,ORACLE_HGB,0.12268782142985526
nonlinear,21064,ZERO,1.1171290132948835
nonlinear,21064,DIRECT_RIDGE,0.9379418455229381
nonlinear,21064,RDFL_SOFT_LOGISTIC,0.9190531451141393
nonlinear,21064,DIRECT_HGB,0.2624193717624873
nonlinear,21064,RDFL_SOFT_HGB,0.39035593417607456
nonlinear,21064,ORDINARY_SOFT_HGB,0.6397555064931243
nonlinear,21064,ORACLE_HGB,0.14800479165756086
nonlinear,21065,ZERO,1.0505160785212084
nonlinear,21065,DIRECT_RIDGE,0.8706939168061006
nonlinear,21065,RDFL_SOFT_LOGISTIC,0.8574027418735841
nonlinear,21065,DIRECT_HGB,0.2948873028294886
nonlinear,21065,RDFL_SOFT_HGB,0.3341004313631129
nonlinear,21065,ORDINARY_SOFT_HGB,0.5774453664188625
nonlinear,21065,ORACLE_HGB,0.10126898551390516
nonlinear,21066,ZERO,1.0620461543774424
nonlinear,21066,DIRECT_RIDGE,0.8742273333458055
nonlinear,21066,RDFL_SOFT_LOGISTIC,0.8547349119686083
nonlinear,21066,DIRECT_HGB,0.2557702004973471
nonlinear,21066,RDFL_SOFT_HGB,0.30454026124838407
nonlinear,21066,ORDINARY_SOFT_HGB,0.5893199981974939
nonlinear,21066,ORACLE_HGB,0.12888901654666435
nonlinear,21067,ZERO,0.9726494286913284
nonlinear,21067,DIRECT_RIDGE,0.7768291483630116
nonlinear,21067,RDFL_SOFT_LOGISTIC,0.760949668353338
nonlinear,21067,DIRECT_HGB,0.25561080986239904
nonlinear,21067,RDFL_SOFT_HGB,0.34186542220213356
nonlinear,21067,ORDINARY_SOFT_HGB,0.5375807715346478
nonlinear,21067,ORACLE_HGB,0.09425032651912445
nonlinear,21068,ZERO,1.0264028730199724
nonlinear,21068,DIRECT_RIDGE,0.8505819730476378
nonlinear,21068,RDFL_SOFT_LOGISTIC,0.8281515196083445
nonlinear,21068,DIRECT_HGB,0.23881751299037887
nonlinear,21068,RDFL_SOFT_HGB,0.32791111365931186
nonlinear,21068,ORDINARY_SOFT_HGB,0.5707354614324641
nonlinear,21068,ORACLE_HGB,0.1309422305351894
nonlinear,21069,ZERO,1.0568411241997824
nonlinear,21069,DIRECT_RIDGE,0.8437011064083709
nonlinear,21069,RDFL_SOFT_LOGISTIC,0.8154389322936078
nonlinear,21069,DIRECT_HGB,0.24433467119879462
nonlinear,21069,RDFL_SOFT_HGB,0.3071464570874355
nonlinear,21069,ORDINARY_SOFT_HGB,0.5788737684904962
nonlinear,21069,ORACLE_HGB,0.11375663895162755
nonlinear,21070,ZERO,1.0958729804772709
nonlinear,21070,DIRECT_RIDGE,0.8803280079342081
nonlinear,21070,RDFL_SOFT_LOGISTIC,0.8478471521075932
nonlinear,21070,DIRECT_HGB,0.26554967826029724
nonlinear,21070,RDFL_SOFT_HGB,0.31957681261560383
nonlinear,21070,ORDINARY_SOFT_HGB,0.5954344543504129
nonlinear,21070,ORACLE_HGB,0.15001758024551373
nonlinear,21071,ZERO,0.980362765152119
nonlinear,21071,DIRECT_RIDGE,0.7883839532272306
nonlinear,21071,RDFL_SOFT_LOGISTIC,0.7743386193092429
nonlinear,21071,DIRECT_HGB,0.2335628166235519
nonlinear,21071,RDFL_SOFT_HGB,0.30031884795087405
nonlinear,21071,ORDINARY_SOFT_HGB,0.5555371479800497
nonlinear,21071,ORACLE_HGB,0.1194011325977741
nonlinear,21072,ZERO,1.0800244246533677
nonlinear,21072,DIRECT_RIDGE,0.8948665213454235
nonlinear,21072,RDFL_SOFT_LOGISTIC,0.8756048888711939
nonlinear,21072,DIRECT_HGB,0.2704431830669671
nonlinear,21072,RDFL_SOFT_HGB,0.385216430975368
nonlinear,21072,ORDINARY_SOFT_HGB,0.6218430548925534
nonlinear,21072,ORACLE_HGB,0.14235511984307794
nonlinear,21073,ZERO,0.9706424185464224
nonlinear,21073,DIRECT_RIDGE,0.859719738044857
nonlinear,21073,RDFL_SOFT_LOGISTIC,0.8466070013198747
nonlinear,21073,DIRECT_HGB,0.2600411257905259
nonlinear,21073,RDFL_SOFT_HGB,0.35926133952111106
nonlinear,21073,ORDINARY_SOFT_HGB,0.5306517866204516
nonlinear,21073,ORACLE_HGB,0.13119311330931221
nonlinear,21074,ZERO,1.007955599408586
nonlinear,21074,DIRECT_RIDGE,0.8153686295739607
nonlinear,21074,RDFL_SOFT_LOGISTIC,0.7897161419786666
nonlinear,21074,DIRECT_HGB,0.1956783943742422
nonlinear,21074,RDFL_SOFT_HGB,0.3370185148704158
nonlinear,21074,ORDINARY_SOFT_HGB,0.5280705786025527
nonlinear,21074,ORACLE_HGB,0.12720035796822554
nonlinear,21075,ZERO,1.0334689556605194
nonlinear,21075,DIRECT_RIDGE,0.807101211882479
nonlinear,21075,RDFL_SOFT_LOGISTIC,0.7867947251714159
nonlinear,21075,DIRECT_HGB,0.26216393887850353
nonlinear,21075,RDFL_SOFT_HGB,0.25268983386869964
nonlinear,21075,ORDINARY_SOFT_HGB,0.5488868177579987
nonlinear,21075,ORACLE_HGB,0.12101657228162997
nonlinear,21076,ZERO,0.9778189138423579
nonlinear,21076,DIRECT_RIDGE,0.8282696812569592
nonlinear,21076,RDFL_SOFT_LOGISTIC,0.8177421364371878
nonlinear,21076,DIRECT_HGB,0.1768402384102602
nonlinear,21076,RDFL_SOFT_HGB,0.3205931275205853
nonlinear,21076,ORDINARY_SOFT_HGB,0.5263626290241653
nonlinear,21076,ORACLE_HGB,0.12040215524029141
nonlinear,21077,ZERO,1.008563262603252
nonlinear,21077,DIRECT_RIDGE,0.8519100559363161
nonlinear,21077,RDFL_SOFT_LOGISTIC,0.8473716753602846
nonlinear,21077,DIRECT_HGB,0.23553224897968558
nonlinear,21077,RDFL_SOFT_HGB,0.25858398438419283
nonlinear,21077,ORDINARY_SOFT_HGB,0.5524658628130679
nonlinear,21077,ORACLE_HGB,0.13086148579428272
nonlinear,21078,ZERO,1.0848582519527565
nonlinear,21078,DIRECT_RIDGE,0.863067123445378
nonlinear,21078,RDFL_SOFT_LOGISTIC,0.8600645347043864
nonlinear,21078,DIRECT_HGB,0.29121289791810845
nonlinear,21078,RDFL_SOFT_HGB,0.35716507237723466
nonlinear,21078,ORDINARY_SOFT_HGB,0.5941880048497094
nonlinear,21078,ORACLE_HGB,0.1072061033918728
nonlinear,21079,ZERO,0.9807714210072414
nonlinear,21079,DIRECT_RIDGE,0.7984009426857441
nonlinear,21079,RDFL_SOFT_LOGISTIC,0.7753458203560273
nonlinear,21079,DIRECT_HGB,0.2550784370714368
nonlinear,21079,RDFL_SOFT_HGB,0.28452051071885365
nonlinear,21079,ORDINARY_SOFT_HGB,0.4963202066058943
nonlinear,21079,ORACLE_HGB,0.12095627487678433
nonlinear,21080,ZERO,1.0322881386695248
nonlinear,21080,DIRECT_RIDGE,0.8202461808466671
nonlinear,21080,RDFL_SOFT_LOGISTIC,0.7988680485566254
nonlinear,21080,DIRECT_HGB,0.23240789782093008
nonlinear,21080,RDFL_SOFT_HGB,0.33203581293457063
nonlinear,21080,ORDINARY_SOFT_HGB,0.5880024041165454
nonlinear,21080,ORACLE_HGB,0.11801654006940529
nonlinear,21081,ZERO,1.1033200027017582
nonlinear,21081,DIRECT_RIDGE,0.8890673903258655
nonlinear,21081,RDFL_SOFT_LOGISTIC,0.8770102561032233
nonlinear,21081,DIRECT_HGB,0.2866575079709077
nonlinear,21081,RDFL_SOFT_HGB,0.29695501154090403
nonlinear,21081,ORDINARY_SOFT_HGB,0.6069493379396041
nonlinear,21081,ORACLE_HGB,0.11435456240902107
nonlinear,21082,ZERO,0.9498607236999518
nonlinear,21082,DIRECT_RIDGE,0.7824074064065076
nonlinear,21082,RDFL_SOFT_LOGISTIC,0.7638581493328301
nonlinear,21082,DIRECT_HGB,0.20838742999551027
nonlinear,21082,RDFL_SOFT_HGB,0.28472892183293474
nonlinear,21082,ORDINARY_SOFT_HGB,0.5282740918384369
nonlinear,21082,ORACLE_HGB,0.11808446960551999
nonlinear,21083,ZERO,0.9595423509775566
nonlinear,21083,DIRECT_RIDGE,0.7932164412826371
nonlinear,21083,RDFL_SOFT_LOGISTIC,0.7807758466701425
nonlinear,21083,DIRECT_HGB,0.26114234884178383
nonlinear,21083,RDFL_SOFT_HGB,0.3271112562790464
nonlinear,21083,ORDINARY_SOFT_HGB,0.520885997654836
nonlinear,21083,ORACLE_HGB,0.09702933047189849
nonlinear,21084,ZERO,0.8868401652242778
nonlinear,21084,DIRECT_RIDGE,0.7429925074056541
nonlinear,21084,RDFL_SOFT_LOGISTIC,0.7292247168266679
nonlinear,21084,DIRECT_HGB,0.18330487591369965
nonlinear,21084,RDFL_SOFT_HGB,0.2885803588380164
nonlinear,21084,ORDINARY_SOFT_HGB,0.470178346429686
nonlinear,21084,ORACLE_HGB,0.07640404629892324
nonlinear,21085,ZERO,1.0006789947472283
nonlinear,21085,DIRECT_RIDGE,0.8616807515246228
nonlinear,21085,RDFL_SOFT_LOGISTIC,0.8444296973157215
nonlinear,21085,DIRECT_HGB,0.22807784551156374
nonlinear,21085,RDFL_SOFT_HGB,0.32163642624727645
nonlinear,21085,ORDINARY_SOFT_HGB,0.564591046031775
nonlinear,21085,ORACLE_HGB,0.13111312450845222
nonlinear,21086,ZERO,1.0377232650902264
nonlinear,21086,DIRECT_RIDGE,0.9237009194922979
nonlinear,21086,RDFL_SOFT_LOGISTIC,0.9052217734108141
nonlinear,21086,DIRECT_HGB,0.2202701337629093
nonlinear,21086,RDFL_SOFT_HGB,0.27331102839976734
nonlinear,21086,ORDINARY_SOFT_HGB,0.5261484793919586
nonlinear,21086,ORACLE_HGB,0.09758881473373987
nonlinear,21087,ZERO,0.9925849413122879
nonlinear,21087,DIRECT_RIDGE,0.8074014312262852
nonlinear,21087,RDFL_SOFT_LOGISTIC,0.7876529255391947
nonlinear,21087,DIRECT_HGB,0.29422557206540745
nonlinear,21087,RDFL_SOFT_HGB,0.31302761581098876
nonlinear,21087,ORDINARY_SOFT_HGB,0.5323406284729968
nonlinear,21087,ORACLE_HGB,0.1249941190720573
nonlinear,21088,ZERO,0.9381810488523797
nonlinear,21088,DIRECT_RIDGE,0.8026880041543624
nonlinear,21088,RDFL_SOFT_LOGISTIC,0.7903046783825793
nonlinear,21088,DIRECT_HGB,0.2326486077325705
nonlinear,21088,RDFL_SOFT_HGB,0.28621581759065184
nonlinear,21088,ORDINARY_SOFT_HGB,0.5066574242645288
nonlinear,21088,ORACLE_HGB,0.16815909847282023
nonlinear,21089,ZERO,1.0259046851019697
nonlinear,21089,DIRECT_RIDGE,0.8764345357342146
nonlinear,21089,RDFL_SOFT_LOGISTIC,0.8679506594063514
nonlinear,21089,DIRECT_HGB,0.24288907123822076
nonlinear,21089,RDFL_SOFT_HGB,0.3263505822877527
nonlinear,21089,ORDINARY_SOFT_HGB,0.566003996472319
nonlinear,21089,ORACLE_HGB,0.1342832639007698
nonlinear,21090,ZERO,0.8996270763541983
nonlinear,21090,DIRECT_RIDGE,0.7490764624935312
nonlinear,21090,RDFL_SOFT_LOGISTIC,0.7487165753287828
nonlinear,21090,DIRECT_HGB,0.17125727367938107
nonlinear,21090,RDFL_SOFT_HGB,0.2892621136968501
nonlinear,21090,ORDINARY_SOFT_HGB,0.46282570747095586
nonlinear,21090,ORACLE_HGB,0.07334545442892358
nonlinear,21091,ZERO,0.955818312087395
nonlinear,21091,DIRECT_RIDGE,0.7870761792625552
nonlinear,21091,RDFL_SOFT_LOGISTIC,0.7750755958641471
nonlinear,21091,DIRECT_HGB,0.2505762937737601
nonlinear,21091,RDFL_SOFT_HGB,0.3361419868448072
nonlinear,21091,ORDINARY_SOFT_HGB,0.5483121200008775
nonlinear,21091,ORACLE_HGB,0.13377288107178098
nonlinear,21092,ZERO,0.997485442587571
nonlinear,21092,DIRECT_RIDGE,0.8378237611762342
nonlinear,21092,RDFL_SOFT_LOGISTIC,0.827020241816432
nonlinear,21092,DIRECT_HGB,0.2640274903904042
nonlinear,21092,RDFL_SOFT_HGB,0.3304816722451507
nonlinear,21092,ORDINARY_SOFT_HGB,0.5530076857502466
nonlinear,21092,ORACLE_HGB,0.11711598187021752
nonlinear,21093,ZERO,1.00266209124457
nonlinear,21093,DIRECT_RIDGE,0.8519754006420823
nonlinear,21093,RDFL_SOFT_LOGISTIC,0.8495858213431694
nonlinear,21093,DIRECT_HGB,0.27789748876940895
nonlinear,21093,RDFL_SOFT_HGB,0.39565754175147777
nonlinear,21093,ORDINARY_SOFT_HGB,0.5761253478687905
nonlinear,21093,ORACLE_HGB,0.09595340874589357
nonlinear,21094,ZERO,0.9529013707950525
nonlinear,21094,DIRECT_RIDGE,0.7953990489247591
nonlinear,21094,RDFL_SOFT_LOGISTIC,0.7782048333252242
nonlinear,21094,DIRECT_HGB,0.19904839633653726
nonlinear,21094,RDFL_SOFT_HGB,0.28451743616471975
nonlinear,21094,ORDINARY_SOFT_HGB,0.49685771895592457
nonlinear,21094,ORACLE_HGB,0.09050351118077574
nonlinear,21095,ZERO,0.95073631230777
nonlinear,21095,DIRECT_RIDGE,0.8161660241047711
nonlinear,21095,RDFL_SOFT_LOGISTIC,0.8114431088057893
nonlinear,21095,DIRECT_HGB,0.21430532949074313
nonlinear,21095,RDFL_SOFT_HGB,0.25264614649177286
nonlinear,21095,ORDINARY_SOFT_HGB,0.4915448505220206
nonlinear,21095,ORACLE_HGB,0.086056072018849
nonlinear,21096,ZERO,0.966615813762697
nonlinear,21096,DIRECT_RIDGE,0.8660728752892091
nonlinear,21096,RDFL_SOFT_LOGISTIC,0.8489713575633933
nonlinear,21096,DIRECT_HGB,0.23356170252996833
nonlinear,21096,RDFL_SOFT_HGB,0.26111627718117364
nonlinear,21096,ORDINARY_SOFT_HGB,0.5326074843575958
nonlinear,21096,ORACLE_HGB,0.12673395775411003
nonlinear,21097,ZERO,0.9729704087092693
nonlinear,21097,DIRECT_RIDGE,0.8096336379885586
nonlinear,21097,RDFL_SOFT_LOGISTIC,0.7958431110717281
nonlinear,21097,DIRECT_HGB,0.1938489336773236
nonlinear,21097,RDFL_SOFT_HGB,0.34929167469159283
nonlinear,21097,ORDINARY_SOFT_HGB,0.5380876337505288
nonlinear,21097,ORACLE_HGB,0.12119913098079053
nonlinear,21098,ZERO,0.9972444932808785
nonlinear,21098,DIRECT_RIDGE,0.7806014921064058
nonlinear,21098,RDFL_SOFT_LOGISTIC,0.7648368202113336
nonlinear,21098,DIRECT_HGB,0.20612249282823947
nonlinear,21098,RDFL_SOFT_HGB,0.26431317200495646
nonlinear,21098,ORDINARY_SOFT_HGB,0.5332812040605313
nonlinear,21098,ORACLE_HGB,0.10109230234785088
nonlinear,21099,ZERO,0.9863906657439562
nonlinear,21099,DIRECT_RIDGE,0.8004719604333103
nonlinear,21099,RDFL_SOFT_LOGISTIC,0.7715653656913583
nonlinear,21099,DIRECT_HGB,0.21108461228169706
nonlinear,21099,RDFL_SOFT_HGB,0.36041605357122924
nonlinear,21099,ORDINARY_SOFT_HGB,0.5589337453004034
nonlinear,21099,ORACLE_HGB,0.11968895633303596
nonlinear,21100,ZERO,1.041165393779081
nonlinear,21100,DIRECT_RIDGE,0.8522847013203887
nonlinear,21100,RDFL_SOFT_LOGISTIC,0.8283575050453805
nonlinear,21100,DIRECT_HGB,0.3179311737131096
nonlinear,21100,RDFL_SOFT_HGB,0.3675876098739142
nonlinear,21100,ORDINARY_SOFT_HGB,0.5891900057327337
nonlinear,21100,ORACLE_HGB,0.1345058177205147
nonlinear_cancellation_085,21001,ZERO,0.1059874562159936
nonlinear_cancellation_085,21001,DIRECT_RIDGE,0.0226141207010447
nonlinear_cancellation_085,21001,RDFL_SOFT_LOGISTIC,0.031707704711306996
nonlinear_cancellation_085,21001,DIRECT_HGB,0.03753661351189442
nonlinear_cancellation_085,21001,RDFL_SOFT_HGB,0.07777625658332024
nonlinear_cancellation_085,21001,ORDINARY_SOFT_HGB,0.05041728093304298
nonlinear_cancellation_085,21001,ORACLE_HGB,0.0037150772884485036
nonlinear_cancellation_085,21002,ZERO,0.11381187131575236
nonlinear_cancellation_085,21002,DIRECT_RIDGE,0.022635197609278505
nonlinear_cancellation_085,21002,RDFL_SOFT_LOGISTIC,0.026677043559036797
nonlinear_cancellation_085,21002,DIRECT_HGB,0.03587961665879729
nonlinear_cancellation_085,21002,RDFL_SOFT_HGB,0.06285311774131391
nonlinear_cancellation_085,21002,ORDINARY_SOFT_HGB,0.05402641424880715
nonlinear_cancellation_085,21002,ORACLE_HGB,0.0038786101682540064
nonlinear_cancellation_085,21003,ZERO,0.11397024501318256
nonlinear_cancellation_085,21003,DIRECT_RIDGE,0.02263944834074293
nonlinear_cancellation_085,21003,RDFL_SOFT_LOGISTIC,0.029425795515646024
nonlinear_cancellation_085,21003,DIRECT_HGB,0.0354602901576027
nonlinear_cancellation_085,21003,RDFL_SOFT_HGB,0.07511434135923115
nonlinear_cancellation_085,21003,ORDINARY_SOFT_HGB,0.0532902176852006
nonlinear_cancellation_085,21003,ORACLE_HGB,0.005200576234992227
nonlinear_cancellation_085,21004,ZERO,0.11102414339583168
nonlinear_cancellation_085,21004,DIRECT_RIDGE,0.025545869483241595
nonlinear_cancellation_085,21004,RDFL_SOFT_LOGISTIC,0.028079242547831052
nonlinear_cancellation_085,21004,DIRECT_HGB,0.043022174335591135
nonlinear_cancellation_085,21004,RDFL_SOFT_HGB,0.07518689513616361
nonlinear_cancellation_085,21004,ORDINARY_SOFT_HGB,0.05996181453945568
nonlinear_cancellation_085,21004,ORACLE_HGB,0.0041548603806147305
nonlinear_cancellation_085,21005,ZERO,0.11195175601499173
nonlinear_cancellation_085,21005,DIRECT_RIDGE,0.019642415826182074
nonlinear_cancellation_085,21005,RDFL_SOFT_LOGISTIC,0.02675730980316467
nonlinear_cancellation_085,21005,DIRECT_HGB,0.03493514841734765
nonlinear_cancellation_085,21005,RDFL_SOFT_HGB,0.071533230637881
nonlinear_cancellation_085,21005,ORDINARY_SOFT_HGB,0.051190433530614844
nonlinear_cancellation_085,21005,ORACLE_HGB,0.005081853593912641
nonlinear_cancellation_085,21006,ZERO,0.10933718076555
nonlinear_cancellation_085,21006,DIRECT_RIDGE,0.024141122714134784
nonlinear_cancellation_085,21006,RDFL_SOFT_LOGISTIC,0.02929742693213768
nonlinear_cancellation_085,21006,DIRECT_HGB,0.04092763913113075
nonlinear_cancellation_085,21006,RDFL_SOFT_HGB,0.07570861497212256
nonlinear_cancellation_085,21006,ORDINARY_SOFT_HGB,0.056978263327608566
nonlinear_cancellation_085,21006,ORACLE_HGB,0.00586019642395109
nonlinear_cancellation_085,21007,ZERO,0.12131306389071568
nonlinear_cancellation_085,21007,DIRECT_RIDGE,0.022528432610655978
nonlinear_cancellation_085,21007,RDFL_SOFT_LOGISTIC,0.02816628947346843
nonlinear_cancellation_085,21007,DIRECT_HGB,0.03476567347081547
nonlinear_cancellation_085,21007,RDFL_SOFT_HGB,0.06792886215546012
nonlinear_cancellation_085,21007,ORDINARY_SOFT_HGB,0.05883789312125573
nonlinear_cancellation_085,21007,ORACLE_HGB,0.0058584561727465555
nonlinear_cancellation_085,21008,ZERO,0.11756717778120503
nonlinear_cancellation_085,21008,DIRECT_RIDGE,0.02351985413460601
nonlinear_cancellation_085,21008,RDFL_SOFT_LOGISTIC,0.027646709032689763
nonlinear_cancellation_085,21008,DIRECT_HGB,0.037984141582862174
nonlinear_cancellation_085,21008,RDFL_SOFT_HGB,0.06593466475986019
nonlinear_cancellation_085,21008,ORDINARY_SOFT_HGB,0.05864595722520167
nonlinear_cancellation_085,21008,ORACLE_HGB,0.005103064152047234
nonlinear_cancellation_085,21009,ZERO,0.10689220307118882
nonlinear_cancellation_085,21009,DIRECT_RIDGE,0.020567806235668225
nonlinear_cancellation_085,21009,RDFL_SOFT_LOGISTIC,0.02529031365648444
nonlinear_cancellation_085,21009,DIRECT_HGB,0.033070166506710595
nonlinear_cancellation_085,21009,RDFL_SOFT_HGB,0.06610474357298597
nonlinear_cancellation_085,21009,ORDINARY_SOFT_HGB,0.05431144733158499
nonlinear_cancellation_085,21009,ORACLE_HGB,0.005190655262127791
nonlinear_cancellation_085,21010,ZERO,0.11856551017166285
nonlinear_cancellation_085,21010,DIRECT_RIDGE,0.021894707316081227
nonlinear_cancellation_085,21010,RDFL_SOFT_LOGISTIC,0.0240568300902461
nonlinear_cancellation_085,21010,DIRECT_HGB,0.034429960392036316
nonlinear_cancellation_085,21010,RDFL_SOFT_HGB,0.06581725149378254
nonlinear_cancellation_085,21010,ORDINARY_SOFT_HGB,0.053832012005154785
nonlinear_cancellation_085,21010,ORACLE_HGB,0.004099683592989736
nonlinear_cancellation_085,21011,ZERO,0.11079534012531399
nonlinear_cancellation_085,21011,DIRECT_RIDGE,0.02026926515733086
nonlinear_cancellation_085,21011,RDFL_SOFT_LOGISTIC,0.025285836137860528
nonlinear_cancellation_085,21011,DIRECT_HGB,0.03553395059095621
nonlinear_cancellation_085,21011,RDFL_SOFT_HGB,0.06798103867191752
nonlinear_cancellation_085,21011,ORDINARY_SOFT_HGB,0.054740278476350025
nonlinear_cancellation_085,21011,ORACLE_HGB,0.004916070824058187
nonlinear_cancellation_085,21012,ZERO,0.11017084643807033
nonlinear_cancellation_085,21012,DIRECT_RIDGE,0.02031406478148046
nonlinear_cancellation_085,21012,RDFL_SOFT_LOGISTIC,0.02630761570798686
nonlinear_cancellation_085,21012,DIRECT_HGB,0.03576833233220965
nonlinear_cancellation_085,21012,RDFL_SOFT_HGB,0.06386524149780276
nonlinear_cancellation_085,21012,ORDINARY_SOFT_HGB,0.05230235812925446
nonlinear_cancellation_085,21012,ORACLE_HGB,0.005270602276553403
nonlinear_cancellation_085,21013,ZERO,0.11942263660384521
nonlinear_cancellation_085,21013,DIRECT_RIDGE,0.024412406150098556
nonlinear_cancellation_085,21013,RDFL_SOFT_LOGISTIC,0.030713397453806846
nonlinear_cancellation_085,21013,DIRECT_HGB,0.04128116742012088
nonlinear_cancellation_085,21013,RDFL_SOFT_HGB,0.07033856681356943
nonlinear_cancellation_085,21013,ORDINARY_SOFT_HGB,0.057656049603498856
nonlinear_cancellation_085,21013,ORACLE_HGB,0.005801833203959546
nonlinear_cancellation_085,21014,ZERO,0.11065916100180972
nonlinear_cancellation_085,21014,DIRECT_RIDGE,0.01950639973309037
nonlinear_cancellation_085,21014,RDFL_SOFT_LOGISTIC,0.02688992842273623
nonlinear_cancellation_085,21014,DIRECT_HGB,0.03607479198414586
nonlinear_cancellation_085,21014,RDFL_SOFT_HGB,0.06946035269432756
nonlinear_cancellation_085,21014,ORDINARY_SOFT_HGB,0.055837299405169245
nonlinear_cancellation_085,21014,ORACLE_HGB,0.004379297488317591
nonlinear_cancellation_085,21015,ZERO,0.11214725705529124
nonlinear_cancellation_085,21015,DIRECT_RIDGE,0.02299964526521948
nonlinear_cancellation_085,21015,RDFL_SOFT_LOGISTIC,0.0264769553036811
nonlinear_cancellation_085,21015,DIRECT_HGB,0.04264619784407118
nonlinear_cancellation_085,21015,RDFL_SOFT_HGB,0.07225329585372535
nonlinear_cancellation_085,21015,ORDINARY_SOFT_HGB,0.05953402289560075
nonlinear_cancellation_085,21015,ORACLE_HGB,0.005190238261027113
nonlinear_cancellation_085,21016,ZERO,0.10755845046822754
nonlinear_cancellation_085,21016,DIRECT_RIDGE,0.021241484015887224
nonlinear_cancellation_085,21016,RDFL_SOFT_LOGISTIC,0.02599663611455572
nonlinear_cancellation_085,21016,DIRECT_HGB,0.03555760122163463
nonlinear_cancellation_085,21016,RDFL_SOFT_HGB,0.06751275426304394
nonlinear_cancellation_085,21016,ORDINARY_SOFT_HGB,0.056365275810053884
nonlinear_cancellation_085,21016,ORACLE_HGB,0.004380667166355643
nonlinear_cancellation_085,21017,ZERO,0.10707085579556656
nonlinear_cancellation_085,21017,DIRECT_RIDGE,0.02172311346288411
nonlinear_cancellation_085,21017,RDFL_SOFT_LOGISTIC,0.025898017738971508
nonlinear_cancellation_085,21017,DIRECT_HGB,0.03675170895180857
nonlinear_cancellation_085,21017,RDFL_SOFT_HGB,0.07131889949864705
nonlinear_cancellation_085,21017,ORDINARY_SOFT_HGB,0.05122645782697127
nonlinear_cancellation_085,21017,ORACLE_HGB,0.004819919272883097
nonlinear_cancellation_085,21018,ZERO,0.10864071374437356
nonlinear_cancellation_085,21018,DIRECT_RIDGE,0.02432868063725201
nonlinear_cancellation_085,21018,RDFL_SOFT_LOGISTIC,0.027315331825737404
nonlinear_cancellation_085,21018,DIRECT_HGB,0.039383965703362354
nonlinear_cancellation_085,21018,RDFL_SOFT_HGB,0.06484058155059698
nonlinear_cancellation_085,21018,ORDINARY_SOFT_HGB,0.061360270639448045
nonlinear_cancellation_085,21018,ORACLE_HGB,0.004510826042733188
nonlinear_cancellation_085,21019,ZERO,0.12103769880275674
nonlinear_cancellation_085,21019,DIRECT_RIDGE,0.027637578113513448
nonlinear_cancellation_085,21019,RDFL_SOFT_LOGISTIC,0.03240106321993268
nonlinear_cancellation_085,21019,DIRECT_HGB,0.0432873663681734
nonlinear_cancellation_085,21019,RDFL_SOFT_HGB,0.07523907999231921
nonlinear_cancellation_085,21019,ORDINARY_SOFT_HGB,0.0629624991029382
nonlinear_cancellation_085,21019,ORACLE_HGB,0.005323929860710312
nonlinear_cancellation_085,21020,ZERO,0.11637008213965765
nonlinear_cancellation_085,21020,DIRECT_RIDGE,0.022061669372111212
nonlinear_cancellation_085,21020,RDFL_SOFT_LOGISTIC,0.02507288522182346
nonlinear_cancellation_085,21020,DIRECT_HGB,0.03503840511371578
nonlinear_cancellation_085,21020,RDFL_SOFT_HGB,0.0664048411434211
nonlinear_cancellation_085,21020,ORDINARY_SOFT_HGB,0.0612333823678392
nonlinear_cancellation_085,21020,ORACLE_HGB,0.004697439637381593
nonlinear_cancellation_085,21021,ZERO,0.1174961702187142
nonlinear_cancellation_085,21021,DIRECT_RIDGE,0.021363590375655016
nonlinear_cancellation_085,21021,RDFL_SOFT_LOGISTIC,0.023606394784832254
nonlinear_cancellation_085,21021,DIRECT_HGB,0.0339673078513059
nonlinear_cancellation_085,21021,RDFL_SOFT_HGB,0.05458211282682143
nonlinear_cancellation_085,21021,ORDINARY_SOFT_HGB,0.05916472244531171
nonlinear_cancellation_085,21021,ORACLE_HGB,0.004100310325356544
nonlinear_cancellation_085,21022,ZERO,0.110373339267316
nonlinear_cancellation_085,21022,DIRECT_RIDGE,0.02129357747408412
nonlinear_cancellation_085,21022,RDFL_SOFT_LOGISTIC,0.027076251677239434
nonlinear_cancellation_085,21022,DIRECT_HGB,0.04008296568592862
nonlinear_cancellation_085,21022,RDFL_SOFT_HGB,0.0681719557663451
nonlinear_cancellation_085,21022,ORDINARY_SOFT_HGB,0.053433743801432454
nonlinear_cancellation_085,21022,ORACLE_HGB,0.005515556764858025
nonlinear_cancellation_085,21023,ZERO,0.11538102934235374
nonlinear_cancellation_085,21023,DIRECT_RIDGE,0.025012865455708386
nonlinear_cancellation_085,21023,RDFL_SOFT_LOGISTIC,0.03079988483129302
nonlinear_cancellation_085,21023,DIRECT_HGB,0.04316674985794172
nonlinear_cancellation_085,21023,RDFL_SOFT_HGB,0.071208403117352
nonlinear_cancellation_085,21023,ORDINARY_SOFT_HGB,0.05852249998456323
nonlinear_cancellation_085,21023,ORACLE_HGB,0.005232526558211953
nonlinear_cancellation_085,21024,ZERO,0.11885027484828797
nonlinear_cancellation_085,21024,DIRECT_RIDGE,0.02665604146191534
nonlinear_cancellation_085,21024,RDFL_SOFT_LOGISTIC,0.03138793166631706
nonlinear_cancellation_085,21024,DIRECT_HGB,0.04460578271569035
nonlinear_cancellation_085,21024,RDFL_SOFT_HGB,0.07250694281238652
nonlinear_cancellation_085,21024,ORDINARY_SOFT_HGB,0.0653032631259871
nonlinear_cancellation_085,21024,ORACLE_HGB,0.0060208073833803825
nonlinear_cancellation_085,21025,ZERO,0.11937412334110874
nonlinear_cancellation_085,21025,DIRECT_RIDGE,0.022281681180244924
nonlinear_cancellation_085,21025,RDFL_SOFT_LOGISTIC,0.024639797831910906
nonlinear_cancellation_085,21025,DIRECT_HGB,0.04170441704587565
nonlinear_cancellation_085,21025,RDFL_SOFT_HGB,0.06324586440874076
nonlinear_cancellation_085,21025,ORDINARY_SOFT_HGB,0.06215390601206037
nonlinear_cancellation_085,21025,ORACLE_HGB,0.004672081247260181
nonlinear_cancellation_085,21026,ZERO,0.12293196661961955
nonlinear_cancellation_085,21026,DIRECT_RIDGE,0.020484061688013214
nonlinear_cancellation_085,21026,RDFL_SOFT_LOGISTIC,0.022637496251100373
nonlinear_cancellation_085,21026,DIRECT_HGB,0.03928980857350035
nonlinear_cancellation_085,21026,RDFL_SOFT_HGB,0.05825950739540412
nonlinear_cancellation_085,21026,ORDINARY_SOFT_HGB,0.06286172055526446
nonlinear_cancellation_085,21026,ORACLE_HGB,0.004318479545703108
nonlinear_cancellation_085,21027,ZERO,0.11656644953444634
nonlinear_cancellation_085,21027,DIRECT_RIDGE,0.022069832124157945
nonlinear_cancellation_085,21027,RDFL_SOFT_LOGISTIC,0.026756659661553658
nonlinear_cancellation_085,21027,DIRECT_HGB,0.03509723955805144
nonlinear_cancellation_085,21027,RDFL_SOFT_HGB,0.06617703125438787
nonlinear_cancellation_085,21027,ORDINARY_SOFT_HGB,0.056424697633865574
nonlinear_cancellation_085,21027,ORACLE_HGB,0.005864371483829089
nonlinear_cancellation_085,21028,ZERO,0.11677840783546162
nonlinear_cancellation_085,21028,DIRECT_RIDGE,0.02206689973894655
nonlinear_cancellation_085,21028,RDFL_SOFT_LOGISTIC,0.02525088773912599
nonlinear_cancellation_085,21028,DIRECT_HGB,0.03991822995913153
nonlinear_cancellation_085,21028,RDFL_SOFT_HGB,0.06270703049641058
nonlinear_cancellation_085,21028,ORDINARY_SOFT_HGB,0.05792193158869474
nonlinear_cancellation_085,21028,ORACLE_HGB,0.006278469400188666
nonlinear_cancellation_085,21029,ZERO,0.11203840016192035
nonlinear_cancellation_085,21029,DIRECT_RIDGE,0.0227808325453271
nonlinear_cancellation_085,21029,RDFL_SOFT_LOGISTIC,0.028515580103885784
nonlinear_cancellation_085,21029,DIRECT_HGB,0.03855089599908184
nonlinear_cancellation_085,21029,RDFL_SOFT_HGB,0.07284623941152463
nonlinear_cancellation_085,21029,ORDINARY_SOFT_HGB,0.05833407904548688
nonlinear_cancellation_085,21029,ORACLE_HGB,0.004154372728047076
nonlinear_cancellation_085,21030,ZERO,0.10766375714922044
nonlinear_cancellation_085,21030,DIRECT_RIDGE,0.02047438358899327
nonlinear_cancellation_085,21030,RDFL_SOFT_LOGISTIC,0.023929348300909963
nonlinear_cancellation_085,21030,DIRECT_HGB,0.04349497137304823
nonlinear_cancellation_085,21030,RDFL_SOFT_HGB,0.06677885429528489
nonlinear_cancellation_085,21030,ORDINARY_SOFT_HGB,0.05916728978902832
nonlinear_cancellation_085,21030,ORACLE_HGB,0.005307455590720772
nonlinear_cancellation_085,21031,ZERO,0.11454105010110235
nonlinear_cancellation_085,21031,DIRECT_RIDGE,0.023361704341698132
nonlinear_cancellation_085,21031,RDFL_SOFT_LOGISTIC,0.026320076176457975
nonlinear_cancellation_085,21031,DIRECT_HGB,0.04097077230328008
nonlinear_cancellation_085,21031,RDFL_SOFT_HGB,0.06997220324157359
nonlinear_cancellation_085,21031,ORDINARY_SOFT_HGB,0.061507356466498776
nonlinear_cancellation_085,21031,ORACLE_HGB,0.004880800174315204
nonlinear_cancellation_085,21032,ZERO,0.11363559318280475
nonlinear_cancellation_085,21032,DIRECT_RIDGE,0.022583200716150022
nonlinear_cancellation_085,21032,RDFL_SOFT_LOGISTIC,0.026985659210541867
nonlinear_cancellation_085,21032,DIRECT_HGB,0.037742822320613066
nonlinear_cancellation_085,21032,RDFL_SOFT_HGB,0.06909458933856755
nonlinear_cancellation_085,21032,ORDINARY_SOFT_HGB,0.057599754386955054
nonlinear_cancellation_085,21032,ORACLE_HGB,0.006080428907632255
nonlinear_cancellation_085,21033,ZERO,0.11352119018830414
nonlinear_cancellation_085,21033,DIRECT_RIDGE,0.02111503141137508
nonlinear_cancellation_085,21033,RDFL_SOFT_LOGISTIC,0.024017097842146798
nonlinear_cancellation_085,21033,DIRECT_HGB,0.0428933287018873
nonlinear_cancellation_085,21033,RDFL_SOFT_HGB,0.05997458443253616
nonlinear_cancellation_085,21033,ORDINARY_SOFT_HGB,0.05505855667206373
nonlinear_cancellation_085,21033,ORACLE_HGB,0.004608390172783283
nonlinear_cancellation_085,21034,ZERO,0.11220306029394159
nonlinear_cancellation_085,21034,DIRECT_RIDGE,0.022827238265578264
nonlinear_cancellation_085,21034,RDFL_SOFT_LOGISTIC,0.027582550459693683
nonlinear_cancellation_085,21034,DIRECT_HGB,0.03698180207317663
nonlinear_cancellation_085,21034,RDFL_SOFT_HGB,0.06968097865408547
nonlinear_cancellation_085,21034,ORDINARY_SOFT_HGB,0.05692321035404524
nonlinear_cancellation_085,21034,ORACLE_HGB,0.005611120315788267
nonlinear_cancellation_085,21035,ZERO,0.10291043097271721
nonlinear_cancellation_085,21035,DIRECT_RIDGE,0.022516414648151663
nonlinear_cancellation_085,21035,RDFL_SOFT_LOGISTIC,0.03255079229132284
nonlinear_cancellation_085,21035,DIRECT_HGB,0.03807272500503133
nonlinear_cancellation_085,21035,RDFL_SOFT_HGB,0.07133109949949445
nonlinear_cancellation_085,21035,ORDINARY_SOFT_HGB,0.05323758705908542
nonlinear_cancellation_085,21035,ORACLE_HGB,0.005786467691166953
nonlinear_cancellation_085,21036,ZERO,0.11028287326622103
nonlinear_cancellation_085,21036,DIRECT_RIDGE,0.025511231398840064
nonlinear_cancellation_085,21036,RDFL_SOFT_LOGISTIC,0.03007465742604817
nonlinear_cancellation_085,21036,DIRECT_HGB,0.042735671872996796
nonlinear_cancellation_085,21036,RDFL_SOFT_HGB,0.06762404467103944
nonlinear_cancellation_085,21036,ORDINARY_SOFT_HGB,0.059047151580490745
nonlinear_cancellation_085,21036,ORACLE_HGB,0.00552582148748573
nonlinear_cancellation_085,21037,ZERO,0.11192652434339025
nonlinear_cancellation_085,21037,DIRECT_RIDGE,0.022965115171162884
nonlinear_cancellation_085,21037,RDFL_SOFT_LOGISTIC,0.02698656124024014
nonlinear_cancellation_085,21037,DIRECT_HGB,0.04266868959185944
nonlinear_cancellation_085,21037,RDFL_SOFT_HGB,0.07500966730336259
nonlinear_cancellation_085,21037,ORDINARY_SOFT_HGB,0.05817094738956885
nonlinear_cancellation_085,21037,ORACLE_HGB,0.004966510471120492
nonlinear_cancellation_085,21038,ZERO,0.12073533552633753
nonlinear_cancellation_085,21038,DIRECT_RIDGE,0.024043428530796322
nonlinear_cancellation_085,21038,RDFL_SOFT_LOGISTIC,0.028572241777162583
nonlinear_cancellation_085,21038,DIRECT_HGB,0.046462649445678975
nonlinear_cancellation_085,21038,RDFL_SOFT_HGB,0.07572804375677412
nonlinear_cancellation_085,21038,ORDINARY_SOFT_HGB,0.06132859676015156
nonlinear_cancellation_085,21038,ORACLE_HGB,0.004635180375688325
nonlinear_cancellation_085,21039,ZERO,0.10498184435366627
nonlinear_cancellation_085,21039,DIRECT_RIDGE,0.022125642699982108
nonlinear_cancellation_085,21039,RDFL_SOFT_LOGISTIC,0.02642225185289851
nonlinear_cancellation_085,21039,DIRECT_HGB,0.03412177781363084
nonlinear_cancellation_085,21039,RDFL_SOFT_HGB,0.07058213162706964
nonlinear_cancellation_085,21039,ORDINARY_SOFT_HGB,0.048340306045458074
nonlinear_cancellation_085,21039,ORACLE_HGB,0.004633902503919452
nonlinear_cancellation_085,21040,ZERO,0.1127476079226223
nonlinear_cancellation_085,21040,DIRECT_RIDGE,0.0199918097919119
nonlinear_cancellation_085,21040,RDFL_SOFT_LOGISTIC,0.02267565376365203
nonlinear_cancellation_085,21040,DIRECT_HGB,0.04021452875600333
nonlinear_cancellation_085,21040,RDFL_SOFT_HGB,0.07332060351746243
nonlinear_cancellation_085,21040,ORDINARY_SOFT_HGB,0.06023566875637143
nonlinear_cancellation_085,21040,ORACLE_HGB,0.004125428764538578
nonlinear_cancellation_085,21041,ZERO,0.12079189817804836
nonlinear_cancellation_085,21041,DIRECT_RIDGE,0.020510859493171944
nonlinear_cancellation_085,21041,RDFL_SOFT_LOGISTIC,0.024464634091058427
nonlinear_cancellation_085,21041,DIRECT_HGB,0.04105810458046011
nonlinear_cancellation_085,21041,RDFL_SOFT_HGB,0.07912240320110134
nonlinear_cancellation_085,21041,ORDINARY_SOFT_HGB,0.061148469257437936
nonlinear_cancellation_085,21041,ORACLE_HGB,0.004858898378033612
nonlinear_cancellation_085,21042,ZERO,0.11999860876991429
nonlinear_cancellation_085,21042,DIRECT_RIDGE,0.022813076266244493
nonlinear_cancellation_085,21042,RDFL_SOFT_LOGISTIC,0.025310555218480094
nonlinear_cancellation_085,21042,DIRECT_HGB,0.03757629558628737
nonlinear_cancellation_085,21042,RDFL_SOFT_HGB,0.06583910017290565
nonlinear_cancellation_085,21042,ORDINARY_SOFT_HGB,0.06067190871232563
nonlinear_cancellation_085,21042,ORACLE_HGB,0.006221146927749599
nonlinear_cancellation_085,21043,ZERO,0.11388723652733326
nonlinear_cancellation_085,21043,DIRECT_RIDGE,0.023775782196143964
nonlinear_cancellation_085,21043,RDFL_SOFT_LOGISTIC,0.028509989848786343
nonlinear_cancellation_085,21043,DIRECT_HGB,0.03819720969033948
nonlinear_cancellation_085,21043,RDFL_SOFT_HGB,0.06251982350304608
nonlinear_cancellation_085,21043,ORDINARY_SOFT_HGB,0.05364318416398203
nonlinear_cancellation_085,21043,ORACLE_HGB,0.004058145424877019
nonlinear_cancellation_085,21044,ZERO,0.11881784853030516
nonlinear_cancellation_085,21044,DIRECT_RIDGE,0.024133982577722566
nonlinear_cancellation_085,21044,RDFL_SOFT_LOGISTIC,0.031072061194652664
nonlinear_cancellation_085,21044,DIRECT_HGB,0.042466884409670266
nonlinear_cancellation_085,21044,RDFL_SOFT_HGB,0.07632672905408028
nonlinear_cancellation_085,21044,ORDINARY_SOFT_HGB,0.058207483453687155
nonlinear_cancellation_085,21044,ORACLE_HGB,0.00482244575283662
nonlinear_cancellation_085,21045,ZERO,0.11449000438087026
nonlinear_cancellation_085,21045,DIRECT_RIDGE,0.022227055342279492
nonlinear_cancellation_085,21045,RDFL_SOFT_LOGISTIC,0.027561029283843113
nonlinear_cancellation_085,21045,DIRECT_HGB,0.03610272352164311
nonlinear_cancellation_085,21045,RDFL_SOFT_HGB,0.07489342683436569
nonlinear_cancellation_085,21045,ORDINARY_SOFT_HGB,0.057868618392215035
nonlinear_cancellation_085,21045,ORACLE_HGB,0.0035499540995480167
nonlinear_cancellation_085,21046,ZERO,0.11511615421498592
nonlinear_cancellation_085,21046,DIRECT_RIDGE,0.017687978119304896
nonlinear_cancellation_085,21046,RDFL_SOFT_LOGISTIC,0.019466710926896898
nonlinear_cancellation_085,21046,DIRECT_HGB,0.03391333594050121
nonlinear_cancellation_085,21046,RDFL_SOFT_HGB,0.05978373546609794
nonlinear_cancellation_085,21046,ORDINARY_SOFT_HGB,0.05756359920354833
nonlinear_cancellation_085,21046,ORACLE_HGB,0.00470387171142913
nonlinear_cancellation_085,21047,ZERO,0.1140152554793544
nonlinear_cancellation_085,21047,DIRECT_RIDGE,0.023799235781687415
nonlinear_cancellation_085,21047,RDFL_SOFT_LOGISTIC,0.029667068284176434
nonlinear_cancellation_085,21047,DIRECT_HGB,0.042542506201115236
nonlinear_cancellation_085,21047,RDFL_SOFT_HGB,0.07867282945824955
nonlinear_cancellation_085,21047,ORDINARY_SOFT_HGB,0.05835589629926538
nonlinear_cancellation_085,21047,ORACLE_HGB,0.004558451844372763
nonlinear_cancellation_085,21048,ZERO,0.10525208193251721
nonlinear_cancellation_085,21048,DIRECT_RIDGE,0.022954547800211177
nonlinear_cancellation_085,21048,RDFL_SOFT_LOGISTIC,0.02652064230179078
nonlinear_cancellation_085,21048,DIRECT_HGB,0.03907778985705034
nonlinear_cancellation_085,21048,RDFL_SOFT_HGB,0.06188772787715075
nonlinear_cancellation_085,21048,ORDINARY_SOFT_HGB,0.053061416765626174
nonlinear_cancellation_085,21048,ORACLE_HGB,0.005867052831206988
nonlinear_cancellation_085,21049,ZERO,0.11313771745710774
nonlinear_cancellation_085,21049,DIRECT_RIDGE,0.02484724277273681
nonlinear_cancellation_085,21049,RDFL_SOFT_LOGISTIC,0.02902518520655929
nonlinear_cancellation_085,21049,DIRECT_HGB,0.04342407816859855
nonlinear_cancellation_085,21049,RDFL_SOFT_HGB,0.08081463219097991
nonlinear_cancellation_085,21049,ORDINARY_SOFT_HGB,0.061705673767318496
nonlinear_cancellation_085,21049,ORACLE_HGB,0.00636013470776119
nonlinear_cancellation_085,21050,ZERO,0.10307305625357181
nonlinear_cancellation_085,21050,DIRECT_RIDGE,0.02400279468921588
nonlinear_cancellation_085,21050,RDFL_SOFT_LOGISTIC,0.028560971125787347
nonlinear_cancellation_085,21050,DIRECT_HGB,0.04317428338395109
nonlinear_cancellation_085,21050,RDFL_SOFT_HGB,0.07469373241214652
nonlinear_cancellation_085,21050,ORDINARY_SOFT_HGB,0.055884770828681596
nonlinear_cancellation_085,21050,ORACLE_HGB,0.005299051508660963
nonlinear_cancellation_085,21051,ZERO,0.11318779708994363
nonlinear_cancellation_085,21051,DIRECT_RIDGE,0.019924472369844043
nonlinear_cancellation_085,21051,RDFL_SOFT_LOGISTIC,0.026478827282602414
nonlinear_cancellation_085,21051,DIRECT_HGB,0.03572470387764587
nonlinear_cancellation_085,21051,RDFL_SOFT_HGB,0.06827575096290978
nonlinear_cancellation_085,21051,ORDINARY_SOFT_HGB,0.052108355837239696
nonlinear_cancellation_085,21051,ORACLE_HGB,0.005774673910728887
nonlinear_cancellation_085,21052,ZERO,0.11387735608113225
nonlinear_cancellation_085,21052,DIRECT_RIDGE,0.02159969596128516
nonlinear_cancellation_085,21052,RDFL_SOFT_LOGISTIC,0.024680648901411983
nonlinear_cancellation_085,21052,DIRECT_HGB,0.0360936812828063
nonlinear_cancellation_085,21052,RDFL_SOFT_HGB,0.05937417116277776
nonlinear_cancellation_085,21052,ORDINARY_SOFT_HGB,0.060004271736840004
nonlinear_cancellation_085,21052,ORACLE_HGB,0.0038505106445849095
nonlinear_cancellation_085,21053,ZERO,0.110124590935314
nonlinear_cancellation_085,21053,DIRECT_RIDGE,0.02015041825179375
nonlinear_cancellation_085,21053,RDFL_SOFT_LOGISTIC,0.02518840193574821
nonlinear_cancellation_085,21053,DIRECT_HGB,0.03968633339195629
nonlinear_cancellation_085,21053,RDFL_SOFT_HGB,0.07438067210609949
nonlinear_cancellation_085,21053,ORDINARY_SOFT_HGB,0.0566100828558209
nonlinear_cancellation_085,21053,ORACLE_HGB,0.0035439567306357733
nonlinear_cancellation_085,21054,ZERO,0.11744568538032889
nonlinear_cancellation_085,21054,DIRECT_RIDGE,0.022395035500685286
nonlinear_cancellation_085,21054,RDFL_SOFT_LOGISTIC,0.027736239531140877
nonlinear_cancellation_085,21054,DIRECT_HGB,0.04055211753468638
nonlinear_cancellation_085,21054,RDFL_SOFT_HGB,0.07402905904885336
nonlinear_cancellation_085,21054,ORDINARY_SOFT_HGB,0.0608097528402237
nonlinear_cancellation_085,21054,ORACLE_HGB,0.0048259425153774045
nonlinear_cancellation_085,21055,ZERO,0.11478526010324512
nonlinear_cancellation_085,21055,DIRECT_RIDGE,0.024399715332522436
nonlinear_cancellation_085,21055,RDFL_SOFT_LOGISTIC,0.030645060172908883
nonlinear_cancellation_085,21055,DIRECT_HGB,0.04816664893750544
nonlinear_cancellation_085,21055,RDFL_SOFT_HGB,0.08373585337391469
nonlinear_cancellation_085,21055,ORDINARY_SOFT_HGB,0.058092854674401145
nonlinear_cancellation_085,21055,ORACLE_HGB,0.005141846361676488
nonlinear_cancellation_085,21056,ZERO,0.11234723430587257
nonlinear_cancellation_085,21056,DIRECT_RIDGE,0.021000503166669328
nonlinear_cancellation_085,21056,RDFL_SOFT_LOGISTIC,0.026044484611850834
nonlinear_cancellation_085,21056,DIRECT_HGB,0.03778647230438647
nonlinear_cancellation_085,21056,RDFL_SOFT_HGB,0.06623782471935037
nonlinear_cancellation_085,21056,ORDINARY_SOFT_HGB,0.056939813037015494
nonlinear_cancellation_085,21056,ORACLE_HGB,0.005305184717327212
nonlinear_cancellation_085,21057,ZERO,0.11015346987995339
nonlinear_cancellation_085,21057,DIRECT_RIDGE,0.024099566803695894
nonlinear_cancellation_085,21057,RDFL_SOFT_LOGISTIC,0.027877376811261977
nonlinear_cancellation_085,21057,DIRECT_HGB,0.03867508838325809
nonlinear_cancellation_085,21057,RDFL_SOFT_HGB,0.07379491273710566
nonlinear_cancellation_085,21057,ORDINARY_SOFT_HGB,0.059723059995522215
nonlinear_cancellation_085,21057,ORACLE_HGB,0.004162380534380429
nonlinear_cancellation_085,21058,ZERO,0.10613700368174693
nonlinear_cancellation_085,21058,DIRECT_RIDGE,0.019046502790703832
nonlinear_cancellation_085,21058,RDFL_SOFT_LOGISTIC,0.022872234298759467
nonlinear_cancellation_085,21058,DIRECT_HGB,0.03772241947005469
nonlinear_cancellation_085,21058,RDFL_SOFT_HGB,0.07581138532895942
nonlinear_cancellation_085,21058,ORDINARY_SOFT_HGB,0.05224687937693505
nonlinear_cancellation_085,21058,ORACLE_HGB,0.0046510715929451805
nonlinear_cancellation_085,21059,ZERO,0.11581274234283588
nonlinear_cancellation_085,21059,DIRECT_RIDGE,0.021950974352026472
nonlinear_cancellation_085,21059,RDFL_SOFT_LOGISTIC,0.029844187557077694
nonlinear_cancellation_085,21059,DIRECT_HGB,0.03580187909425683
nonlinear_cancellation_085,21059,RDFL_SOFT_HGB,0.07276049541112845
nonlinear_cancellation_085,21059,ORDINARY_SOFT_HGB,0.05628122441401094
nonlinear_cancellation_085,21059,ORACLE_HGB,0.005064146657928981
nonlinear_cancellation_085,21060,ZERO,0.10810642532649722
nonlinear_cancellation_085,21060,DIRECT_RIDGE,0.021014639098273204
nonlinear_cancellation_085,21060,RDFL_SOFT_LOGISTIC,0.02737421779618
nonlinear_cancellation_085,21060,DIRECT_HGB,0.045515941918390326
nonlinear_cancellation_085,21060,RDFL_SOFT_HGB,0.0776894575762346
nonlinear_cancellation_085,21060,ORDINARY_SOFT_HGB,0.05475002698286071
nonlinear_cancellation_085,21060,ORACLE_HGB,0.004624083800175477
nonlinear_cancellation_085,21061,ZERO,0.11397112475600901
nonlinear_cancellation_085,21061,DIRECT_RIDGE,0.02508639617869503
nonlinear_cancellation_085,21061,RDFL_SOFT_LOGISTIC,0.029596991619060844
nonlinear_cancellation_085,21061,DIRECT_HGB,0.03620729774595159
nonlinear_cancellation_085,21061,RDFL_SOFT_HGB,0.06945834389960848
nonlinear_cancellation_085,21061,ORDINARY_SOFT_HGB,0.057323927926514716
nonlinear_cancellation_085,21061,ORACLE_HGB,0.005872094188562433
nonlinear_cancellation_085,21062,ZERO,0.11844383989616358
nonlinear_cancellation_085,21062,DIRECT_RIDGE,0.024556248717313173
nonlinear_cancellation_085,21062,RDFL_SOFT_LOGISTIC,0.03130080547110077
nonlinear_cancellation_085,21062,DIRECT_HGB,0.03721292689433038
nonlinear_cancellation_085,21062,RDFL_SOFT_HGB,0.06743767748937109
nonlinear_cancellation_085,21062,ORDINARY_SOFT_HGB,0.05954966046816926
nonlinear_cancellation_085,21062,ORACLE_HGB,0.004828329812764623
nonlinear_cancellation_085,21063,ZERO,0.10789119598413066
nonlinear_cancellation_085,21063,DIRECT_RIDGE,0.02490264749385124
nonlinear_cancellation_085,21063,RDFL_SOFT_LOGISTIC,0.03320907971558954
nonlinear_cancellation_085,21063,DIRECT_HGB,0.038535084388307335
nonlinear_cancellation_085,21063,RDFL_SOFT_HGB,0.07775516940070858
nonlinear_cancellation_085,21063,ORDINARY_SOFT_HGB,0.05628133380348662
nonlinear_cancellation_085,21063,ORACLE_HGB,0.0057026151353191746
nonlinear_cancellation_085,21064,ZERO,0.11531454031314214
nonlinear_cancellation_085,21064,DIRECT_RIDGE,0.025052774543489028
nonlinear_cancellation_085,21064,RDFL_SOFT_LOGISTIC,0.029006328914817428
nonlinear_cancellation_085,21064,DIRECT_HGB,0.0421657683259302
nonlinear_cancellation_085,21064,RDFL_SOFT_HGB,0.06914216389156035
nonlinear_cancellation_085,21064,ORDINARY_SOFT_HGB,0.061159190566026304
nonlinear_cancellation_085,21064,ORACLE_HGB,0.00568431411581413
nonlinear_cancellation_085,21065,ZERO,0.11149942881104262
nonlinear_cancellation_085,21065,DIRECT_RIDGE,0.02530208759527869
nonlinear_cancellation_085,21065,RDFL_SOFT_LOGISTIC,0.027136553890982882
nonlinear_cancellation_085,21065,DIRECT_HGB,0.03994770038593162
nonlinear_cancellation_085,21065,RDFL_SOFT_HGB,0.0725926654716108
nonlinear_cancellation_085,21065,ORDINARY_SOFT_HGB,0.057026729183646575
nonlinear_cancellation_085,21065,ORACLE_HGB,0.005595072242079443
nonlinear_cancellation_085,21066,ZERO,0.12299609925284244
nonlinear_cancellation_085,21066,DIRECT_RIDGE,0.02658487458989126
nonlinear_cancellation_085,21066,RDFL_SOFT_LOGISTIC,0.029246062632931533
nonlinear_cancellation_085,21066,DIRECT_HGB,0.041484356722079715
nonlinear_cancellation_085,21066,RDFL_SOFT_HGB,0.07141137293444223
nonlinear_cancellation_085,21066,ORDINARY_SOFT_HGB,0.0642606093796242
nonlinear_cancellation_085,21066,ORACLE_HGB,0.005671249763406431
nonlinear_cancellation_085,21067,ZERO,0.11141084164519494
nonlinear_cancellation_085,21067,DIRECT_RIDGE,0.02145730542174001
nonlinear_cancellation_085,21067,RDFL_SOFT_LOGISTIC,0.027469210249528954
nonlinear_cancellation_085,21067,DIRECT_HGB,0.04151583097652638
nonlinear_cancellation_085,21067,RDFL_SOFT_HGB,0.0706047123685509
nonlinear_cancellation_085,21067,ORDINARY_SOFT_HGB,0.05649439826468812
nonlinear_cancellation_085,21067,ORACLE_HGB,0.005647719922922057
nonlinear_cancellation_085,21068,ZERO,0.11875253936776213
nonlinear_cancellation_085,21068,DIRECT_RIDGE,0.02242568599320379
nonlinear_cancellation_085,21068,RDFL_SOFT_LOGISTIC,0.027382060044030987
nonlinear_cancellation_085,21068,DIRECT_HGB,0.04006246238049124
nonlinear_cancellation_085,21068,RDFL_SOFT_HGB,0.07314875542376052
nonlinear_cancellation_085,21068,ORDINARY_SOFT_HGB,0.057900484941722015
nonlinear_cancellation_085,21068,ORACLE_HGB,0.004981077816530528
nonlinear_cancellation_085,21069,ZERO,0.11472971663733515
nonlinear_cancellation_085,21069,DIRECT_RIDGE,0.02227211521304857
nonlinear_cancellation_085,21069,RDFL_SOFT_LOGISTIC,0.030333397572868546
nonlinear_cancellation_085,21069,DIRECT_HGB,0.03693886502190117
nonlinear_cancellation_085,21069,RDFL_SOFT_HGB,0.08281079195652244
nonlinear_cancellation_085,21069,ORDINARY_SOFT_HGB,0.05666510009490466
nonlinear_cancellation_085,21069,ORACLE_HGB,0.004630259227298654
nonlinear_cancellation_085,21070,ZERO,0.10976769418216184
nonlinear_cancellation_085,21070,DIRECT_RIDGE,0.022348249307395908
nonlinear_cancellation_085,21070,RDFL_SOFT_LOGISTIC,0.02685827018775021
nonlinear_cancellation_085,21070,DIRECT_HGB,0.03859076324101353
nonlinear_cancellation_085,21070,RDFL_SOFT_HGB,0.06330167874834733
nonlinear_cancellation_085,21070,ORDINARY_SOFT_HGB,0.05292791837228851
nonlinear_cancellation_085,21070,ORACLE_HGB,0.0058824610320111605
nonlinear_cancellation_085,21071,ZERO,0.10829745321634504
nonlinear_cancellation_085,21071,DIRECT_RIDGE,0.02319629151048099
nonlinear_cancellation_085,21071,RDFL_SOFT_LOGISTIC,0.029552870271600053
nonlinear_cancellation_085,21071,DIRECT_HGB,0.045088342029386254
nonlinear_cancellation_085,21071,RDFL_SOFT_HGB,0.07988385516152921
nonlinear_cancellation_085,21071,ORDINARY_SOFT_HGB,0.05533490610274415
nonlinear_cancellation_085,21071,ORACLE_HGB,0.004583647931473223
nonlinear_cancellation_085,21072,ZERO,0.11137474445795575
nonlinear_cancellation_085,21072,DIRECT_RIDGE,0.023623842325778518
nonlinear_cancellation_085,21072,RDFL_SOFT_LOGISTIC,0.027746831896931206
nonlinear_cancellation_085,21072,DIRECT_HGB,0.03818744537115743
nonlinear_cancellation_085,21072,RDFL_SOFT_HGB,0.0670689869390379
nonlinear_cancellation_085,21072,ORDINARY_SOFT_HGB,0.053794576568244386
nonlinear_cancellation_085,21072,ORACLE_HGB,0.005684234244551413
nonlinear_cancellation_085,21073,ZERO,0.11482761380961916
nonlinear_cancellation_085,21073,DIRECT_RIDGE,0.025015384034190322
nonlinear_cancellation_085,21073,RDFL_SOFT_LOGISTIC,0.03430990632917124
nonlinear_cancellation_085,21073,DIRECT_HGB,0.04676386211320198
nonlinear_cancellation_085,21073,RDFL_SOFT_HGB,0.08230401755431185
nonlinear_cancellation_085,21073,ORDINARY_SOFT_HGB,0.056419953238288564
nonlinear_cancellation_085,21073,ORACLE_HGB,0.005590867983126022
nonlinear_cancellation_085,21074,ZERO,0.11235265714413832
nonlinear_cancellation_085,21074,DIRECT_RIDGE,0.02169848371199084
nonlinear_cancellation_085,21074,RDFL_SOFT_LOGISTIC,0.024256173730798778
nonlinear_cancellation_085,21074,DIRECT_HGB,0.03538685301698656
nonlinear_cancellation_085,21074,RDFL_SOFT_HGB,0.06512193265898265
nonlinear_cancellation_085,21074,ORDINARY_SOFT_HGB,0.055817849860376516
nonlinear_cancellation_085,21074,ORACLE_HGB,0.005492135849812954
nonlinear_cancellation_085,21075,ZERO,0.11340223031929042
nonlinear_cancellation_085,21075,DIRECT_RIDGE,0.022833530341665995
nonlinear_cancellation_085,21075,RDFL_SOFT_LOGISTIC,0.03143310073159125
nonlinear_cancellation_085,21075,DIRECT_HGB,0.03512322919898674
nonlinear_cancellation_085,21075,RDFL_SOFT_HGB,0.070778058116906
nonlinear_cancellation_085,21075,ORDINARY_SOFT_HGB,0.05382538367175155
nonlinear_cancellation_085,21075,ORACLE_HGB,0.0043307789383930624
nonlinear_cancellation_085,21076,ZERO,0.12622750283004752
nonlinear_cancellation_085,21076,DIRECT_RIDGE,0.023435702777450416
nonlinear_cancellation_085,21076,RDFL_SOFT_LOGISTIC,0.029008652167988126
nonlinear_cancellation_085,21076,DIRECT_HGB,0.03790004071114984
nonlinear_cancellation_085,21076,RDFL_SOFT_HGB,0.06990298411856899
nonlinear_cancellation_085,21076,ORDINARY_SOFT_HGB,0.06470133971454134
nonlinear_cancellation_085,21076,ORACLE_HGB,0.0049713618670566275
nonlinear_cancellation_085,21077,ZERO,0.10634773394989676
nonlinear_cancellation_085,21077,DIRECT_RIDGE,0.02384405213339811
nonlinear_cancellation_085,21077,RDFL_SOFT_LOGISTIC,0.02650857959775052
nonlinear_cancellation_085,21077,DIRECT_HGB,0.035154005449168246
nonlinear_cancellation_085,21077,RDFL_SOFT_HGB,0.06688349117348182
nonlinear_cancellation_085,21077,ORDINARY_SOFT_HGB,0.05023292395647907
nonlinear_cancellation_085,21077,ORACLE_HGB,0.005319114119824566
nonlinear_cancellation_085,21078,ZERO,0.10309231513252977
nonlinear_cancellation_085,21078,DIRECT_RIDGE,0.024282360446253055
nonlinear_cancellation_085,21078,RDFL_SOFT_LOGISTIC,0.03178737603567488
nonlinear_cancellation_085,21078,DIRECT_HGB,0.039153500387005345
nonlinear_cancellation_085,21078,RDFL_SOFT_HGB,0.07431077703999268
nonlinear_cancellation_085,21078,ORDINARY_SOFT_HGB,0.05025114378427881
nonlinear_cancellation_085,21078,ORACLE_HGB,0.004976200894733134
nonlinear_cancellation_085,21079,ZERO,0.10875235809151623
nonlinear_cancellation_085,21079,DIRECT_RIDGE,0.022177055150479085
nonlinear_cancellation_085,21079,RDFL_SOFT_LOGISTIC,0.026401008761580164
nonlinear_cancellation_085,21079,DIRECT_HGB,0.03442661851898911
nonlinear_cancellation_085,21079,RDFL_SOFT_HGB,0.06610428748016238
nonlinear_cancellation_085,21079,ORDINARY_SOFT_HGB,0.055778668532977256
nonlinear_cancellation_085,21079,ORACLE_HGB,0.006922383054979841
nonlinear_cancellation_085,21080,ZERO,0.11362466215230548
nonlinear_cancellation_085,21080,DIRECT_RIDGE,0.021984336401374985
nonlinear_cancellation_085,21080,RDFL_SOFT_LOGISTIC,0.027762860451415912
nonlinear_cancellation_085,21080,DIRECT_HGB,0.037852693470941064
nonlinear_cancellation_085,21080,RDFL_SOFT_HGB,0.06876766029689034
nonlinear_cancellation_085,21080,ORDINARY_SOFT_HGB,0.05752752291482563
nonlinear_cancellation_085,21080,ORACLE_HGB,0.005071199855785618
nonlinear_cancellation_085,21081,ZERO,0.11111269338073565
nonlinear_cancellation_085,21081,DIRECT_RIDGE,0.02481170959581147
nonlinear_cancellation_085,21081,RDFL_SOFT_LOGISTIC,0.02856222013566025
nonlinear_cancellation_085,21081,DIRECT_HGB,0.038554825791739286
nonlinear_cancellation_085,21081,RDFL_SOFT_HGB,0.06729774770500502
nonlinear_cancellation_085,21081,ORDINARY_SOFT_HGB,0.05527915912734116
nonlinear_cancellation_085,21081,ORACLE_HGB,0.0055516637183116065
nonlinear_cancellation_085,21082,ZERO,0.11288501760646819
nonlinear_cancellation_085,21082,DIRECT_RIDGE,0.021056809421049674
nonlinear_cancellation_085,21082,RDFL_SOFT_LOGISTIC,0.026585946330608165
nonlinear_cancellation_085,21082,DIRECT_HGB,0.04203482942580005
nonlinear_cancellation_085,21082,RDFL_SOFT_HGB,0.06609937907400562
nonlinear_cancellation_085,21082,ORDINARY_SOFT_HGB,0.05955330588082972
nonlinear_cancellation_085,21082,ORACLE_HGB,0.004715003117096366
nonlinear_cancellation_085,21083,ZERO,0.1060952148173219
nonlinear_cancellation_085,21083,DIRECT_RIDGE,0.021147242730721168
nonlinear_cancellation_085,21083,RDFL_SOFT_LOGISTIC,0.025198824391342745
nonlinear_cancellation_085,21083,DIRECT_HGB,0.03948521619240812
nonlinear_cancellation_085,21083,RDFL_SOFT_HGB,0.07088972085679282
nonlinear_cancellation_085,21083,ORDINARY_SOFT_HGB,0.051028692783843206
nonlinear_cancellation_085,21083,ORACLE_HGB,0.005135527265647163
nonlinear_cancellation_085,21084,ZERO,0.1131680700309614
nonlinear_cancellation_085,21084,DIRECT_RIDGE,0.022699830980121377
nonlinear_cancellation_085,21084,RDFL_SOFT_LOGISTIC,0.0275946374337219
nonlinear_cancellation_085,21084,DIRECT_HGB,0.04004834899449165
nonlinear_cancellation_085,21084,RDFL_SOFT_HGB,0.0760157217539689
nonlinear_cancellation_085,21084,ORDINARY_SOFT_HGB,0.05151117819951796
nonlinear_cancellation_085,21084,ORACLE_HGB,0.004088941984992441
nonlinear_cancellation_085,21085,ZERO,0.10983340058947613
nonlinear_cancellation_085,21085,DIRECT_RIDGE,0.02396262628328932
nonlinear_cancellation_085,21085,RDFL_SOFT_LOGISTIC,0.0308251897677358
nonlinear_cancellation_085,21085,DIRECT_HGB,0.043811826691142274
nonlinear_cancellation_085,21085,RDFL_SOFT_HGB,0.07666135327432554
nonlinear_cancellation_085,21085,ORDINARY_SOFT_HGB,0.055552997010735024
nonlinear_cancellation_085,21085,ORACLE_HGB,0.005125287743693524
nonlinear_cancellation_085,21086,ZERO,0.11296138488503066
nonlinear_cancellation_085,21086,DIRECT_RIDGE,0.024352448459720625
nonlinear_cancellation_085,21086,RDFL_SOFT_LOGISTIC,0.03399725556534508
nonlinear_cancellation_085,21086,DIRECT_HGB,0.03855810481613346
nonlinear_cancellation_085,21086,RDFL_SOFT_HGB,0.07466341788841918
nonlinear_cancellation_085,21086,ORDINARY_SOFT_HGB,0.053858638371542276
nonlinear_cancellation_085,21086,ORACLE_HGB,0.004722254178124022
nonlinear_cancellation_085,21087,ZERO,0.10859221257040431
nonlinear_cancellation_085,21087,DIRECT_RIDGE,0.025495019213921808
nonlinear_cancellation_085,21087,RDFL_SOFT_LOGISTIC,0.027736240354473623
nonlinear_cancellation_085,21087,DIRECT_HGB,0.03824750241053003
nonlinear_cancellation_085,21087,RDFL_SOFT_HGB,0.07069698243514731
nonlinear_cancellation_085,21087,ORDINARY_SOFT_HGB,0.061053439208028464
nonlinear_cancellation_085,21087,ORACLE_HGB,0.00473522042187684
nonlinear_cancellation_085,21088,ZERO,0.11405904810911302
nonlinear_cancellation_085,21088,DIRECT_RIDGE,0.024915130499772366
nonlinear_cancellation_085,21088,RDFL_SOFT_LOGISTIC,0.03462139809995525
nonlinear_cancellation_085,21088,DIRECT_HGB,0.039851151271561275
nonlinear_cancellation_085,21088,RDFL_SOFT_HGB,0.07956740075140842
nonlinear_cancellation_085,21088,ORDINARY_SOFT_HGB,0.05289779123310261
nonlinear_cancellation_085,21088,ORACLE_HGB,0.005506018546779644
nonlinear_cancellation_085,21089,ZERO,0.11343625831328306
nonlinear_cancellation_085,21089,DIRECT_RIDGE,0.025530230470776898
nonlinear_cancellation_085,21089,RDFL_SOFT_LOGISTIC,0.029086969719209696
nonlinear_cancellation_085,21089,DIRECT_HGB,0.04224675372000389
nonlinear_cancellation_085,21089,RDFL_SOFT_HGB,0.06615946578143167
nonlinear_cancellation_085,21089,ORDINARY_SOFT_HGB,0.06014346396029102
nonlinear_cancellation_085,21089,ORACLE_HGB,0.005443396155430506
nonlinear_cancellation_085,21090,ZERO,0.10850424505733433
nonlinear_cancellation_085,21090,DIRECT_RIDGE,0.02423699016895543
nonlinear_cancellation_085,21090,RDFL_SOFT_LOGISTIC,0.030168467065079706
nonlinear_cancellation_085,21090,DIRECT_HGB,0.03982386401178334
nonlinear_cancellation_085,21090,RDFL_SOFT_HGB,0.06660872964505295
nonlinear_cancellation_085,21090,ORDINARY_SOFT_HGB,0.05334489914143762
nonlinear_cancellation_085,21090,ORACLE_HGB,0.004168223315573061
nonlinear_cancellation_085,21091,ZERO,0.11557439262579045
nonlinear_cancellation_085,21091,DIRECT_RIDGE,0.023132757253963333
nonlinear_cancellation_085,21091,RDFL_SOFT_LOGISTIC,0.02921318284610989
nonlinear_cancellation_085,21091,DIRECT_HGB,0.04311604761243655
nonlinear_cancellation_085,21091,RDFL_SOFT_HGB,0.06872047362373546
nonlinear_cancellation_085,21091,ORDINARY_SOFT_HGB,0.058104396161188655
nonlinear_cancellation_085,21091,ORACLE_HGB,0.00550873201121829
nonlinear_cancellation_085,21092,ZERO,0.11153423954615786
nonlinear_cancellation_085,21092,DIRECT_RIDGE,0.02417997107938751
nonlinear_cancellation_085,21092,RDFL_SOFT_LOGISTIC,0.028663182267830222
nonlinear_cancellation_085,21092,DIRECT_HGB,0.037215219488943345
nonlinear_cancellation_085,21092,RDFL_SOFT_HGB,0.07386333937315254
nonlinear_cancellation_085,21092,ORDINARY_SOFT_HGB,0.05446108476184887
nonlinear_cancellation_085,21092,ORACLE_HGB,0.005317413695082943
nonlinear_cancellation_085,21093,ZERO,0.11100378878773176
nonlinear_cancellation_085,21093,DIRECT_RIDGE,0.02716995883685919
nonlinear_cancellation_085,21093,RDFL_SOFT_LOGISTIC,0.031709194371696364
nonlinear_cancellation_085,21093,DIRECT_HGB,0.04782989867449896
nonlinear_cancellation_085,21093,RDFL_SOFT_HGB,0.08666836038061328
nonlinear_cancellation_085,21093,ORDINARY_SOFT_HGB,0.059407411689866525
nonlinear_cancellation_085,21093,ORACLE_HGB,0.0052307406263463994
nonlinear_cancellation_085,21094,ZERO,0.10596483652291942
nonlinear_cancellation_085,21094,DIRECT_RIDGE,0.021489842994895317
nonlinear_cancellation_085,21094,RDFL_SOFT_LOGISTIC,0.02543430290100084
nonlinear_cancellation_085,21094,DIRECT_HGB,0.035552568411200546
nonlinear_cancellation_085,21094,RDFL_SOFT_HGB,0.06652160539115913
nonlinear_cancellation_085,21094,ORDINARY_SOFT_HGB,0.0535550366281627
nonlinear_cancellation_085,21094,ORACLE_HGB,0.004318951549455822
nonlinear_cancellation_085,21095,ZERO,0.10693885995401965
nonlinear_cancellation_085,21095,DIRECT_RIDGE,0.022926586124118478
nonlinear_cancellation_085,21095,RDFL_SOFT_LOGISTIC,0.028034151525655405
nonlinear_cancellation_085,21095,DIRECT_HGB,0.03722470399275211
nonlinear_cancellation_085,21095,RDFL_SOFT_HGB,0.06752109959361656
nonlinear_cancellation_085,21095,ORDINARY_SOFT_HGB,0.055443155587074223
nonlinear_cancellation_085,21095,ORACLE_HGB,0.004398639702985313
nonlinear_cancellation_085,21096,ZERO,0.1177502994403455
nonlinear_cancellation_085,21096,DIRECT_RIDGE,0.021834335073994144
nonlinear_cancellation_085,21096,RDFL_SOFT_LOGISTIC,0.0281672793980315
nonlinear_cancellation_085,21096,DIRECT_HGB,0.04162174258967205
nonlinear_cancellation_085,21096,RDFL_SOFT_HGB,0.07239050155544079
nonlinear_cancellation_085,21096,ORDINARY_SOFT_HGB,0.062328573238060715
nonlinear_cancellation_085,21096,ORACLE_HGB,0.0045971379993471
nonlinear_cancellation_085,21097,ZERO,0.1107110707423493
nonlinear_cancellation_085,21097,DIRECT_RIDGE,0.02319228757735505
nonlinear_cancellation_085,21097,RDFL_SOFT_LOGISTIC,0.027278353925222352
nonlinear_cancellation_085,21097,DIRECT_HGB,0.03369956017928985
nonlinear_cancellation_085,21097,RDFL_SOFT_HGB,0.06909589575813274
nonlinear_cancellation_085,21097,ORDINARY_SOFT_HGB,0.05723823533284032
nonlinear_cancellation_085,21097,ORACLE_HGB,0.004880074276121291
nonlinear_cancellation_085,21098,ZERO,0.11415241061630352
nonlinear_cancellation_085,21098,DIRECT_RIDGE,0.021179892906398424
nonlinear_cancellation_085,21098,RDFL_SOFT_LOGISTIC,0.025964983948319757
nonlinear_cancellation_085,21098,DIRECT_HGB,0.03678196974940738
nonlinear_cancellation_085,21098,RDFL_SOFT_HGB,0.07253145677878754
nonlinear_cancellation_085,21098,ORDINARY_SOFT_HGB,0.052657654867810676
nonlinear_cancellation_085,21098,ORACLE_HGB,0.004591447922721157
nonlinear_cancellation_085,21099,ZERO,0.10704796529465994
nonlinear_cancellation_085,21099,DIRECT_RIDGE,0.02357911884775934
nonlinear_cancellation_085,21099,RDFL_SOFT_LOGISTIC,0.025067417239142867
nonlinear_cancellation_085,21099,DIRECT_HGB,0.03993615334563903
nonlinear_cancellation_085,21099,RDFL_SOFT_HGB,0.07181368330686957
nonlinear_cancellation_085,21099,ORDINARY_SOFT_HGB,0.053859998069577725
nonlinear_cancellation_085,21099,ORACLE_HGB,0.004854598014528305
nonlinear_cancellation_085,21100,ZERO,0.11448429528058403
nonlinear_cancellation_085,21100,DIRECT_RIDGE,0.022013547329277464
nonlinear_cancellation_085,21100,RDFL_SOFT_LOGISTIC,0.02651617446230053
nonlinear_cancellation_085,21100,DIRECT_HGB,0.039703879817210325
nonlinear_cancellation_085,21100,RDFL_SOFT_HGB,0.07500493374027818
nonlinear_cancellation_085,21100,ORDINARY_SOFT_HGB,0.059165949349798234
nonlinear_cancellation_085,21100,ORACLE_HGB,0.005286208185497264
