dataset,competitor,block_length,true_relative_effect,power
purged_pilot,ZERO,20,0.001,0.050125547175469506
purged_pilot,ZERO,20,0.002,0.05050230425121875
purged_pilot,ZERO,20,0.003,0.05113061657175853
purged_pilot,ZERO,20,0.004,0.05201105537368757
purged_pilot,ZERO,20,0.005,0.05314441130536871
purged_pilot,ZERO,20,0.006,0.054531685406494314
purged_pilot,ZERO,20,0.007,0.05617407759934342
purged_pilot,ZERO,20,0.008,0.05807297275802598
purged_pilot,ZERO,20,0.009,0.06022992443626372
purged_pilot,ZERO,20,0.01,0.06264663634822232
purged_pilot,ZERO,20,0.011,0.06532494171052348
purged_pilot,ZERO,20,0.012,0.06826678056676999
purged_pilot,ZERO,20,0.013,0.07147417522864853
purged_pilot,ZERO,20,0.014,0.07494920397987158
purged_pilot,ZERO,20,0.015,0.07869397320080959
purged_pilot,ZERO,20,0.016,0.08271058808258464
purged_pilot,ZERO,20,0.017,0.08700112210957374
purged_pilot,ZERO,20,0.018,0.09156758549863173
purged_pilot,ZERO,20,0.019,0.09641189279182322
purged_pilot,ZERO,20,0.02,0.10153582980697148
purged_pilot,ZERO,20,0.021,0.1069410201568283
purged_pilot,ZERO,20,0.022,0.11262889155306088
purged_pilot,ZERO,20,0.023,0.11860064211548953
purged_pilot,ZERO,20,0.024,0.12485720691001694
purged_pilot,ZERO,20,0.025,0.13139922494041206
purged_pilot,ZERO,20,0.026,0.13822700681950442
purged_pilot,ZERO,20,0.027,0.14534050334435025
purged_pilot,ZERO,20,0.028,0.15273927519751995
purged_pilot,ZERO,20,0.029,0.16042246399279927
purged_pilot,ZERO,20,0.03,0.16838876487826993
purged_pilot,ZERO,20,0.031,0.17663640090293206
purged_pilot,ZERO,20,0.032,0.1851630993447578
purged_pilot,ZERO,20,0.033,0.1939660701883348
purged_pilot,ZERO,20,0.034,0.20304198692909423
purged_pilot,ZERO,20,0.035,0.2123869698685697
purged_pilot,ZERO,20,0.036,0.22199657205124879
purged_pilot,ZERO,20,0.037,0.2318657679784275
purged_pilot,ZERO,20,0.038,0.2419889452181425
purged_pilot,ZERO,20,0.039,0.25235989901283196
purged_pilot,ZERO,20,0.04,0.262971829967964
purged_pilot,ZERO,20,0.041,0.273817344885603
purged_pilot,ZERO,20,0.042,0.28488846078687774
purged_pilot,ZERO,20,0.043,0.29617661214672375
purged_pilot,ZERO,20,0.044,0.30767266134323473
purged_pilot,ZERO,20,0.045,0.31936691230264347
purged_pilot,ZERO,20,0.046,0.3312491272995222
purged_pilot,ZERO,20,0.047,0.34330854685041184
purged_pilot,ZERO,20,0.048,0.3555339126179425
purged_pilot,ZERO,20,0.049,0.36791349322175554
purged_pilot,ZERO,20,0.05,0.3804351128323719
purged_pilot,ZERO,20,0.051,0.393086182404724
purged_pilot,ZERO,20,0.052,0.40585373338956826
purged_pilot,ZERO,20,0.053,0.41872445374356754
purged_pilot,ZERO,20,0.054,0.431684726042644
purged_pilot,ZERO,20,0.055,0.44472066748838873
purged_pilot,ZERO,20,0.056,0.45781817158401505
purged_pilot,ZERO,20,0.057,0.47096295124467297
purged_pilot,ZERO,20,0.058,0.48414058309701424
purged_pilot,ZERO,20,0.059,0.49733655271479477
purged_pilot,ZERO,20,0.06,0.5105363005311032
purged_pilot,ZERO,20,0.061,0.5237252681635644
purged_pilot,ZERO,20,0.062,0.5368889448866213
purged_pilot,ZERO,20,0.063,0.5500129139847695
purged_pilot,ZERO,20,0.064,0.5630828987224016
purged_pilot,ZERO,20,0.065,0.5760848076696954
purged_pilot,ZERO,20,0.066,0.5890047791297147
purged_pilot,ZERO,20,0.067,0.6018292244195164
purged_pilot,ZERO,20,0.068,0.6145448697675149
purged_pilot,ZERO,20,0.069,0.6271387966005314
purged_pilot,ZERO,20,0.07,0.6395984800067558
purged_pilot,ZERO,20,0.071,0.6519118251751489
purged_pilot,ZERO,20,0.072,0.6640672016274697
purged_pilot,ZERO,20,0.073,0.6760534750759734
purged_pilot,ZERO,20,0.074,0.6878600367577554
purged_pilot,ZERO,20,0.075,0.6994768301155095
purged_pilot,ZERO,20,0.076,0.7108943747139866
purged_pilot,ZERO,20,0.077,0.7221037873014848
purged_pilot,ZERO,20,0.078,0.7330967999460963
purged_pilot,ZERO,20,0.079,0.7438657751970007
purged_pilot,ZERO,20,0.08,0.7544037182416528
purged_pilot,ZERO,20,0.081,0.7647042860500725
purged_pilot,ZERO,20,0.082,0.7747617935174617
purged_pilot,ZERO,20,0.083,0.7845712166358458
purged_pilot,ZERO,20,0.084,0.7941281927442515
purged_pilot,ZERO,20,0.085,0.8034290179249026
purged_pilot,ZERO,20,0.086,0.8124706416299363
purged_pilot,ZERO,20,0.087,0.8212506586390736
purged_pilot,ZERO,20,0.088,0.8297672984634202
purged_pilot,ZERO,20,0.089,0.8380194123240279
purged_pilot,ZERO,20,0.09,0.8460064578459385
purged_pilot,ZERO,20,0.091,0.8537284816190924
purged_pilot,ZERO,20,0.092,0.8611860997866619
purged_pilot,ZERO,20,0.093,0.8683804768290544
purged_pilot,ZERO,20,0.094,0.8753133027179639
purged_pilot,ZERO,20,0.095,0.8819867686194782
purged_pilot,ZERO,20,0.096,0.8884035413283476
purged_pilot,ZERO,20,0.097,0.8945667366171394
purged_pilot,ZERO,20,0.098,0.9004798916841725
purged_pilot,ZERO,20,0.099,0.9061469368829017
purged_pilot,ZERO,20,0.1,0.9115721669128681
purged_pilot,DIRECT_HUBER,20,0.001,0.0501116719516069
purged_pilot,DIRECT_HUBER,20,0.002,0.05044677924710713
purged_pilot,DIRECT_HUBER,20,0.003,0.05100559529103961
purged_pilot,DIRECT_HUBER,20,0.004,0.051788572703968666
purged_pilot,DIRECT_HUBER,20,0.005,0.05279633875829721
purged_pilot,DIRECT_HUBER,20,0.006,0.05402968902098196
purged_pilot,DIRECT_HUBER,20,0.007,0.05548957923560771
purged_pilot,DIRECT_HUBER,20,0.008,0.05717711548537907
purged_pilot,DIRECT_HUBER,20,0.009,0.0590935426875586
purged_pilot,DIRECT_HUBER,20,0.01,0.06124023147868966
purged_pilot,DIRECT_HUBER,20,0.011,0.06361866355855604
purged_pilot,DIRECT_HUBER,20,0.012,0.06623041556922235
purged_pilot,DIRECT_HUBER,20,0.013,0.06907714159362227
purged_pilot,DIRECT_HUBER,20,0.014,0.07216055436599889
purged_pilot,DIRECT_HUBER,20,0.015,0.07548240529399594
purged_pilot,DIRECT_HUBER,20,0.016,0.07904446339932947
purged_pilot,DIRECT_HUBER,20,0.017,0.0828484932906899
purged_pilot,DIRECT_HUBER,20,0.018,0.08689623228879513
purged_pilot,DIRECT_HUBER,20,0.019,0.0911893668293
purged_pilot,DIRECT_HUBER,20,0.02,0.0957295082745239
purged_pilot,DIRECT_HUBER,20,0.021,0.10051816826964778
purged_pilot,DIRECT_HUBER,20,0.022,0.10555673378311188
purged_pilot,DIRECT_HUBER,20,0.023,0.11084644197438367
purged_pilot,DIRECT_HUBER,20,0.024,0.11638835503501968
purged_pilot,DIRECT_HUBER,20,0.025,0.1221833351509792
purged_pilot,DIRECT_HUBER,20,0.026,0.12823201973543683
purged_pilot,DIRECT_HUBER,20,0.027,0.13453479708184296
purged_pilot,DIRECT_HUBER,20,0.028,0.14109178258668328
purged_pilot,DIRECT_HUBER,20,0.029,0.14790279569025302
purged_pilot,DIRECT_HUBER,20,0.03,0.1549673376817862
purged_pilot,DIRECT_HUBER,20,0.031,0.16228457051243553
purged_pilot,DIRECT_HUBER,20,0.032,0.16985329675589142
purged_pilot,DIRECT_HUBER,20,0.033,0.17767194085184582
purged_pilot,DIRECT_HUBER,20,0.034,0.18573853176205501
purged_pilot,DIRECT_HUBER,20,0.035,0.1940506871624535
purged_pilot,DIRECT_HUBER,20,0.036,0.20260559928761904
purged_pilot,DIRECT_HUBER,20,0.037,0.21140002253593213
purged_pilot,DIRECT_HUBER,20,0.038,0.2204302629350207
purged_pilot,DIRECT_HUBER,20,0.039,0.22969216955759156
purged_pilot,DIRECT_HUBER,20,0.04,0.23918112796755572
purged_pilot,DIRECT_HUBER,20,0.041,0.24889205576550882
purged_pilot,DIRECT_HUBER,20,0.042,0.25881940029119965
purged_pilot,DIRECT_HUBER,20,0.043,0.26895713852866276
purged_pilot,DIRECT_HUBER,20,0.044,0.2792987792472829
purged_pilot,DIRECT_HUBER,20,0.045,0.28983736739927557
purged_pilot,DIRECT_HUBER,20,0.046,0.30056549078099587
purged_pilot,DIRECT_HUBER,20,0.047,0.3114752889522018
purged_pilot,DIRECT_HUBER,20,0.048,0.3225584643940059
purged_pilot,DIRECT_HUBER,20,0.049,0.3338062958728291
purged_pilot,DIRECT_HUBER,20,0.05,0.34520965396432557
purged_pilot,DIRECT_HUBER,20,0.051,0.35675901867807447
purged_pilot,DIRECT_HUBER,20,0.052,0.36844449911093213
purged_pilot,DIRECT_HUBER,20,0.053,0.38025585504439113
purged_pilot,DIRECT_HUBER,20,0.054,0.39218252038922474
purged_pilot,DIRECT_HUBER,20,0.055,0.40421362836915975
purged_pilot,DIRECT_HUBER,20,0.056,0.41633803832444893
purged_pilot,DIRECT_HUBER,20,0.057,0.428544364006059
purged_pilot,DIRECT_HUBER,20,0.058,0.44082100322185214
purged_pilot,DIRECT_HUBER,20,0.059,0.4531561686876862
purged_pilot,DIRECT_HUBER,20,0.06,0.46553791992885396
purged_pilot,DIRECT_HUBER,20,0.061,0.4779541960707989
purged_pilot,DIRECT_HUBER,20,0.062,0.4903928493526242
purged_pilot,DIRECT_HUBER,20,0.063,0.5028416791925997
purged_pilot,DIRECT_HUBER,20,0.064,0.5152884666317101
purged_pilot,DIRECT_HUBER,20,0.065,0.5277210089792913
purged_pilot,DIRECT_HUBER,20,0.066,0.540127154483996
purged_pilot,DIRECT_HUBER,20,0.067,0.5524948368537085
purged_pilot,DIRECT_HUBER,20,0.068,0.564812109449602
purged_pilot,DIRECT_HUBER,20,0.069,0.5770671789822657
purged_pilot,DIRECT_HUBER,20,0.07,0.5892484385417227
purged_pilot,DIRECT_HUBER,20,0.071,0.6013444997981499
purged_pilot,DIRECT_HUBER,20,0.072,0.6133442242161825
purged_pilot,DIRECT_HUBER,20,0.073,0.6252367531327643
purged_pilot,DIRECT_HUBER,20,0.074,0.637011536556538
purged_pilot,DIRECT_HUBER,20,0.075,0.6486583605556929
purged_pilot,DIRECT_HUBER,20,0.076,0.6601673731109098
purged_pilot,DIRECT_HUBER,20,0.077,0.6715291083204992
purged_pilot,DIRECT_HUBER,20,0.078,0.6827345088559227
purged_pilot,DIRECT_HUBER,20,0.079,0.6937749465775203
purged_pilot,DIRECT_HUBER,20,0.08,0.7046422412323582
purged_pilot,DIRECT_HUBER,20,0.081,0.715328677168551
purged_pilot,DIRECT_HUBER,20,0.082,0.7258270180130979
purged_pilot,DIRECT_HUBER,20,0.083,0.7361305192731157
purged_pilot,DIRECT_HUBER,20,0.084,0.7462329388332387
purged_pilot,DIRECT_HUBER,20,0.085,0.7561285453347936
purged_pilot,DIRECT_HUBER,20,0.086,0.7658121244350437
purged_pilot,DIRECT_HUBER,20,0.087,0.7752789829572498
purged_pilot,DIRECT_HUBER,20,0.088,0.7845249509544016
purged_pilot,DIRECT_HUBER,20,0.089,0.7935463817211726
purged_pilot,DIRECT_HUBER,20,0.09,0.8023401497998458
purged_pilot,DIRECT_HUBER,20,0.091,0.8109036470365781
purged_pilot,DIRECT_HUBER,20,0.092,0.81923477675435
purged_pilot,DIRECT_HUBER,20,0.093,0.8273319461182284
purged_pilot,DIRECT_HUBER,20,0.094,0.835194056777091
purged_pilot,DIRECT_HUBER,20,0.095,0.8428204938736834
purged_pilot,DIRECT_HUBER,20,0.096,0.8502111135217646
purged_pilot,DIRECT_HUBER,20,0.097,0.85736622885512
purged_pilot,DIRECT_HUBER,20,0.098,0.8642865947583471
purged_pilot,DIRECT_HUBER,20,0.099,0.8709733913935601
purged_pilot,DIRECT_HUBER,20,0.1,0.8774282066404827
purged_pilot,ORDINARY_SOFT,20,0.001,0.050170732528283864
purged_pilot,ORDINARY_SOFT,20,0.002,0.05068314364763532
purged_pilot,ORDINARY_SOFT,20,0.003,0.051537870685256906
purged_pilot,ORDINARY_SOFT,20,0.004,0.05273596495763352
purged_pilot,ORDINARY_SOFT,20,0.005,0.054278875516287094
purged_pilot,ORDINARY_SOFT,20,0.006,0.05616842656947015
purged_pilot,ORDINARY_SOFT,20,0.007,0.05840678875643356
purged_pilot,ORDINARY_SOFT,20,0.008,0.06099644449991837
purged_pilot,ORDINARY_SOFT,20,0.009,0.06394014771043868
purged_pilot,ORDINARY_SOFT,20,0.01,0.06724087816245466
purged_pilot,ORDINARY_SOFT,20,0.011,0.07090179090741872
purged_pilot,ORDINARY_SOFT,20,0.012,0.0749261611316111
purged_pilot,ORDINARY_SOFT,20,0.013,0.07931732490736308
purged_pilot,ORDINARY_SOFT,20,0.014,0.08407861632438521
purged_pilot,ORDINARY_SOFT,20,0.015,0.08921330152314214
purged_pilot,ORDINARY_SOFT,20,0.016,0.09472451018422731
purged_pilot,ORDINARY_SOFT,20,0.017,0.10061516505614308
purged_pilot,ORDINARY_SOFT,20,0.018,0.10688791012846474
purged_pilot,ORDINARY_SOFT,20,0.019,0.11354503807772588
purged_pilot,ORDINARY_SOFT,20,0.02,0.12058841762919768
purged_pilot,ORDINARY_SOFT,20,0.021,0.1280194214887521
purged_pilot,ORDINARY_SOFT,20,0.022,0.1358388555049132
purged_pilot,ORDINARY_SOFT,20,0.023,0.14404688972178784
purged_pilot,ORDINARY_SOFT,20,0.024,0.15264299197860273
purged_pilot,ORDINARY_SOFT,20,0.025,0.1616258647009116
purged_pilot,ORDINARY_SOFT,20,0.026,0.17099338551205193
purged_pilot,ORDINARY_SOFT,20,0.027,0.18074255227107552
purged_pilot,ORDINARY_SOFT,20,0.028,0.19086943311515062
purged_pilot,ORDINARY_SOFT,20,0.029,0.2013691220504086
purged_pilot,ORDINARY_SOFT,20,0.03,0.2122357005955246
purged_pilot,ORDINARY_SOFT,20,0.031,0.22346220593718433
purged_pilot,ORDINARY_SOFT,20,0.032,0.235040606006291
purged_pilot,ORDINARY_SOFT,20,0.033,0.24696178182865355
purged_pilot,ORDINARY_SOFT,20,0.034,0.25921551744441
purged_pilot,ORDINARY_SOFT,20,0.035,0.27179049762706486
purged_pilot,ORDINARY_SOFT,20,0.036,0.2846743135663282
purged_pilot,ORDINARY_SOFT,20,0.037,0.29785347660956396
purged_pilot,ORDINARY_SOFT,20,0.038,0.3113134400852487
purged_pilot,ORDINARY_SOFT,20,0.039,0.32503862915915893
purged_pilot,ORDINARY_SOFT,20,0.04,0.33901247860078254
purged_pilot,ORDINARY_SOFT,20,0.041,0.35321747826449157
purged_pilot,ORDINARY_SOFT,20,0.042,0.36763522601812837
purged_pilot,ORDINARY_SOFT,20,0.043,0.38224648778164344
purged_pilot,ORDINARY_SOFT,20,0.044,0.39703126427110313
purged_pilot,ORDINARY_SOFT,20,0.045,0.41196886397953686
purged_pilot,ORDINARY_SOFT,20,0.046,0.42703798186648173
purged_pilot,ORDINARY_SOFT,20,0.047,0.4422167831734201
purged_pilot,ORDINARY_SOFT,20,0.048,0.45748299173325896
purged_pilot,ORDINARY_SOFT,20,0.049,0.4728139820991737
purged_pilot,ORDINARY_SOFT,20,0.05,0.4881868747820541
purged_pilot,ORDINARY_SOFT,20,0.051,0.5035786338569
purged_pilot,ORDINARY_SOFT,20,0.052,0.5189661661771694
purged_pilot,ORDINARY_SOFT,20,0.053,0.5343264214225487
purged_pilot,ORDINARY_SOFT,20,0.054,0.5496364922000587
purged_pilot,ORDINARY_SOFT,20,0.055,0.5648737134208666
purged_pilot,ORDINARY_SOFT,20,0.056,0.5800157601856487
purged_pilot,ORDINARY_SOFT,20,0.057,0.595040743429618
purged_pilot,ORDINARY_SOFT,20,0.058,0.6099273026042267
purged_pilot,ORDINARY_SOFT,20,0.059,0.6246546947056563
purged_pilot,ORDINARY_SOFT,20,0.06,0.639202879000126
purged_pilot,ORDINARY_SOFT,20,0.061,0.6535525968422238
purged_pilot,ORDINARY_SOFT,20,0.062,0.6676854460343169
purged_pilot,ORDINARY_SOFT,20,0.063,0.6815839492319367
purged_pilot,ORDINARY_SOFT,20,0.064,0.695231615961127
purged_pilot,ORDINARY_SOFT,20,0.065,0.7086129978783505
purged_pilot,ORDINARY_SOFT,20,0.066,0.7217137369707965
purged_pilot,ORDINARY_SOFT,20,0.067,0.7345206064640558
purged_pilot,ORDINARY_SOFT,20,0.068,0.7470215442742366
purged_pilot,ORDINARY_SOFT,20,0.069,0.7592056789118639
purged_pilot,ORDINARY_SOFT,20,0.07,0.7710633478145232
purged_pilot,ORDINARY_SOFT,20,0.071,0.7825861081533523
purged_pilot,ORDINARY_SOFT,20,0.072,0.7937667402244193
purged_pilot,ORDINARY_SOFT,20,0.073,0.8045992435990162
purged_pilot,ORDINARY_SOFT,20,0.074,0.8150788262663137
purged_pilot,ORDINARY_SOFT,20,0.075,0.8252018870570411
purged_pilot,ORDINARY_SOFT,20,0.076,0.8349659916874064
purged_pilot,ORDINARY_SOFT,20,0.077,0.8443698428078523
purged_pilot,ORDINARY_SOFT,20,0.078,0.8534132444811622
purged_pilot,ORDINARY_SOFT,20,0.079,0.8620970615485537
purged_pilot,ORDINARY_SOFT,20,0.08,0.8704231743705679
purged_pilot,ORDINARY_SOFT,20,0.081,0.8783944294516728
purged_pilot,ORDINARY_SOFT,20,0.082,0.8860145864735095
purged_pilot,ORDINARY_SOFT,20,0.083,0.8932882622717021
purged_pilot,ORDINARY_SOFT,20,0.084,0.9002208722952352
purged_pilot,ORDINARY_SOFT,20,0.085,0.9068185700858162
purged_pilot,ORDINARY_SOFT,20,0.086,0.9130881853076157
purged_pilot,ORDINARY_SOFT,20,0.087,0.9190371608456791
purged_pilot,ORDINARY_SOFT,20,0.088,0.9246734894744983
purged_pilot,ORDINARY_SOFT,20,0.089,0.9300056505771327
purged_pilot,ORDINARY_SOFT,20,0.09,0.9350425473703603
purged_pilot,ORDINARY_SOFT,20,0.091,0.9397934450630818
purged_pilot,ORDINARY_SOFT,20,0.092,0.9442679103441197
purged_pilot,ORDINARY_SOFT,20,0.093,0.9484757525621368
purged_pilot,ORDINARY_SOFT,20,0.094,0.9524269669251989
purged_pilot,ORDINARY_SOFT,20,0.095,0.9561316800109871
purged_pilot,ORDINARY_SOFT,20,0.096,0.959600097841372
purged_pilot,ORDINARY_SOFT,20,0.097,0.962842456737432
purged_pilot,ORDINARY_SOFT,20,0.098,0.9658689771335146
purged_pilot,ORDINARY_SOFT,20,0.099,0.9686898204920132
purged_pilot,ORDINARY_SOFT,20,0.1,0.9713150494245505
purged_pilot,HARD_RDFL,20,0.001,0.06159566641511788
purged_pilot,HARD_RDFL,20,0.002,0.09719556941586423
purged_pilot,HARD_RDFL,20,0.003,0.15835749671197938
purged_pilot,HARD_RDFL,20,0.004,0.24520987426944177
purged_pilot,HARD_RDFL,20,0.005,0.3541984305223752
purged_pilot,HARD_RDFL,20,0.006,0.47714884761751686
purged_pilot,HARD_RDFL,20,0.007,0.6024414671834432
purged_pilot,HARD_RDFL,20,0.008,0.7179388652694261
purged_pilot,HARD_RDFL,20,0.009,0.8142875107095555
purged_pilot,HARD_RDFL,20,0.01,0.887031356146365
purged_pilot,HARD_RDFL,20,0.011,0.9367406986205673
purged_pilot,HARD_RDFL,20,0.012,0.9674856541166745
purged_pilot,HARD_RDFL,20,0.013,0.9846965445911545
purged_pilot,HARD_RDFL,20,0.014,0.9934167101519426
purged_pilot,HARD_RDFL,20,0.015,0.9974155659115141
purged_pilot,HARD_RDFL,20,0.016,0.9990752814926926
purged_pilot,HARD_RDFL,20,0.017,0.999698751403694
purged_pilot,HARD_RDFL,20,0.018,0.9999107231090892
purged_pilot,HARD_RDFL,20,0.019,0.9999759485830687
purged_pilot,HARD_RDFL,20,0.02,0.999994113343327
purged_pilot,HARD_RDFL,20,0.021,0.9999986917150027
purged_pilot,HARD_RDFL,20,0.022,0.9999997360913098
purged_pilot,HARD_RDFL,20,0.023,0.9999999516983753
purged_pilot,HARD_RDFL,20,0.024,0.999999991981598
purged_pilot,HARD_RDFL,20,0.025,0.9999999987929874
purged_pilot,HARD_RDFL,20,0.026,0.9999999998352865
purged_pilot,HARD_RDFL,20,0.027,0.9999999999796273
purged_pilot,HARD_RDFL,20,0.028,0.9999999999977166
purged_pilot,HARD_RDFL,20,0.029,0.9999999999997681
purged_pilot,HARD_RDFL,20,0.03,0.9999999999999787
purged_pilot,HARD_RDFL,20,0.031,0.9999999999999982
purged_pilot,HARD_RDFL,20,0.032,0.9999999999999999
purged_pilot,HARD_RDFL,20,0.033,1.0
purged_pilot,HARD_RDFL,20,0.034,1.0
purged_pilot,HARD_RDFL,20,0.035,1.0
purged_pilot,HARD_RDFL,20,0.036,1.0
purged_pilot,HARD_RDFL,20,0.037,1.0
purged_pilot,HARD_RDFL,20,0.038,1.0
purged_pilot,HARD_RDFL,20,0.039,1.0
purged_pilot,HARD_RDFL,20,0.04,1.0
purged_pilot,HARD_RDFL,20,0.041,1.0
purged_pilot,HARD_RDFL,20,0.042,1.0
purged_pilot,HARD_RDFL,20,0.043,1.0
purged_pilot,HARD_RDFL,20,0.044,1.0
purged_pilot,HARD_RDFL,20,0.045,1.0
purged_pilot,HARD_RDFL,20,0.046,1.0
purged_pilot,HARD_RDFL,20,0.047,1.0
purged_pilot,HARD_RDFL,20,0.048,1.0
purged_pilot,HARD_RDFL,20,0.049,1.0
purged_pilot,HARD_RDFL,20,0.05,1.0
purged_pilot,HARD_RDFL,20,0.051,1.0
purged_pilot,HARD_RDFL,20,0.052,1.0
purged_pilot,HARD_RDFL,20,0.053,1.0
purged_pilot,HARD_RDFL,20,0.054,1.0
purged_pilot,HARD_RDFL,20,0.055,1.0
purged_pilot,HARD_RDFL,20,0.056,1.0
purged_pilot,HARD_RDFL,20,0.057,1.0
purged_pilot,HARD_RDFL,20,0.058,1.0
purged_pilot,HARD_RDFL,20,0.059,1.0
purged_pilot,HARD_RDFL,20,0.06,1.0
purged_pilot,HARD_RDFL,20,0.061,1.0
purged_pilot,HARD_RDFL,20,0.062,1.0
purged_pilot,HARD_RDFL,20,0.063,1.0
purged_pilot,HARD_RDFL,20,0.064,1.0
purged_pilot,HARD_RDFL,20,0.065,1.0
purged_pilot,HARD_RDFL,20,0.066,1.0
purged_pilot,HARD_RDFL,20,0.067,1.0
purged_pilot,HARD_RDFL,20,0.068,1.0
purged_pilot,HARD_RDFL,20,0.069,1.0
purged_pilot,HARD_RDFL,20,0.07,1.0
purged_pilot,HARD_RDFL,20,0.071,1.0
purged_pilot,HARD_RDFL,20,0.072,1.0
purged_pilot,HARD_RDFL,20,0.073,1.0
purged_pilot,HARD_RDFL,20,0.074,1.0
purged_pilot,HARD_RDFL,20,0.075,1.0
purged_pilot,HARD_RDFL,20,0.076,1.0
purged_pilot,HARD_RDFL,20,0.077,1.0
purged_pilot,HARD_RDFL,20,0.078,1.0
purged_pilot,HARD_RDFL,20,0.079,1.0
purged_pilot,HARD_RDFL,20,0.08,1.0
purged_pilot,HARD_RDFL,20,0.081,1.0
purged_pilot,HARD_RDFL,20,0.082,1.0
purged_pilot,HARD_RDFL,20,0.083,1.0
purged_pilot,HARD_RDFL,20,0.084,1.0
purged_pilot,HARD_RDFL,20,0.085,1.0
purged_pilot,HARD_RDFL,20,0.086,1.0
purged_pilot,HARD_RDFL,20,0.087,1.0
purged_pilot,HARD_RDFL,20,0.088,1.0
purged_pilot,HARD_RDFL,20,0.089,1.0
purged_pilot,HARD_RDFL,20,0.09,1.0
purged_pilot,HARD_RDFL,20,0.091,1.0
purged_pilot,HARD_RDFL,20,0.092,1.0
purged_pilot,HARD_RDFL,20,0.093,1.0
purged_pilot,HARD_RDFL,20,0.094,1.0
purged_pilot,HARD_RDFL,20,0.095,1.0
purged_pilot,HARD_RDFL,20,0.096,1.0
purged_pilot,HARD_RDFL,20,0.097,1.0
purged_pilot,HARD_RDFL,20,0.098,1.0
purged_pilot,HARD_RDFL,20,0.099,1.0
purged_pilot,HARD_RDFL,20,0.1,1.0
historical_p2c,ZERO,20,0.001,0.05557080511835501
historical_p2c,ZERO,20,0.002,0.07249120373631614
historical_p2c,ZERO,20,0.003,0.10127922024982106
historical_p2c,ZERO,20,0.004,0.1424721818983863
historical_p2c,ZERO,20,0.005,0.19622748747081561
historical_p2c,ZERO,20,0.006,0.2619255070757276
historical_p2c,ZERO,20,0.007,0.3378941321324553
historical_p2c,ZERO,20,0.008,0.4213508750489262
historical_p2c,ZERO,20,0.009,0.5086038353611588
historical_p2c,ZERO,20,0.01,0.5954807030747146
historical_p2c,ZERO,20,0.011,0.6778880160429682
historical_p2c,ZERO,20,0.012,0.7523647996333446
historical_p2c,ZERO,20,0.013,0.816499529575825
historical_p2c,ZERO,20,0.014,0.8691246118493519
historical_p2c,ZERO,20,0.015,0.9102702333207572
historical_p2c,ZERO,20,0.016,0.9409242564804028
historical_p2c,ZERO,20,0.017,0.9626855642967428
historical_p2c,ZERO,20,0.018,0.9774058534610318
historical_p2c,ZERO,20,0.019,0.9868940026755632
historical_p2c,ZERO,20,0.02,0.9927214769583761
historical_p2c,ZERO,20,0.021,0.9961319352895449
historical_p2c,ZERO,20,0.022,0.99803379486261
historical_p2c,ZERO,20,0.023,0.9990443900683086
historical_p2c,ZERO,20,0.024,0.9995560823395367
historical_p2c,ZERO,20,0.025,0.9998029550291792
historical_p2c,ZERO,20,0.026,0.999916448145259
historical_p2c,ZERO,20,0.027,0.999966164349908
historical_p2c,ZERO,20,0.028,0.9999869162595217
historical_p2c,ZERO,20,0.029,0.9999951699747712
historical_p2c,ZERO,20,0.03,0.9999982980115873
historical_p2c,ZERO,20,0.031,0.9999994276119383
historical_p2c,ZERO,20,0.032,0.9999998163060695
historical_p2c,ZERO,20,0.033,0.9999999437505257
historical_p2c,ZERO,20,0.034,0.9999999835670454
historical_p2c,ZERO,20,0.035,0.9999999954202178
historical_p2c,ZERO,20,0.036,0.9999999987825019
historical_p2c,ZERO,20,0.037,0.9999999996912893
historical_p2c,ZERO,20,0.038,0.9999999999253442
historical_p2c,ZERO,20,0.039,0.9999999999827822
historical_p2c,ZERO,20,0.04,0.9999999999962133
historical_p2c,ZERO,20,0.041,0.9999999999992059
historical_p2c,ZERO,20,0.042,0.9999999999998412
historical_p2c,ZERO,20,0.043,0.9999999999999697
historical_p2c,ZERO,20,0.044,0.9999999999999944
historical_p2c,ZERO,20,0.045,0.999999999999999
historical_p2c,ZERO,20,0.046,0.9999999999999999
historical_p2c,ZERO,20,0.047,1.0
historical_p2c,ZERO,20,0.048,1.0
historical_p2c,ZERO,20,0.049,1.0
historical_p2c,ZERO,20,0.05,1.0
historical_p2c,ZERO,20,0.051,1.0
historical_p2c,ZERO,20,0.052,1.0
historical_p2c,ZERO,20,0.053,1.0
historical_p2c,ZERO,20,0.054,1.0
historical_p2c,ZERO,20,0.055,1.0
historical_p2c,ZERO,20,0.056,1.0
historical_p2c,ZERO,20,0.057,1.0
historical_p2c,ZERO,20,0.058,1.0
historical_p2c,ZERO,20,0.059,1.0
historical_p2c,ZERO,20,0.06,1.0
historical_p2c,ZERO,20,0.061,1.0
historical_p2c,ZERO,20,0.062,1.0
historical_p2c,ZERO,20,0.063,1.0
historical_p2c,ZERO,20,0.064,1.0
historical_p2c,ZERO,20,0.065,1.0
historical_p2c,ZERO,20,0.066,1.0
historical_p2c,ZERO,20,0.067,1.0
historical_p2c,ZERO,20,0.068,1.0
historical_p2c,ZERO,20,0.069,1.0
historical_p2c,ZERO,20,0.07,1.0
historical_p2c,ZERO,20,0.071,1.0
historical_p2c,ZERO,20,0.072,1.0
historical_p2c,ZERO,20,0.073,1.0
historical_p2c,ZERO,20,0.074,1.0
historical_p2c,ZERO,20,0.075,1.0
historical_p2c,ZERO,20,0.076,1.0
historical_p2c,ZERO,20,0.077,1.0
historical_p2c,ZERO,20,0.078,1.0
historical_p2c,ZERO,20,0.079,1.0
historical_p2c,ZERO,20,0.08,1.0
historical_p2c,ZERO,20,0.081,1.0
historical_p2c,ZERO,20,0.082,1.0
historical_p2c,ZERO,20,0.083,1.0
historical_p2c,ZERO,20,0.084,1.0
historical_p2c,ZERO,20,0.085,1.0
historical_p2c,ZERO,20,0.086,1.0
historical_p2c,ZERO,20,0.087,1.0
historical_p2c,ZERO,20,0.088,1.0
historical_p2c,ZERO,20,0.089,1.0
historical_p2c,ZERO,20,0.09,1.0
historical_p2c,ZERO,20,0.091,1.0
historical_p2c,ZERO,20,0.092,1.0
historical_p2c,ZERO,20,0.093,1.0
historical_p2c,ZERO,20,0.094,1.0
historical_p2c,ZERO,20,0.095,1.0
historical_p2c,ZERO,20,0.096,1.0
historical_p2c,ZERO,20,0.097,1.0
historical_p2c,ZERO,20,0.098,1.0
historical_p2c,ZERO,20,0.099,1.0
historical_p2c,ZERO,20,0.1,1.0
historical_p2c,DIRECT_HUBER,20,0.001,0.0513880039561893
historical_p2c,DIRECT_HUBER,20,0.002,0.0555658520132041
historical_p2c,DIRECT_HUBER,20,0.003,0.06257332049954874
historical_p2c,DIRECT_HUBER,20,0.004,0.07247103886851074
historical_p2c,DIRECT_HUBER,20,0.005,0.08533237265806608
historical_p2c,DIRECT_HUBER,20,0.006,0.10123280291208485
historical_p2c,DIRECT_HUBER,20,0.007,0.12023750711449882
historical_p2c,DIRECT_HUBER,20,0.008,0.14238799127394908
historical_p2c,DIRECT_HUBER,20,0.009,0.1676887220497107
historical_p2c,DIRECT_HUBER,20,0.01,0.19609475085819333
historical_p2c,DIRECT_HUBER,20,0.011,0.22750129985094422
historical_p2c,DIRECT_HUBER,20,0.012,0.26173618733469234
historical_p2c,DIRECT_HUBER,20,0.013,0.2985558077971006
historical_p2c,DIRECT_HUBER,20,0.014,0.3376451559468657
historical_p2c,DIRECT_HUBER,20,0.015,0.37862210878945285
historical_p2c,DIRECT_HUBER,20,0.016,0.42104587488462847
historical_p2c,DIRECT_HUBER,20,0.017,0.46442921057230396
historical_p2c,DIRECT_HUBER,20,0.018,0.508253716512837
historical_p2c,DIRECT_HUBER,20,0.019,0.551987291125367
historical_p2c,DIRECT_HUBER,20,0.02,0.5951026533274194
historical_p2c,DIRECT_HUBER,20,0.021,0.6370957715371207
historical_p2c,DIRECT_HUBER,20,0.022,0.6775030564738641
historical_p2c,DIRECT_HUBER,20,0.023,0.7159162892591238
historical_p2c,DIRECT_HUBER,20,0.024,0.7519944514012243
historical_p2c,DIRECT_HUBER,20,0.025,0.7854718790244122
historical_p2c,DIRECT_HUBER,20,0.026,0.8161624541366792
historical_p2c,DIRECT_HUBER,20,0.027,0.8439598423537765
historical_p2c,DIRECT_HUBER,20,0.028,0.8688340617769001
historical_p2c,DIRECT_HUBER,20,0.029,0.8908248981427057
historical_p2c,DIRECT_HUBER,20,0.03,0.9100328498085587
historical_p2c,DIRECT_HUBER,20,0.031,0.92660838329025
historical_p2c,DIRECT_HUBER,20,0.032,0.9407403047453569
historical_p2c,DIRECT_HUBER,20,0.033,0.9526440112172395
historical_p2c,DIRECT_HUBER,20,0.034,0.9625502897170536
historical_p2c,DIRECT_HUBER,20,0.035,0.9706951982166411
historical_p2c,DIRECT_HUBER,20,0.036,0.9773114077808901
historical_p2c,DIRECT_HUBER,20,0.037,0.9826212262160713
historical_p2c,DIRECT_HUBER,20,0.038,0.9868313752500958
historical_p2c,DIRECT_HUBER,20,0.039,0.9901294663783962
historical_p2c,DIRECT_HUBER,20,0.04,0.992682022017272
historical_p2c,DIRECT_HUBER,20,0.041,0.9946338213617271
historical_p2c,DIRECT_HUBER,20,0.042,0.9961083136387991
historical_p2c,DIRECT_HUBER,20,0.043,0.9972088318142336
historical_p2c,DIRECT_HUBER,20,0.044,0.9980203519837563
historical_p2c,DIRECT_HUBER,20,0.045,0.9986115715478747
historical_p2c,DIRECT_HUBER,20,0.046,0.9990371167061953
historical_p2c,DIRECT_HUBER,20,0.047,0.9993397313126493
historical_p2c,DIRECT_HUBER,20,0.048,0.9995523402385308
historical_p2c,DIRECT_HUBER,20,0.049,0.9996999178483281
historical_p2c,DIRECT_HUBER,20,0.05,0.9998011239788277
historical_p2c,DIRECT_HUBER,20,0.051,0.9998696949871803
historical_p2c,DIRECT_HUBER,20,0.052,0.9999155959310536
historical_p2c,DIRECT_HUBER,20,0.053,0.999945952316499
historical_p2c,DIRECT_HUBER,20,0.054,0.9999657870267497
historical_p2c,DIRECT_HUBER,20,0.055,0.9999785911256353
historical_p2c,DIRECT_HUBER,20,0.056,0.9999867573166187
historical_p2c,DIRECT_HUBER,20,0.057,0.9999919029329006
historical_p2c,DIRECT_HUBER,20,0.058,0.9999951062697503
historical_p2c,DIRECT_HUBER,20,0.059,0.9999970764917667
historical_p2c,DIRECT_HUBER,20,0.06,0.999998273714813
historical_p2c,DIRECT_HUBER,20,0.061,0.999998992472178
historical_p2c,DIRECT_HUBER,20,0.062,0.9999994187933329
historical_p2c,DIRECT_HUBER,20,0.063,0.9999996686199987
historical_p2c,DIRECT_HUBER,20,0.064,0.999999813259871
historical_p2c,DIRECT_HUBER,20,0.065,0.9999998959939798
historical_p2c,DIRECT_HUBER,20,0.066,0.9999999427490248
historical_p2c,DIRECT_HUBER,20,0.067,0.9999999688537835
historical_p2c,DIRECT_HUBER,20,0.068,0.9999999832536414
historical_p2c,DIRECT_HUBER,20,0.069,0.999999991101371
historical_p2c,DIRECT_HUBER,20,0.07,0.999999995326862
historical_p2c,DIRECT_HUBER,20,0.071,0.9999999975746617
historical_p2c,DIRECT_HUBER,20,0.072,0.9999999987560302
historical_p2c,DIRECT_HUBER,20,0.073,0.9999999993694536
historical_p2c,DIRECT_HUBER,20,0.074,0.9999999996841435
historical_p2c,DIRECT_HUBER,20,0.075,0.9999999998436404
historical_p2c,DIRECT_HUBER,20,0.076,0.9999999999235077
historical_p2c,DIRECT_HUBER,20,0.077,0.9999999999630201
historical_p2c,DIRECT_HUBER,20,0.078,0.999999999982333
historical_p2c,DIRECT_HUBER,20,0.079,0.9999999999916591
historical_p2c,DIRECT_HUBER,20,0.08,0.9999999999961087
historical_p2c,DIRECT_HUBER,20,0.081,0.999999999998206
historical_p2c,DIRECT_HUBER,20,0.082,0.9999999999991827
historical_p2c,DIRECT_HUBER,20,0.083,0.9999999999996321
historical_p2c,DIRECT_HUBER,20,0.084,0.9999999999998362
historical_p2c,DIRECT_HUBER,20,0.085,0.9999999999999281
historical_p2c,DIRECT_HUBER,20,0.086,0.9999999999999687
historical_p2c,DIRECT_HUBER,20,0.087,0.9999999999999866
historical_p2c,DIRECT_HUBER,20,0.088,0.9999999999999943
historical_p2c,DIRECT_HUBER,20,0.089,0.9999999999999977
historical_p2c,DIRECT_HUBER,20,0.09,0.999999999999999
historical_p2c,DIRECT_HUBER,20,0.091,0.9999999999999996
historical_p2c,DIRECT_HUBER,20,0.092,0.9999999999999999
historical_p2c,DIRECT_HUBER,20,0.093,0.9999999999999999
historical_p2c,DIRECT_HUBER,20,0.094,1.0
historical_p2c,DIRECT_HUBER,20,0.095,1.0
historical_p2c,DIRECT_HUBER,20,0.096,1.0
historical_p2c,DIRECT_HUBER,20,0.097,1.0
historical_p2c,DIRECT_HUBER,20,0.098,1.0
historical_p2c,DIRECT_HUBER,20,0.099,1.0
historical_p2c,DIRECT_HUBER,20,0.1,1.0
historical_p2c,ORDINARY_SOFT,20,0.001,0.0740233440412438
historical_p2c,ORDINARY_SOFT,20,0.002,0.14887102244872538
historical_p2c,ORDINARY_SOFT,20,0.003,0.276266687369053
historical_p2c,ORDINARY_SOFT,20,0.004,0.4442498012918137
historical_p2c,ORDINARY_SOFT,20,0.005,0.6234364898240073
historical_p2c,ORDINARY_SOFT,20,0.006,0.7791672477020263
historical_p2c,ORDINARY_SOFT,20,0.007,0.8895748836136707
historical_p2c,ORDINARY_SOFT,20,0.008,0.9534396007202285
historical_p2c,ORDINARY_SOFT,20,0.009,0.9835806876986324
historical_p2c,ORDINARY_SOFT,20,0.01,0.9951864246537272
historical_p2c,ORDINARY_SOFT,20,0.011,0.9988320715582798
historical_p2c,ORDINARY_SOFT,20,0.012,0.9997662534329465
historical_p2c,ORDINARY_SOFT,20,0.013,0.9999615100371725
historical_p2c,ORDINARY_SOFT,20,0.014,0.9999947956305266
historical_p2c,ORDINARY_SOFT,20,0.015,0.999999423050608
historical_p2c,ORDINARY_SOFT,20,0.016,0.9999999476248905
historical_p2c,ORDINARY_SOFT,20,0.017,0.9999999961104208
historical_p2c,ORDINARY_SOFT,20,0.018,0.9999999997638852
historical_p2c,ORDINARY_SOFT,20,0.019,0.9999999999882915
historical_p2c,ORDINARY_SOFT,20,0.02,0.9999999999995259
historical_p2c,ORDINARY_SOFT,20,0.021,0.9999999999999843
historical_p2c,ORDINARY_SOFT,20,0.022,0.9999999999999996
historical_p2c,ORDINARY_SOFT,20,0.023,1.0
historical_p2c,ORDINARY_SOFT,20,0.024,1.0
historical_p2c,ORDINARY_SOFT,20,0.025,1.0
historical_p2c,ORDINARY_SOFT,20,0.026,1.0
historical_p2c,ORDINARY_SOFT,20,0.027,1.0
historical_p2c,ORDINARY_SOFT,20,0.028,1.0
historical_p2c,ORDINARY_SOFT,20,0.029,1.0
historical_p2c,ORDINARY_SOFT,20,0.03,1.0
historical_p2c,ORDINARY_SOFT,20,0.031,1.0
historical_p2c,ORDINARY_SOFT,20,0.032,1.0
historical_p2c,ORDINARY_SOFT,20,0.033,1.0
historical_p2c,ORDINARY_SOFT,20,0.034,1.0
historical_p2c,ORDINARY_SOFT,20,0.035,1.0
historical_p2c,ORDINARY_SOFT,20,0.036,1.0
historical_p2c,ORDINARY_SOFT,20,0.037,1.0
historical_p2c,ORDINARY_SOFT,20,0.038,1.0
historical_p2c,ORDINARY_SOFT,20,0.039,1.0
historical_p2c,ORDINARY_SOFT,20,0.04,1.0
historical_p2c,ORDINARY_SOFT,20,0.041,1.0
historical_p2c,ORDINARY_SOFT,20,0.042,1.0
historical_p2c,ORDINARY_SOFT,20,0.043,1.0
historical_p2c,ORDINARY_SOFT,20,0.044,1.0
historical_p2c,ORDINARY_SOFT,20,0.045,1.0
historical_p2c,ORDINARY_SOFT,20,0.046,1.0
historical_p2c,ORDINARY_SOFT,20,0.047,1.0
historical_p2c,ORDINARY_SOFT,20,0.048,1.0
historical_p2c,ORDINARY_SOFT,20,0.049,1.0
historical_p2c,ORDINARY_SOFT,20,0.05,1.0
historical_p2c,ORDINARY_SOFT,20,0.051,1.0
historical_p2c,ORDINARY_SOFT,20,0.052,1.0
historical_p2c,ORDINARY_SOFT,20,0.053,1.0
historical_p2c,ORDINARY_SOFT,20,0.054,1.0
historical_p2c,ORDINARY_SOFT,20,0.055,1.0
historical_p2c,ORDINARY_SOFT,20,0.056,1.0
historical_p2c,ORDINARY_SOFT,20,0.057,1.0
historical_p2c,ORDINARY_SOFT,20,0.058,1.0
historical_p2c,ORDINARY_SOFT,20,0.059,1.0
historical_p2c,ORDINARY_SOFT,20,0.06,1.0
historical_p2c,ORDINARY_SOFT,20,0.061,1.0
historical_p2c,ORDINARY_SOFT,20,0.062,1.0
historical_p2c,ORDINARY_SOFT,20,0.063,1.0
historical_p2c,ORDINARY_SOFT,20,0.064,1.0
historical_p2c,ORDINARY_SOFT,20,0.065,1.0
historical_p2c,ORDINARY_SOFT,20,0.066,1.0
historical_p2c,ORDINARY_SOFT,20,0.067,1.0
historical_p2c,ORDINARY_SOFT,20,0.068,1.0
historical_p2c,ORDINARY_SOFT,20,0.069,1.0
historical_p2c,ORDINARY_SOFT,20,0.07,1.0
historical_p2c,ORDINARY_SOFT,20,0.071,1.0
historical_p2c,ORDINARY_SOFT,20,0.072,1.0
historical_p2c,ORDINARY_SOFT,20,0.073,1.0
historical_p2c,ORDINARY_SOFT,20,0.074,1.0
historical_p2c,ORDINARY_SOFT,20,0.075,1.0
historical_p2c,ORDINARY_SOFT,20,0.076,1.0
historical_p2c,ORDINARY_SOFT,20,0.077,1.0
historical_p2c,ORDINARY_SOFT,20,0.078,1.0
historical_p2c,ORDINARY_SOFT,20,0.079,1.0
historical_p2c,ORDINARY_SOFT,20,0.08,1.0
historical_p2c,ORDINARY_SOFT,20,0.081,1.0
historical_p2c,ORDINARY_SOFT,20,0.082,1.0
historical_p2c,ORDINARY_SOFT,20,0.083,1.0
historical_p2c,ORDINARY_SOFT,20,0.084,1.0
historical_p2c,ORDINARY_SOFT,20,0.085,1.0
historical_p2c,ORDINARY_SOFT,20,0.086,1.0
historical_p2c,ORDINARY_SOFT,20,0.087,1.0
historical_p2c,ORDINARY_SOFT,20,0.088,1.0
historical_p2c,ORDINARY_SOFT,20,0.089,1.0
historical_p2c,ORDINARY_SOFT,20,0.09,1.0
historical_p2c,ORDINARY_SOFT,20,0.091,1.0
historical_p2c,ORDINARY_SOFT,20,0.092,1.0
historical_p2c,ORDINARY_SOFT,20,0.093,1.0
historical_p2c,ORDINARY_SOFT,20,0.094,1.0
historical_p2c,ORDINARY_SOFT,20,0.095,1.0
historical_p2c,ORDINARY_SOFT,20,0.096,1.0
historical_p2c,ORDINARY_SOFT,20,0.097,1.0
historical_p2c,ORDINARY_SOFT,20,0.098,1.0
historical_p2c,ORDINARY_SOFT,20,0.099,1.0
historical_p2c,ORDINARY_SOFT,20,0.1,1.0
historical_p2c,HARD_RDFL,20,0.001,0.9598685832196502
historical_p2c,HARD_RDFL,20,0.002,0.9999999759628972
historical_p2c,HARD_RDFL,20,0.003,1.0
historical_p2c,HARD_RDFL,20,0.004,1.0
historical_p2c,HARD_RDFL,20,0.005,1.0
historical_p2c,HARD_RDFL,20,0.006,1.0
historical_p2c,HARD_RDFL,20,0.007,1.0
historical_p2c,HARD_RDFL,20,0.008,1.0
historical_p2c,HARD_RDFL,20,0.009,1.0
historical_p2c,HARD_RDFL,20,0.01,1.0
historical_p2c,HARD_RDFL,20,0.011,1.0
historical_p2c,HARD_RDFL,20,0.012,1.0
historical_p2c,HARD_RDFL,20,0.013,1.0
historical_p2c,HARD_RDFL,20,0.014,1.0
historical_p2c,HARD_RDFL,20,0.015,1.0
historical_p2c,HARD_RDFL,20,0.016,1.0
historical_p2c,HARD_RDFL,20,0.017,1.0
historical_p2c,HARD_RDFL,20,0.018,1.0
historical_p2c,HARD_RDFL,20,0.019,1.0
historical_p2c,HARD_RDFL,20,0.02,1.0
historical_p2c,HARD_RDFL,20,0.021,1.0
historical_p2c,HARD_RDFL,20,0.022,1.0
historical_p2c,HARD_RDFL,20,0.023,1.0
historical_p2c,HARD_RDFL,20,0.024,1.0
historical_p2c,HARD_RDFL,20,0.025,1.0
historical_p2c,HARD_RDFL,20,0.026,1.0
historical_p2c,HARD_RDFL,20,0.027,1.0
historical_p2c,HARD_RDFL,20,0.028,1.0
historical_p2c,HARD_RDFL,20,0.029,1.0
historical_p2c,HARD_RDFL,20,0.03,1.0
historical_p2c,HARD_RDFL,20,0.031,1.0
historical_p2c,HARD_RDFL,20,0.032,1.0
historical_p2c,HARD_RDFL,20,0.033,1.0
historical_p2c,HARD_RDFL,20,0.034,1.0
historical_p2c,HARD_RDFL,20,0.035,1.0
historical_p2c,HARD_RDFL,20,0.036,1.0
historical_p2c,HARD_RDFL,20,0.037,1.0
historical_p2c,HARD_RDFL,20,0.038,1.0
historical_p2c,HARD_RDFL,20,0.039,1.0
historical_p2c,HARD_RDFL,20,0.04,1.0
historical_p2c,HARD_RDFL,20,0.041,1.0
historical_p2c,HARD_RDFL,20,0.042,1.0
historical_p2c,HARD_RDFL,20,0.043,1.0
historical_p2c,HARD_RDFL,20,0.044,1.0
historical_p2c,HARD_RDFL,20,0.045,1.0
historical_p2c,HARD_RDFL,20,0.046,1.0
historical_p2c,HARD_RDFL,20,0.047,1.0
historical_p2c,HARD_RDFL,20,0.048,1.0
historical_p2c,HARD_RDFL,20,0.049,1.0
historical_p2c,HARD_RDFL,20,0.05,1.0
historical_p2c,HARD_RDFL,20,0.051,1.0
historical_p2c,HARD_RDFL,20,0.052,1.0
historical_p2c,HARD_RDFL,20,0.053,1.0
historical_p2c,HARD_RDFL,20,0.054,1.0
historical_p2c,HARD_RDFL,20,0.055,1.0
historical_p2c,HARD_RDFL,20,0.056,1.0
historical_p2c,HARD_RDFL,20,0.057,1.0
historical_p2c,HARD_RDFL,20,0.058,1.0
historical_p2c,HARD_RDFL,20,0.059,1.0
historical_p2c,HARD_RDFL,20,0.06,1.0
historical_p2c,HARD_RDFL,20,0.061,1.0
historical_p2c,HARD_RDFL,20,0.062,1.0
historical_p2c,HARD_RDFL,20,0.063,1.0
historical_p2c,HARD_RDFL,20,0.064,1.0
historical_p2c,HARD_RDFL,20,0.065,1.0
historical_p2c,HARD_RDFL,20,0.066,1.0
historical_p2c,HARD_RDFL,20,0.067,1.0
historical_p2c,HARD_RDFL,20,0.068,1.0
historical_p2c,HARD_RDFL,20,0.069,1.0
historical_p2c,HARD_RDFL,20,0.07,1.0
historical_p2c,HARD_RDFL,20,0.071,1.0
historical_p2c,HARD_RDFL,20,0.072,1.0
historical_p2c,HARD_RDFL,20,0.073,1.0
historical_p2c,HARD_RDFL,20,0.074,1.0
historical_p2c,HARD_RDFL,20,0.075,1.0
historical_p2c,HARD_RDFL,20,0.076,1.0
historical_p2c,HARD_RDFL,20,0.077,1.0
historical_p2c,HARD_RDFL,20,0.078,1.0
historical_p2c,HARD_RDFL,20,0.079,1.0
historical_p2c,HARD_RDFL,20,0.08,1.0
historical_p2c,HARD_RDFL,20,0.081,1.0
historical_p2c,HARD_RDFL,20,0.082,1.0
historical_p2c,HARD_RDFL,20,0.083,1.0
historical_p2c,HARD_RDFL,20,0.084,1.0
historical_p2c,HARD_RDFL,20,0.085,1.0
historical_p2c,HARD_RDFL,20,0.086,1.0
historical_p2c,HARD_RDFL,20,0.087,1.0
historical_p2c,HARD_RDFL,20,0.088,1.0
historical_p2c,HARD_RDFL,20,0.089,1.0
historical_p2c,HARD_RDFL,20,0.09,1.0
historical_p2c,HARD_RDFL,20,0.091,1.0
historical_p2c,HARD_RDFL,20,0.092,1.0
historical_p2c,HARD_RDFL,20,0.093,1.0
historical_p2c,HARD_RDFL,20,0.094,1.0
historical_p2c,HARD_RDFL,20,0.095,1.0
historical_p2c,HARD_RDFL,20,0.096,1.0
historical_p2c,HARD_RDFL,20,0.097,1.0
historical_p2c,HARD_RDFL,20,0.098,1.0
historical_p2c,HARD_RDFL,20,0.099,1.0
historical_p2c,HARD_RDFL,20,0.1,1.0
