dataset,competitor,block_length,n_dates,n_stock_days,observed_relative_improvement,bootstrap_se,power_at_2pct_margin,observed_exceeds_mde80,mde_power_80,mde_power_90
purged_pilot,ZERO,10,403,2197,-0.16046600900191876,0.02870413378997799,0.10720377178956353,True,0.0804170769247393,0.09304489603192402
purged_pilot,DIRECT_HUBER,10,403,2197,-0.15904852149843673,0.030380494411566206,0.10093726643316506,True,0.08511354406240752,0.0984788450543518
purged_pilot,ORDINARY_SOFT,10,403,2197,-0.1484397625763625,0.02429396318075164,0.13052005749174345,True,0.06806160813657451,0.0787492594235905
purged_pilot,HARD_RDFL,10,403,2197,0.019933811246530486,0.002986362921492075,0.9999989162532358,True,0.008366550216772857,0.009680341848212799
purged_pilot,ZERO,20,403,2197,-0.16046600900191876,0.030207250243860274,0.10153582980697148,True,0.08462818576303831,0.09791727139077154
purged_pilot,DIRECT_HUBER,20,403,2197,-0.15904852149843673,0.03202880762426872,0.0957295082745239,True,0.08973143399393518,0.10382187796473699
purged_pilot,ORDINARY_SOFT,20,403,2197,-0.1484397625763625,0.025903743449998757,0.12058841762919768,True,0.07257154474330714,0.08396738719857448
purged_pilot,HARD_RDFL,20,403,2197,0.019933811246530486,0.0031537245597776046,0.999994113343327,True,0.008835428108672765,0.010222847201202987
purged_pilot,ZERO,40,403,2197,-0.16046600900191876,0.03320183927262252,0.09249574151507012,True,0.09301778212034188,0.10762427829361726
purged_pilot,DIRECT_HUBER,40,403,2197,-0.15904852149843673,0.03301721437130177,0.092981465873804,True,0.0925005397259061,0.10702581380505322
purged_pilot,ORDINARY_SOFT,40,403,2197,-0.1484397625763625,0.028734349625468666,0.10708079136652413,True,0.08050172916280292,0.09314284113252584
purged_pilot,HARD_RDFL,40,403,2197,0.019933811246530486,0.0031855452141579133,0.9999921416419454,True,0.00892457638361532,0.010325994347190627
historical_p2c,ZERO,10,356,1980,-0.002609445405333144,0.00536463922321976,0.9614823013263125,False,0.015029493948281517,0.017389561462660914
historical_p2c,DIRECT_HUBER,10,356,1980,0.017948008458440357,0.007348475846326783,0.7768785525587432,False,0.0205873813067293,0.02382019872528976
historical_p2c,ORDINARY_SOFT,10,356,1980,-0.0023298059497345314,0.0023027911658288266,0.9999999999912293,False,0.00645146569058717,0.007464533372631712
historical_p2c,HARD_RDFL,10,356,1980,0.00039068229630068174,0.00028570524812657926,1.0,False,0.0008004275998887223,0.0009261180045431012
historical_p2c,ZERO,20,356,1980,-0.002609445405333144,0.004542172435512864,0.9927214769583761,False,0.01272528315345302,0.014723522580880836
historical_p2c,DIRECT_HUBER,20,356,1980,0.017948008458440357,0.009088372903465234,0.5951026533274194,False,0.025461851183046637,0.029460102091550575
historical_p2c,ORDINARY_SOFT,20,356,1980,-0.0023298059497345314,0.0021983311159931617,0.9999999999995259,False,0.006158811959084227,0.007125924496726786
historical_p2c,HARD_RDFL,20,356,1980,0.00039068229630068174,0.0002696052209581625,1.0,False,0.0007553220017624686,0.0008739295161198929
historical_p2c,ZERO,40,356,1980,-0.002609445405333144,0.003496832916263806,0.9999148723955413,False,0.009796675408415542,0.011335038274116999
historical_p2c,DIRECT_HUBER,40,356,1980,0.017948008458440357,0.010851159811227843,0.45356367373110557,False,0.030400448926517432,0.03517420326454872
historical_p2c,ORDINARY_SOFT,40,356,1980,-0.0023298059497345314,0.0018306022220542116,1.0,False,0.005128588125551833,0.005933925568808248
historical_p2c,HARD_RDFL,40,356,1980,0.00039068229630068174,0.00025134086371049485,1.0,False,0.0007041528484790686,0.0008147253180892769
