dataset,method_calibration,dates,stock_days,mean_loss,zero_loss,identity_gap,relative_improvement_vs_zero,signal_term,signal_term_ci95_low,signal_term_ci95_high,variance_term,variance_term_ci95_low,variance_term_ci95_high,signal_to_variance,mean_scaled_prediction,mean_scaled_outcome,prediction_outcome_correlation,prediction_sd
thai_calibration,ZERO uncalibrated,356,1980,0.9835785818553314,0.9835785818553314,0.0,0.0,0.0,0.0,0.0,0.0,0.0,0.0,,0.0,0.039424033164999546,,0.0
thai_calibration,DIRECT_HUBER uncalibrated,356,1980,0.9919468079111412,0.9835785818553314,3.0184188481996443e-16,-0.008507938470990961,0.00047533588867363914,-0.012724776939509417,0.012059853367861317,0.008983274359664369,0.0072081927749195265,0.011302679757584378,0.05291343330311004,0.0011243521222545668,0.039424033164999546,0.0068484203565780735,0.0009067839941571757
thai_calibration,HARD_RDFL uncalibrated,356,1980,1.1864291771409194,0.9835785818553314,1.942890293094024e-16,-0.20623730429646958,0.011055006903062594,-0.03615062616684955,0.061042465141823835,0.217292311199532,0.16957599120029,0.2770064911863954,0.05087619917168245,0.12813982822295325,0.039424033164999546,0.006577677349579796,0.003981206502597706
thai_calibration,ORDINARY_SOFT uncalibrated,356,1980,0.9932343441732409,0.9835785818553314,1.0928757898653885e-16,-0.009816970902005284,0.0057129851374756605,-0.006084957484711411,0.017022067373467526,0.015529956039480857,0.012094847208279327,0.01977568817161062,0.36786872563913825,0.04151171074868942,0.039424033164999546,0.015361549576191002,0.0010455572382486768
thai_calibration,RDFL_SOFT uncalibrated,356,1980,1.1609049089210084,0.9835785818553314,2.7755575615628914e-16,-0.1802868935303421,0.007948527452924525,-0.03654465682874886,0.055272530093928206,0.1882354209832663,0.1463340546804332,0.24096377815736741,0.04222652363409929,0.12393966505174507,0.039424033164999546,0.002945133824177374,0.0036805804311447225
thai_calibration,ZERO calibrated,356,1980,0.9835785818553314,0.9835785818553314,0.0,0.0,0.0,0.0,0.0,0.0,0.0,0.0,,0.0,0.039424033164999546,,0.0
thai_calibration,DIRECT_HUBER calibrated,356,1980,0.9957512345983599,0.9835785818553314,2.42861286636753e-16,-0.012375882280871942,0.004557823991263279,-0.006908947479495245,0.016134718739164593,0.0169337062721349,0.00885657338812549,0.028560494669054488,0.26915690623282884,0.08996710833182871,0.039424033164999546,-0.010370599745914911,0.0008688585010892569
thai_calibration,HARD_RDFL calibrated,356,1980,0.9864320556011928,0.9835785818553314,2.237793284010081e-16,-0.002901114154477469,0.00685863074947825,-0.0023569116588507753,0.016736841865168266,0.009759744903955538,0.0057046602207572045,0.015334482293755163,0.7027469280163776,0.08017816973205157,0.039424033164999546,0.010748162945041249,0.0004492273894071615
thai_calibration,ORDINARY_SOFT calibrated,356,1980,0.9842638947378288,0.9835785818553314,1.214306433183765e-16,-0.000696754580813197,0.00649831486481249,-0.00190416683021018,0.015353517761466576,0.007195069445625514,0.004714155663217993,0.010576873186531839,0.9031622160038163,0.07454847317210407,0.039424033164999546,0.011249833302182518,0.0002981149589452194
thai_calibration,RDFL_SOFT calibrated,356,1980,0.98678329489245,0.9835785818553314,1.48318857196017e-16,-0.0032582175905797595,0.007005469551219171,-0.002314723972618326,0.016986685956013062,0.010263687141798802,0.005763594206711818,0.016477184397387164,0.6825490152256727,0.0808325546313224,0.039424033164999546,0.011871283158178576,0.0004812013406302073
