relative_improvement,bootstrap_se,relative_ci95_low,relative_ci95_high,family_ci_low,family_ci_high,raw_p,competitor,n_dates,holm_p,decision_2pct_family,dataset,subset,decision_changed
-0.160466009001916,0.030315777260749213,-0.22637949530059376,-0.10780257145692851,-0.23623268931339345,-0.10192454132853286,9.999000099990002e-05,ZERO,403,0.00039996000399960006,RDFL_WORSE_BEYOND_MARGIN,thai_uncalibrated,all blocks,False
-0.1590485214984347,0.03188885798390238,-0.22505907638202458,-0.1012634602756966,-0.23499311249394084,-0.09366135193114507,9.999000099990002e-05,DIRECT_HUBER,403,0.00039996000399960006,RDFL_WORSE_BEYOND_MARGIN,thai_uncalibrated,all blocks,False
-0.14843976257636088,0.026084209371736722,-0.20448708309997,-0.10274015918056915,-0.21397083583844836,-0.09633431061950676,9.999000099990002e-05,ORDINARY_SOFT,403,0.00039996000399960006,RDFL_WORSE_BEYOND_MARGIN,thai_uncalibrated,all blocks,False
0.019933811246530198,0.003167111650912296,0.014017515096187084,0.026463618206973988,0.013059079164080922,0.027361227805384313,9.999000099990002e-05,HARD_RDFL,403,0.00039996000399960006,DIFFERENCE_DETECTED_EQUIVALENCE_NOT_SHOWN,thai_uncalibrated,all blocks,False
-0.18028689353034183,0.0331970304847252,-0.2509045289984958,-0.12147715162681488,-0.262109452954143,-0.11395388105152868,9.999000099990002e-05,ZERO,356,0.00039996000399960006,RDFL_WORSE_BEYOND_MARGIN,thai_uncalibrated,without 2024-08-01,False
-0.1703297996045394,0.03346868898313746,-0.2404182067882858,-0.10969424456636177,-0.2497615902102858,-0.10013778912042504,9.999000099990002e-05,DIRECT_HUBER,356,0.00039996000399960006,RDFL_WORSE_BEYOND_MARGIN,thai_uncalibrated,without 2024-08-01,False
-0.16881269333002652,0.027669280613008627,-0.22814367452172865,-0.11912257461785974,-0.2383462771355623,-0.11299431490947985,9.999000099990002e-05,ORDINARY_SOFT,356,0.00039996000399960006,RDFL_WORSE_BEYOND_MARGIN,thai_uncalibrated,without 2024-08-01,False
0.021513520327795847,0.0033790926052890877,0.015232172820576331,0.028397868904753553,0.014375888432479002,0.029593887426832242,9.999000099990002e-05,HARD_RDFL,356,0.00039996000399960006,DIFFERENCE_DETECTED_EQUIVALENCE_NOT_SHOWN,thai_uncalibrated,without 2024-08-01,False
-0.14839411358043222,0.030440922205010382,-0.21284788821621042,-0.09406809581685986,-0.2247593376213637,-0.08681345267747122,9.999000099990002e-05,ZERO,341,0.00039996000399960006,RDFL_WORSE_BEYOND_MARGIN,thai_uncalibrated,without 2024-11-01,False
-0.15133116040964242,0.03472308645412266,-0.2237857781848835,-0.08986925650114376,-0.23430010064756243,-0.08180959912306605,9.999000099990002e-05,DIRECT_HUBER,341,0.00039996000399960006,RDFL_WORSE_BEYOND_MARGIN,thai_uncalibrated,without 2024-11-01,False
-0.1362323206654825,0.025921335613592007,-0.19334518164867814,-0.09118615701445566,-0.2012359165581611,-0.08545982208875647,9.999000099990002e-05,ORDINARY_SOFT,341,0.00039996000399960006,RDFL_WORSE_BEYOND_MARGIN,thai_uncalibrated,without 2024-11-01,False
0.01998187718990813,0.003517658345245264,0.013594227532949301,0.02734565084404086,0.0127035415516756,0.0286414322851353,9.999000099990002e-05,HARD_RDFL,341,0.00039996000399960006,DIFFERENCE_DETECTED_EQUIVALENCE_NOT_SHOWN,thai_uncalibrated,without 2024-11-01,False
-0.15528083682108054,0.03571366043166596,-0.23486940370436277,-0.09495539098591135,-0.24628957851196925,-0.08764339490001744,9.999000099990002e-05,ZERO,344,0.00039996000399960006,RDFL_WORSE_BEYOND_MARGIN,thai_uncalibrated,without 2025-02-01,False
-0.15319322512984007,0.03798239023103285,-0.23299419983287858,-0.08733324252290474,-0.2475925519874714,-0.07832008366243977,9.999000099990002e-05,DIRECT_HUBER,344,0.00039996000399960006,RDFL_WORSE_BEYOND_MARGIN,thai_uncalibrated,without 2025-02-01,False
-0.14553393152356914,0.031607482884179756,-0.2136592290923293,-0.09120244996026988,-0.22710574278407644,-0.08403778199715167,9.999000099990002e-05,ORDINARY_SOFT,344,0.00039996000399960006,RDFL_WORSE_BEYOND_MARGIN,thai_uncalibrated,without 2025-02-01,False
0.020660943597073676,0.0038537069020042414,0.013506883098338546,0.028566183831075148,0.012454337698591476,0.029701613344066645,9.999000099990002e-05,HARD_RDFL,344,0.00039996000399960006,DIFFERENCE_DETECTED_EQUIVALENCE_NOT_SHOWN,thai_uncalibrated,without 2025-02-01,False
-0.14522866735578796,0.030820806897412276,-0.21173851702502153,-0.09274309829800662,-0.2245693575466127,-0.08530374245714431,9.999000099990002e-05,ZERO,344,0.00039996000399960006,RDFL_WORSE_BEYOND_MARGIN,thai_uncalibrated,without 2025-05-01,False
-0.13992987214079228,0.03237060549735588,-0.20708280649308317,-0.08122980498126076,-0.21831544704997052,-0.0739585439652698,9.999000099990002e-05,DIRECT_HUBER,344,0.00039996000399960006,RDFL_WORSE_BEYOND_MARGIN,thai_uncalibrated,without 2025-05-01,False
-0.13425160856919038,0.026404374547456602,-0.191931933788054,-0.08799729090549219,-0.2020832222418117,-0.08268329913817922,9.999000099990002e-05,ORDINARY_SOFT,344,0.00039996000399960006,RDFL_WORSE_BEYOND_MARGIN,thai_uncalibrated,without 2025-05-01,False
0.01922073293689973,0.0029766991866647216,0.013556528401912151,0.02538726224874201,0.01289212211341039,0.026214203639853103,9.999000099990002e-05,HARD_RDFL,344,0.00039996000399960006,DIFFERENCE_DETECTED_EQUIVALENCE_NOT_SHOWN,thai_uncalibrated,without 2025-05-01,False
-0.1547035786681197,0.028054920162724033,-0.21533133859546505,-0.10645466906364592,-0.22398106357940756,-0.10018628494253183,9.999000099990002e-05,ZERO,342,0.00039996000399960006,RDFL_WORSE_BEYOND_MARGIN,thai_uncalibrated,without 2025-08-01,False
-0.16077118238918228,0.029129826999694842,-0.2224843815568357,-0.10764920318606509,-0.23237996705369446,-0.10074351767679748,9.999000099990002e-05,DIRECT_HUBER,342,0.00039996000399960006,RDFL_WORSE_BEYOND_MARGIN,thai_uncalibrated,without 2025-08-01,False
-0.1426138022555733,0.02368745632943169,-0.19365706812145664,-0.1009336281579535,-0.20158245639904335,-0.09556042891629506,9.999000099990002e-05,ORDINARY_SOFT,342,0.00039996000399960006,RDFL_WORSE_BEYOND_MARGIN,thai_uncalibrated,without 2025-08-01,False
0.017998300510200932,0.0032070954985441084,0.011935910418858194,0.02462608030092492,0.01115953159398283,0.025412922990467716,9.999000099990002e-05,HARD_RDFL,342,0.00039996000399960006,DIFFERENCE_DETECTED_EQUIVALENCE_NOT_SHOWN,thai_uncalibrated,without 2025-08-01,False
-0.16894388514003705,0.03377805321354514,-0.2434145740198845,-0.1117364993934727,-0.2544321548407627,-0.10412791971286015,9.999000099990002e-05,ZERO,343,0.00039996000399960006,RDFL_WORSE_BEYOND_MARGIN,thai_uncalibrated,without 2025-11-01,False
-0.1680828088133859,0.03578365968954264,-0.24515099565525345,-0.10347714823062343,-0.2571862802847304,-0.09557781677558355,9.999000099990002e-05,DIRECT_HUBER,343,0.00039996000399960006,RDFL_WORSE_BEYOND_MARGIN,thai_uncalibrated,without 2025-11-01,False
-0.15546800958496648,0.02923814146695493,-0.21925991139849513,-0.10526883717943498,-0.22888726029258916,-0.09972569721495607,9.999000099990002e-05,ORDINARY_SOFT,343,0.00039996000399960006,RDFL_WORSE_BEYOND_MARGIN,thai_uncalibrated,without 2025-11-01,False
0.019153703522810036,0.003507480150704779,0.012953081388136941,0.026504802713695912,0.01207176535515941,0.02765521323569152,9.999000099990002e-05,HARD_RDFL,343,0.00039996000399960006,DIFFERENCE_DETECTED_EQUIVALENCE_NOT_SHOWN,thai_uncalibrated,without 2025-11-01,False
-0.17198148334050115,0.03396842304261358,-0.2457161699946041,-0.11298116388605096,-0.2579555301957712,-0.10615179452842324,9.999000099990002e-05,ZERO,348,0.00039996000399960006,RDFL_WORSE_BEYOND_MARGIN,thai_uncalibrated,without 2026-02-01,False
-0.1703821612397358,0.03654764280343175,-0.24585378127929508,-0.10385922156824606,-0.2588636690960485,-0.09460721145122278,9.999000099990002e-05,DIRECT_HUBER,348,0.00039996000399960006,RDFL_WORSE_BEYOND_MARGIN,thai_uncalibrated,without 2026-02-01,False
-0.15790936642603373,0.029242698375939635,-0.2205524430281529,-0.10660914587337506,-0.2315375914325171,-0.1003194130430588,9.999000099990002e-05,ORDINARY_SOFT,348,0.00039996000399960006,RDFL_WORSE_BEYOND_MARGIN,thai_uncalibrated,without 2026-02-01,False
0.0212084273136256,0.003461462671812973,0.014910622581538037,0.028328489060936466,0.014024940825471696,0.029463675271143273,9.999000099990002e-05,HARD_RDFL,348,0.00039996000399960006,DIFFERENCE_DETECTED_EQUIVALENCE_NOT_SHOWN,thai_uncalibrated,without 2026-02-01,False
-0.003258217590579781,0.0046895819676932935,-0.012509963679634544,0.005772534018892068,-0.013902495402287404,0.006838018225546801,0.4931506849315068,ZERO,356,0.6637336266373363,EQUIVALENT_WITHIN_MARGIN,thai_calibrated,all blocks,False
0.009006204957935277,0.005983619476955734,-0.0015095237548783242,0.021928434138049967,-0.0027545171913173766,0.02383451107308839,0.1090890910908909,DIRECT_HUBER,356,0.4363563643635636,INCONCLUSIVE,thai_calibrated,all blocks,False
-0.0025596795413206914,0.0018376930972094023,-0.006487628460183324,0.0008160145011087385,-0.007154504932552569,0.001289086224230934,0.1531846815318468,ORDINARY_SOFT,356,0.4595540445955404,EQUIVALENT_WITHIN_MARGIN,thai_calibrated,all blocks,False
-0.00035607043512293985,0.00038832611437083163,-0.0012331984330800803,0.0002883355940907165,-0.001395593015974953,0.0003588172529643375,0.33186681331866813,HARD_RDFL,356,0.6637336266373363,EQUIVALENT_WITHIN_MARGIN,thai_calibrated,all blocks,False
-0.002008230576906807,0.004839799944427153,-0.011698201562312547,0.0073553387917755075,-0.01306958482306056,0.008635854616217421,0.6767323267673233,ZERO,294,1.0,EQUIVALENT_WITHIN_MARGIN,thai_calibrated,without 2024-11-01,False
0.0018579195478274167,0.005102878540188449,-0.006485831801613485,0.013480962482625192,-0.007254127825397569,0.015322339300594717,0.72002799720028,DIRECT_HUBER,294,1.0,EQUIVALENT_WITHIN_MARGIN,thai_calibrated,without 2024-11-01,True
-0.0015542290249126523,0.0011591694048866195,-0.003778170743588756,0.0007286807976667535,-0.004131697054575191,0.0010535695877694656,0.20387961203879612,ORDINARY_SOFT,294,0.8155184481551845,EQUIVALENT_WITHIN_MARGIN,thai_calibrated,without 2024-11-01,False
5.959812159427519e-05,0.00017106343802980977,-0.0002754480763560675,0.00039917761657202593,-0.0003290385833555503,0.00045645510115096264,0.7151284871512849,HARD_RDFL,294,1.0,EQUIVALENT_WITHIN_MARGIN,thai_calibrated,without 2024-11-01,False
-0.0019376633975188393,0.00513053489576834,-0.012749295084213267,0.007363990264543055,-0.01427264558649096,0.0085561480217648,0.6996300369963003,ZERO,297,0.8636136386361364,EQUIVALENT_WITHIN_MARGIN,thai_calibrated,without 2025-02-01,False
0.01457945240039729,0.006877468568458931,0.001664694115408096,0.02873433205532613,0.00016179573344984188,0.03062590553667141,0.031196880311968805,DIRECT_HUBER,297,0.12478752124787522,INCONCLUSIVE,thai_calibrated,without 2025-02-01,False
-0.0018325235260795152,0.002289904099717618,-0.00681698406531515,0.0023181036061633085,-0.007621308221600855,0.002844961064481397,0.39776022397760225,ORDINARY_SOFT,297,0.8636136386361364,EQUIVALENT_WITHIN_MARGIN,thai_calibrated,without 2025-02-01,False
-0.0005242673484705492,0.000513835464994468,-0.0016516885997996862,0.00039109747586643873,-0.0018122379847527379,0.0004963528889685105,0.28787121287871215,HARD_RDFL,297,0.8636136386361364,EQUIVALENT_WITHIN_MARGIN,thai_calibrated,without 2025-02-01,False
-0.004107008332982717,0.005007699016091499,-0.014378769931298439,0.005324375535034335,-0.015886288174748776,0.006683225165363982,0.40785921407859216,ZERO,297,0.4647535246475352,EQUIVALENT_WITHIN_MARGIN,thai_calibrated,without 2025-05-01,False
0.013362076531511446,0.006426649141221826,0.0020158651554141186,0.027248491731063574,0.0006890752061081226,0.029295533757090906,0.021397860213978603,DIRECT_HUBER,297,0.08559144085591441,INCONCLUSIVE,thai_calibrated,without 2025-05-01,False
-0.0032745554564332,0.0020994108331784988,-0.007770084160951576,0.0005767271381987941,-0.008609413270979046,0.0010686162050474192,0.10578942105789421,ORDINARY_SOFT,297,0.3173682631736826,EQUIVALENT_WITHIN_MARGIN,thai_calibrated,without 2025-05-01,False
-0.0004944282685315278,0.00044983362445130426,-0.0014871583852682948,0.00023904192769672118,-0.001710794499351321,0.0003283011398090321,0.2323767623237676,HARD_RDFL,297,0.4647535246475352,EQUIVALENT_WITHIN_MARGIN,thai_calibrated,without 2025-05-01,False
-0.0032123857046327106,0.0051284231651915636,-0.013565231571295288,0.006312804057588558,-0.015113274559959816,0.007624564871186111,0.5369463053694631,ZERO,295,1.0,EQUIVALENT_WITHIN_MARGIN,thai_calibrated,without 2025-08-01,False
0.003353876607188065,0.005649886370692278,-0.006284719368433571,0.0157299703711076,-0.007394841571240889,0.017674235391188453,0.5538446155384461,DIRECT_HUBER,295,1.0,EQUIVALENT_WITHIN_MARGIN,thai_calibrated,without 2025-08-01,True
-0.00263509498770432,0.002015220731867598,-0.006890230068545129,0.0009897821663896907,-0.007564797609202856,0.001399053161905991,0.1822817718228177,ORDINARY_SOFT,295,0.7291270872912708,EQUIVALENT_WITHIN_MARGIN,thai_calibrated,without 2025-08-01,False
-0.00034637510102215186,0.0004364367787654965,-0.0013398785515296528,0.00035421045006877217,-0.0015187621698046232,0.00043033308599194797,0.40455954404559547,HARD_RDFL,295,1.0,EQUIVALENT_WITHIN_MARGIN,thai_calibrated,without 2025-08-01,False
-0.004118037469722044,0.005288125077803931,-0.014724437587817824,0.005823790075697835,-0.016402155588860514,0.007277804858535267,0.43855614438556145,ZERO,296,0.7055294470552945,EQUIVALENT_WITHIN_MARGIN,thai_calibrated,without 2025-11-01,False
0.010629327295140033,0.0071381424759489435,-0.0019403158125178702,0.025861363569162098,-0.003640767347891047,0.028551471271051593,0.11078892110788921,DIRECT_HUBER,296,0.44315568443155684,INCONCLUSIVE,thai_calibrated,without 2025-11-01,False
-0.0029501661134813404,0.002142587590763692,-0.007558585370276582,0.0009499168003951736,-0.008475396290460162,0.0014613668302190378,0.15928407159284072,ORDINARY_SOFT,296,0.47785221477852213,EQUIVALENT_WITHIN_MARGIN,thai_calibrated,without 2025-11-01,False
-0.0004001757313112871,0.0004585126871416592,-0.0014438664292963392,0.000364805216538761,-0.0016342842393725298,0.00045395661461631546,0.35276472352764726,HARD_RDFL,296,0.7055294470552945,EQUIVALENT_WITHIN_MARGIN,thai_calibrated,without 2025-11-01,False
-0.0040344583277277905,0.005532922282605075,-0.015120260646474787,0.006339738040116589,-0.017048468334738536,0.007770288354372981,0.46415358464153583,ZERO,301,0.6051394860513949,EQUIVALENT_WITHIN_MARGIN,thai_calibrated,without 2026-02-01,False
0.011099151589977584,0.007280460532277087,-0.0013627745950589784,0.026869919267479524,-0.002835222271780813,0.029404059550395656,0.10018998100189981,DIRECT_HUBER,301,0.40075992400759924,INCONCLUSIVE,thai_calibrated,without 2026-02-01,False
-0.003038040720662789,0.002179562301269279,-0.00774083464678464,0.0009427335235891123,-0.00845669846213493,0.0013835327971558114,0.1546845315468453,ORDINARY_SOFT,301,0.4640535946405359,EQUIVALENT_WITHIN_MARGIN,thai_calibrated,without 2026-02-01,False
-0.00045968563675599704,0.0004710578360178281,-0.0015072161095398319,0.0003236203356898326,-0.0017104694137986948,0.0004189047996033799,0.30256974302569745,HARD_RDFL,301,0.6051394860513949,EQUIVALENT_WITHIN_MARGIN,thai_calibrated,without 2026-02-01,False
-0.07874300984097272,0.041286812471661105,-0.1883362707746872,-0.03089686831225961,-0.20810549172890916,-0.025852989824216792,9.999000099990002e-05,ZERO,426,0.00039996000399960006,RDFL_WORSE_BEYOND_MARGIN,fnspid_uncalibrated,all blocks,False
-0.07001893838799615,0.03432920508334223,-0.16063481274206515,-0.029297837617719286,-0.17682893853317402,-0.02512621295626893,9.999000099990002e-05,DIRECT_HUBER,426,0.00039996000399960006,RDFL_WORSE_BEYOND_MARGIN,fnspid_uncalibrated,all blocks,False
-0.06720365786266354,0.031793838697958765,-0.1524825480619275,-0.02895194354627265,-0.16479262923186877,-0.025035361286182316,9.999000099990002e-05,ORDINARY_SOFT,426,0.00039996000399960006,RDFL_WORSE_BEYOND_MARGIN,fnspid_uncalibrated,all blocks,False
0.010731847605202675,0.004641210650622714,0.004575703516883897,0.022557379076184016,0.003868827166941452,0.02473296013775431,9.999000099990002e-05,HARD_RDFL,426,0.00039996000399960006,DIFFERENCE_DETECTED_EQUIVALENCE_NOT_SHOWN,fnspid_uncalibrated,all blocks,False
-0.08697654379534812,0.0510553837045484,-0.2286181444593795,-0.032591241784758904,-0.2519276334400932,-0.027786269425229788,9.999000099990002e-05,ZERO,363,0.00039996000399960006,RDFL_WORSE_BEYOND_MARGIN,fnspid_uncalibrated,without 2018-10-01,False
-0.07462521981774392,0.04298678669906614,-0.19399171302494728,-0.028849275353217033,-0.2146940194557457,-0.024244031958612817,9.999000099990002e-05,DIRECT_HUBER,363,0.00039996000399960006,RDFL_WORSE_BEYOND_MARGIN,fnspid_uncalibrated,without 2018-10-01,False
-0.07147655427364598,0.03912418554531725,-0.17842462504188328,-0.02762844405538926,-0.19528497713691828,-0.02415751009197456,9.999000099990002e-05,ORDINARY_SOFT,363,0.00039996000399960006,RDFL_WORSE_BEYOND_MARGIN,fnspid_uncalibrated,without 2018-10-01,False
0.009820093363281785,0.0046244734495152935,0.004076162066209754,0.02198972386944108,0.0034225572083161613,0.024328658165620777,9.999000099990002e-05,HARD_RDFL,363,0.00039996000399960006,DIFFERENCE_DETECTED_EQUIVALENCE_NOT_SHOWN,fnspid_uncalibrated,without 2018-10-01,False
-0.05514602457867447,0.03276552303642955,-0.14389157784768253,-0.016188288723885533,-0.15900038086354829,-0.011801919973790067,0.000999900009999,ZERO,365,0.000999900009999,DIFFERENCE_DETECTED_EQUIVALENCE_NOT_SHOWN,fnspid_uncalibrated,without 2019-01-01,True
-0.051890250863165704,0.029180415881591943,-0.130637349544098,-0.01820051230697179,-0.14459364810660946,-0.014596186337267997,0.00029997000299970003,DIRECT_HUBER,365,0.0005999400059994001,DIFFERENCE_DETECTED_EQUIVALENCE_NOT_SHOWN,fnspid_uncalibrated,without 2019-01-01,True
-0.050191583502835965,0.02678174016903484,-0.12182038803102357,-0.018763156718970688,-0.1352132987698038,-0.015650873714763605,9.999000099990002e-05,ORDINARY_SOFT,365,0.00039996000399960006,DIFFERENCE_DETECTED_EQUIVALENCE_NOT_SHOWN,fnspid_uncalibrated,without 2019-01-01,True
0.010520106324087017,0.004858300560081791,0.0042335204024329465,0.02299113083502895,0.0036551495902032087,0.02513981615753488,9.999000099990002e-05,HARD_RDFL,365,0.00039996000399960006,DIFFERENCE_DETECTED_EQUIVALENCE_NOT_SHOWN,fnspid_uncalibrated,without 2019-01-01,False
-0.06998180488628393,0.03941441356754669,-0.17430494766187313,-0.023825711139793284,-0.19203287748434592,-0.01917147250180257,0.0007999200079992001,ZERO,363,0.0015998400159984002,DIFFERENCE_DETECTED_EQUIVALENCE_NOT_SHOWN,fnspid_uncalibrated,without 2019-04-01,True
-0.06139003613250961,0.03382937038731421,-0.15245301824991037,-0.022268260732825174,-0.17067085597995982,-0.018053416567244858,0.00019998000199980003,DIRECT_HUBER,363,0.0005999400059994001,DIFFERENCE_DETECTED_EQUIVALENCE_NOT_SHOWN,fnspid_uncalibrated,without 2019-04-01,True
-0.06035584429433823,0.03127856006302296,-0.14573687242683211,-0.024134307142746,-0.16039481984591694,-0.020680751993894277,9.999000099990002e-05,ORDINARY_SOFT,363,0.00039996000399960006,RDFL_WORSE_BEYOND_MARGIN,fnspid_uncalibrated,without 2019-04-01,False
0.009426826435134192,0.004478632527288006,0.0034003664694561373,0.020922578535040783,0.0027512222943066496,0.022955218565689644,0.0013998600139986002,HARD_RDFL,363,0.0015998400159984002,DIFFERENCE_DETECTED_EQUIVALENCE_NOT_SHOWN,fnspid_uncalibrated,without 2019-04-01,False
-0.07065846069649691,0.04143231434633512,-0.18227044469100204,-0.024141108585921656,-0.20487798684197125,-0.018468119230679383,0.0010998900109989002,ZERO,362,0.0021997800219978004,DIFFERENCE_DETECTED_EQUIVALENCE_NOT_SHOWN,fnspid_uncalibrated,without 2019-07-01,True
-0.062436929827343814,0.034206477811401334,-0.154193917727498,-0.02227685323185481,-0.17220051947390172,-0.018513839245128373,0.00039996000399960006,DIRECT_HUBER,362,0.0011998800119988001,DIFFERENCE_DETECTED_EQUIVALENCE_NOT_SHOWN,fnspid_uncalibrated,without 2019-07-01,True
-0.06027801015883065,0.031591659607580744,-0.1441719387131997,-0.02354110007246683,-0.15890605123497079,-0.019674626893878996,0.00019998000199980003,ORDINARY_SOFT,362,0.0007999200079992001,DIFFERENCE_DETECTED_EQUIVALENCE_NOT_SHOWN,fnspid_uncalibrated,without 2019-07-01,True
0.009109114569361296,0.004452910070281329,0.003211298433351101,0.02067398405271094,0.002557396425820726,0.022799727155994456,0.0015998400159984002,HARD_RDFL,362,0.0021997800219978004,DIFFERENCE_DETECTED_EQUIVALENCE_NOT_SHOWN,fnspid_uncalibrated,without 2019-07-01,False
-0.07231736188508907,0.04034920674247899,-0.18022474615447748,-0.02476072813665747,-0.19764597647575857,-0.020236971177706807,0.00039996000399960006,ZERO,363,0.0007999200079992001,RDFL_WORSE_BEYOND_MARGIN,fnspid_uncalibrated,without 2019-10-01,False
-0.06399609903391501,0.0346590616546654,-0.15751836162976587,-0.02378776565783544,-0.17599160895908897,-0.020023676790636668,0.00019998000199980003,DIRECT_HUBER,363,0.0005999400059994001,RDFL_WORSE_BEYOND_MARGIN,fnspid_uncalibrated,without 2019-10-01,False
-0.06108728369680176,0.03140341607360594,-0.14534053082877935,-0.023852522632155888,-0.15938645766361045,-0.019999179400164095,9.999000099990002e-05,ORDINARY_SOFT,363,0.00039996000399960006,DIFFERENCE_DETECTED_EQUIVALENCE_NOT_SHOWN,fnspid_uncalibrated,without 2019-10-01,True
0.009700048058312155,0.004583238634978559,0.0037053217363365214,0.021547706656292135,0.003011439355728075,0.023842040446841753,0.0013998600139986002,HARD_RDFL,363,0.0013998600139986002,DIFFERENCE_DETECTED_EQUIVALENCE_NOT_SHOWN,fnspid_uncalibrated,without 2019-10-01,False
-0.12054742178732866,0.04219588756052507,-0.22420679626733703,-0.06055100937115185,-0.2430336014780128,-0.053410435855541706,0.00029997000299970003,ZERO,364,0.00039996000399960006,RDFL_WORSE_BEYOND_MARGIN,fnspid_uncalibrated,without 2020-01-01,False
-0.10987599161180621,0.035913053960140766,-0.2006527969253616,-0.059029548055710444,-0.21733857821172783,-0.053519575322038826,9.999000099990002e-05,DIRECT_HUBER,364,0.00039996000399960006,RDFL_WORSE_BEYOND_MARGIN,fnspid_uncalibrated,without 2020-01-01,False
-0.10136341783541425,0.03129272354296466,-0.18164582148884192,-0.0575102336776588,-0.1947722026600219,-0.05212410130176544,9.999000099990002e-05,ORDINARY_SOFT,364,0.00039996000399960006,RDFL_WORSE_BEYOND_MARGIN,fnspid_uncalibrated,without 2020-01-01,False
0.017490486621679308,0.004869339426270048,0.009977495307677272,0.029132827879889262,0.009073446618191486,0.03141747674594469,0.00019998000199980003,HARD_RDFL,364,0.00039996000399960006,DIFFERENCE_DETECTED_EQUIVALENCE_NOT_SHOWN,fnspid_uncalibrated,without 2020-01-01,False
-0.09507612103105144,0.05868522022183619,-0.2539216911209256,-0.03158872633760889,-0.27460936587799345,-0.026212825528608694,0.00029997000299970003,ZERO,376,0.0005999400059994001,RDFL_WORSE_BEYOND_MARGIN,fnspid_uncalibrated,without 2020-04-01,False
-0.08363763940451344,0.04925351446962585,-0.21447503740323212,-0.030849417064766,-0.2350783849204184,-0.02584480140828934,9.999000099990002e-05,DIRECT_HUBER,376,0.00039996000399960006,RDFL_WORSE_BEYOND_MARGIN,fnspid_uncalibrated,without 2020-04-01,False
-0.08132403523596404,0.045563213120831746,-0.20213318884145265,-0.03235572123637099,-0.21934980330570517,-0.02775515889118379,9.999000099990002e-05,ORDINARY_SOFT,376,0.00039996000399960006,RDFL_WORSE_BEYOND_MARGIN,fnspid_uncalibrated,without 2020-04-01,False
0.011314222320888075,0.006473906318977425,0.0034216561179235363,0.028287841321475746,0.002722300102213542,0.030926777370222994,0.0012998700129987,HARD_RDFL,376,0.0012998700129987,DIFFERENCE_DETECTED_EQUIVALENCE_NOT_SHOWN,fnspid_uncalibrated,without 2020-04-01,False
-0.19660384303961914,0.05764037643220439,-0.3193283002821859,-0.09597378226519654,-0.338242981710773,-0.08135032210293984,0.00039996000399960006,ZERO,347,0.0007999200079992001,RDFL_WORSE_BEYOND_MARGIN,fnspid_uncalibrated,before 2020-02-20,False
-0.17199245039880662,0.04542563601938782,-0.26922031704501875,-0.09145441802300441,-0.2831949229507498,-0.08120068857244786,9.999000099990002e-05,DIRECT_HUBER,347,0.00039996000399960006,RDFL_WORSE_BEYOND_MARGIN,fnspid_uncalibrated,before 2020-02-20,False
-0.16188812041796063,0.0395732781146585,-0.24837271641160427,-0.09298510634317499,-0.2600980969384637,-0.08385261015095993,9.999000099990002e-05,ORDINARY_SOFT,347,0.00039996000399960006,RDFL_WORSE_BEYOND_MARGIN,fnspid_uncalibrated,before 2020-02-20,False
0.02223576428014682,0.006432898085762913,0.010869119321104535,0.035631906551120925,0.009470093998235623,0.037130758420300364,0.0004999500049995,HARD_RDFL,347,0.0007999200079992001,DIFFERENCE_DETECTED_EQUIVALENCE_NOT_SHOWN,fnspid_uncalibrated,before 2020-02-20,False
-0.014613223852521257,0.018365584108875677,-0.05887341318053647,0.009421840226829084,-0.06307370674867269,0.011436590508190153,0.28447155284471554,ZERO,79,0.6731326867313269,INCONCLUSIVE,fnspid_uncalibrated,from 2020-02-20,True
-0.01343432769433053,0.01602535590658673,-0.05429905166273479,0.005937207066809267,-0.05802115849867033,0.007849550486333016,0.22907709229077092,DIRECT_HUBER,79,0.6731326867313269,INCONCLUSIVE,fnspid_uncalibrated,from 2020-02-20,True
-0.014168405183864715,0.014972200655944025,-0.05190545571343948,0.004913829916971281,-0.05625869857222693,0.0067744429682581745,0.16828317168283172,ORDINARY_SOFT,79,0.6731326867313269,INCONCLUSIVE,fnspid_uncalibrated,from 2020-02-20,True
0.00320596973041502,0.003102302756928871,-0.001790346708511765,0.010697542358408975,-0.0025450834348793674,0.011763629296789613,0.19238076192380762,HARD_RDFL,79,0.6731326867313269,EQUIVALENT_WITHIN_MARGIN,fnspid_uncalibrated,from 2020-02-20,True
-0.014770020806323218,0.012589511253289543,-0.047868048870360315,-6.975933843361984e-05,-0.05614897120137623,0.0013291349571110309,0.09719028097190281,ZERO,363,0.29157084291570845,INCONCLUSIVE,fnspid_calibrated,all blocks,False
0.003922913119373355,0.002867773223447444,0.0002491800306151603,0.01135371379101319,-9.865202652295671e-05,0.012726305659217518,0.044295570442955706,DIRECT_HUBER,363,0.17718228177182282,EQUIVALENT_WITHIN_MARGIN,fnspid_calibrated,all blocks,False
-0.0005472884688571402,0.0015911418451134203,-0.004013169183551829,0.002392326509501397,-0.004907929339792148,0.002963086958521244,0.6771322867713229,ORDINARY_SOFT,363,0.6771322867713229,EQUIVALENT_WITHIN_MARGIN,fnspid_calibrated,all blocks,False
-0.0009500986572026426,0.0008981237497496921,-0.003347441300669834,8.878899022266797e-05,-0.0038774553831982805,0.0001425495330680318,0.14478552144785523,HARD_RDFL,363,0.29157084291570845,EQUIVALENT_WITHIN_MARGIN,fnspid_calibrated,all blocks,False
-0.0030833026035837095,0.0028384028089124998,-0.00921041440726569,0.0018513309464819232,-0.010142875978973587,0.0027060888291624697,0.2273772622737726,ZERO,302,0.9095090490950904,EQUIVALENT_WITHIN_MARGIN,fnspid_calibrated,without 2019-01-01,True
0.0007449026148866135,0.0014467159368556648,-0.00128417190025833,0.004336469122054221,-0.001542129365802343,0.004970675318466734,0.5357464253574643,DIRECT_HUBER,302,1.0,EQUIVALENT_WITHIN_MARGIN,fnspid_calibrated,without 2019-01-01,False
0.00030669877399563104,0.0004750644258590306,-0.0002998629389152652,0.0015633967995553166,-0.000362082806998773,0.0017593331596713554,0.38196180381961803,ORDINARY_SOFT,302,1.0,EQUIVALENT_WITHIN_MARGIN,fnspid_calibrated,without 2019-01-01,False
-7.242504001729238e-05,0.00016566475652797177,-0.0004739510469822878,0.0001530658366764371,-0.0005310326608550501,0.00018027226047423366,0.5928407159284071,HARD_RDFL,302,1.0,EQUIVALENT_WITHIN_MARGIN,fnspid_calibrated,without 2019-01-01,False
-0.015383068060972364,0.014302783535853736,-0.05420679298761949,0.0005203492377481698,-0.06324834420084201,0.0019142151984106435,0.11048895110488952,ZERO,300,0.3314668533146685,INCONCLUSIVE,fnspid_calibrated,without 2019-04-01,False
0.003960521721024348,0.0031506567897677143,0.00023517228619445926,0.012469063048907957,-0.0001603997110284631,0.014094769183570196,0.04789521047895211,DIRECT_HUBER,300,0.19158084191580843,EQUIVALENT_WITHIN_MARGIN,fnspid_calibrated,without 2019-04-01,False
-0.0007853163304699785,0.0017595330602983381,-0.004920100224200159,0.002213423920109905,-0.00590257372799247,0.002881742999420716,0.5562443755624438,ORDINARY_SOFT,300,0.5562443755624438,EQUIVALENT_WITHIN_MARGIN,fnspid_calibrated,without 2019-04-01,False
-0.0010055124153743023,0.0010107483072876401,-0.0038341204946472835,7.594297520483754e-05,-0.004414725464310353,0.00014018355642700635,0.14608539146085392,HARD_RDFL,300,0.3314668533146685,EQUIVALENT_WITHIN_MARGIN,fnspid_calibrated,without 2019-04-01,False
-0.016158840660422794,0.014454182589417306,-0.05607428512916876,-0.0005219968804825492,-0.06445122917285731,0.0007708743142084717,0.08559144085591441,ZERO,299,0.25677432256774324,INCONCLUSIVE,fnspid_calibrated,without 2019-07-01,False
0.004250570480481021,0.0033323796280746274,0.00035979687734256005,0.01336103487847437,1.9526234500964226e-05,0.01510115412322166,0.0347965203479652,DIRECT_HUBER,299,0.1391860813918608,EQUIVALENT_WITHIN_MARGIN,fnspid_calibrated,without 2019-07-01,False
-0.000589411250006832,0.0017607731079130851,-0.004523980125128857,0.0027050740198549805,-0.00542232480046067,0.0034350530307471912,0.6745325467453255,ORDINARY_SOFT,299,0.6745325467453255,EQUIVALENT_WITHIN_MARGIN,fnspid_calibrated,without 2019-07-01,False
-0.0010013279252870564,0.0009972465378389128,-0.0037112531951075172,9.33875259976076e-05,-0.004317964436411344,0.00016589171284928187,0.146985301469853,HARD_RDFL,299,0.293970602939706,EQUIVALENT_WITHIN_MARGIN,fnspid_calibrated,without 2019-07-01,False
-0.015845410401202156,0.013660200913963513,-0.05202983995610174,-0.0006306158700347789,-0.06106480445649931,0.000879316891061858,0.08359164083591641,ZERO,300,0.25077492250774924,INCONCLUSIVE,fnspid_calibrated,without 2019-10-01,False
0.004181258654944602,0.0031969329356754945,0.0003852143676633248,0.012784337977292967,7.371132972251948e-05,0.014255269911905892,0.03569643035696431,DIRECT_HUBER,300,0.14278572142785723,EQUIVALENT_WITHIN_MARGIN,fnspid_calibrated,without 2019-10-01,False
-0.0005595744896963238,0.0016725051450496389,-0.004314224659251939,0.0026287904888739246,-0.00519344693015123,0.003253101001970138,0.6772322767723228,ORDINARY_SOFT,300,0.6772322767723228,EQUIVALENT_WITHIN_MARGIN,fnspid_calibrated,without 2019-10-01,False
-0.0009759273049770635,0.0009642547177601607,-0.0035903554468274066,9.182124991190077e-05,-0.004155134892498923,0.00016006944120113112,0.14608539146085392,HARD_RDFL,300,0.29217078292170784,EQUIVALENT_WITHIN_MARGIN,fnspid_calibrated,without 2019-10-01,False
-0.024372430322160264,0.017776990164215217,-0.06534201836850474,0.0020928547775249033,-0.0752051670122992,0.0045873782816522905,0.1302869713028697,ZERO,301,0.38576142385761425,INCONCLUSIVE,fnspid_calibrated,without 2020-01-01,False
0.005845195084304582,0.0033981900706788444,0.0007473937698680498,0.013984423306297268,0.0002454198788324492,0.015610359116635211,0.0471952804719528,DIRECT_HUBER,301,0.1887811218878112,EQUIVALENT_WITHIN_MARGIN,fnspid_calibrated,without 2020-01-01,False
-0.0011285907495447414,0.002535799123193689,-0.006778799066640842,0.00359760291877805,-0.007811555093483057,0.004453630535065566,0.6164383561643836,ORDINARY_SOFT,301,0.6164383561643836,EQUIVALENT_WITHIN_MARGIN,fnspid_calibrated,without 2020-01-01,False
-0.0017333706177872137,0.0012411467062544343,-0.00457151705810333,6.622645626003592e-05,-0.005127189690717527,0.00021542138502496196,0.12858714128587143,HARD_RDFL,301,0.38576142385761425,EQUIVALENT_WITHIN_MARGIN,fnspid_calibrated,without 2020-01-01,False
-0.0187454864270185,0.018330038202858303,-0.07063748916724863,0.0018545526086454582,-0.08075080200299523,0.00528764082681945,0.12668733126687332,ZERO,313,0.36866313368663134,INCONCLUSIVE,fnspid_calibrated,without 2020-04-01,False
0.0057690302684416175,0.0036649134816014494,0.0016296976331494162,0.015628690046875105,0.0012058762046429994,0.01724954723875408,0.013798620137986202,DIRECT_HUBER,313,0.055194480551944806,EQUIVALENT_WITHIN_MARGIN,fnspid_calibrated,without 2020-04-01,False
-0.0008233435581057667,0.00263986437537838,-0.006820597667325287,0.0043287017289711065,-0.008098162059384512,0.00554829537100696,0.6704329567043296,ORDINARY_SOFT,313,0.6704329567043296,EQUIVALENT_WITHIN_MARGIN,fnspid_calibrated,without 2020-04-01,False
-0.001316065726541976,0.0012123598915118612,-0.004610662795356224,6.57578555756306e-05,-0.005187194400084789,0.00019400594852319214,0.12288771122887711,HARD_RDFL,313,0.36866313368663134,EQUIVALENT_WITHIN_MARGIN,fnspid_calibrated,without 2020-04-01,False
-0.04583879475315811,0.03266731020696571,-0.11603487925311456,0.008250981997563014,-0.12535822141103287,0.012875548248814673,0.17588241175882413,ZERO,284,0.3731626837316268,INCONCLUSIVE,fnspid_calibrated,before 2020-02-20,False
0.01435598027417331,0.00590063072459793,0.0030138444976222385,0.0259462010370079,0.0019953829916251574,0.027647982894230913,0.033996600339966,DIRECT_HUBER,284,0.135986401359864,INCONCLUSIVE,fnspid_calibrated,before 2020-02-20,True
-0.0018412307602725336,0.004668035905240282,-0.0108748809352718,0.007467912273158448,-0.012344736582067523,0.008907961661242612,0.7046295370462954,ORDINARY_SOFT,284,0.7046295370462954,EQUIVALENT_WITHIN_MARGIN,fnspid_calibrated,before 2020-02-20,False
-0.0036064801372430915,0.002191048020259668,-0.00802537462548083,9.65157238381102e-05,-0.008630115768028334,0.00035582068526181454,0.12438756124387561,HARD_RDFL,284,0.3731626837316268,EQUIVALENT_WITHIN_MARGIN,fnspid_calibrated,before 2020-02-20,False
-0.004048819937520566,0.0033930747882710633,-0.01210937097693891,0.0007694480859841191,-0.013292265426790543,0.001386208956542333,0.12498750124987501,ZERO,79,0.49995000499950004,EQUIVALENT_WITHIN_MARGIN,fnspid_calibrated,from 2020-02-20,True
0.00011865819698671448,0.0012357660509950315,-0.0017524994636454838,0.002932844152769887,-0.0020070319798816618,0.003373618579248385,0.916108389161084,DIRECT_HUBER,79,1.0,EQUIVALENT_WITHIN_MARGIN,fnspid_calibrated,from 2020-02-20,False
-8.300706405017157e-05,0.00029542677856570025,-0.000518655021629821,0.0005895439775689126,-0.0005774182041027568,0.0006651644652074973,0.8092190780921907,ORDINARY_SOFT,79,1.0,EQUIVALENT_WITHIN_MARGIN,fnspid_calibrated,from 2020-02-20,False
1.2849502163875921e-06,0.0001590852053543738,-0.0003592447100204297,0.00022490701067520125,-0.00038631712727839784,0.0002486839551335357,0.9923007699230078,HARD_RDFL,79,1.0,EQUIVALENT_WITHIN_MARGIN,fnspid_calibrated,from 2020-02-20,False
