dataset,cell,reference,dates,signal_term,signal_ci95_low,signal_ci95_high,signal_minus_reference,signal_minus_reference_ci95_low,signal_minus_reference_ci95_high,raw_p,second_moment_term,variance_part,squared_mean_part,relative_improvement_vs_zero,holm_p,family_size
fnspid_components,ORD|eligible|confidence,RDFL|retained|confidence,426,-0.001816460814325097,-0.02534820604412282,0.01620329559701052,0.0038463906693705606,-0.014917692512190203,0.0304315308838162,0.7139286071392861,0.013503821374457613,0.011612120731061762,0.0018917006433958501,-0.015320282188782711,1.0,10
fnspid_components,ORD|eligible|uniform,RDFL|retained|confidence,426,-0.0016399866969837485,-0.021555229910177682,0.013986951235402934,0.004022864786711908,-0.01689490635923178,0.03384880553330793,0.7289271072892711,0.010699602764437627,0.009664747880204501,0.0010348548842331262,-0.012339589461421375,1.0,10
fnspid_components,ORD|ordinary_eligible|uniform,RDFL|retained|confidence,426,-0.0022136614126639052,-0.01970288977534687,0.010721194301132197,0.003449190071031752,-0.0202882865704619,0.03538637329205614,0.7834216578342166,0.008599037638068104,0.007876809324281052,0.0007222283137870516,-0.01081269905073201,1.0,10
fnspid_components,ORD|retained|confidence,RDFL|retained|confidence,426,-0.0021250758584307927,-0.03237875788268765,0.022201528838829584,0.0035377756252648646,-0.010327348140518264,0.023875758970389394,0.6685331466853315,0.0218472909302546,0.018666165731702475,0.0031811251985521256,-0.023972366788685393,1.0,10
fnspid_components,ORD|retained|uniform,RDFL|retained|confidence,426,-0.0020652644413086435,-0.03105467802798992,0.021323848070821216,0.003597587042387014,-0.010749575943789459,0.024798897685854613,0.6761323867613239,0.020565546439783707,0.017922046833090833,0.0026434996066928736,-0.02263081088109235,1.0,10
fnspid_components,RDFL|eligible|confidence,RDFL|retained|confidence,426,-0.004763193591632168,-0.0378414786520718,0.019842143374393988,0.0008996578920634889,-0.012081936272772818,0.017400396978981637,0.8879112088791121,0.04337291361395414,0.04207454562307543,0.0012983679908787008,-0.0481361072055863,1.0,10
fnspid_components,RDFL|eligible|uniform,RDFL|retained|confidence,426,-0.0048566338316335216,-0.03448013034902472,0.018521546650601566,0.0008062176520621358,-0.015562082679665114,0.023284657893264844,0.9223077692230777,0.038290463892702346,0.03753218656465532,0.0007582773280470307,-0.043147097724335864,1.0,10
fnspid_components,RDFL|random_size_matched|confidence,RDFL|retained|confidence,426,-0.007897082665098762,-0.03973424475086692,0.015017008045707828,-0.002234231181403105,-0.020282735741320543,0.018333335299012116,0.7887211278872113,0.03834122089720814,0.03722335654909341,0.0011178643481147379,-0.046238303562306904,1.0,10
fnspid_components,RDFL|retained_without_low|confidence,RDFL|retained|confidence,426,-0.01461183183326223,-0.08173250045615701,0.043680678319194484,-0.008948980349566572,-0.033458249823345144,0.018307236088917225,0.43215678432156784,0.1981780806911465,0.19351015604394808,0.004667924647198434,-0.21278991252440874,1.0,10
fnspid_components,RDFL|retained|confidence,RDFL|retained|confidence,426,-0.005662851483695657,-0.052255887866646956,0.0287888120693544,0.0,0.0,0.0,,0.07308015835727694,0.07035733416157972,0.002722824195697226,-0.0787430098409726,,10
fnspid_components,RDFL|retained|uniform,RDFL|retained|confidence,426,-0.005320254284052577,-0.05090641345690595,0.028291370712944106,0.0003425971996430799,-0.0010275447720621777,0.002074585827559148,0.6315368463153684,0.07063098703445575,0.06825599146467508,0.0023749955697806614,-0.07595124131850833,1.0,10
