seed,rule_accuracy,dropped,retained_low_response_before,rule_component_absence_error,rule_latent_mse,rule_retained_fraction,random_component_absence_error,random_latent_mse,random_retained_fraction
21001,0.5,346,690,0.7979617950764178,0.04067651030228584,0.54,0.7605260850943917,0.03921816465712408,0.54
21002,0.5,377,702,0.8088846789496147,0.033147975644948174,0.5345833333333333,0.8170475414176586,0.031672566300387436,0.5345833333333333
21003,0.5,341,686,0.7668464276673415,0.02711926751997307,0.5458333333333333,0.8106780985462172,0.02713946688640101,0.5458333333333333
21004,0.5,371,731,0.8091000171601033,0.02451440750602064,0.5483333333333333,0.8286728018837309,0.02576611875604973,0.5483333333333333
21005,0.5,356,713,0.8057991969932128,0.0366616424340528,0.5383333333333333,0.8243087393781365,0.037953113041381575,0.5383333333333333
21006,0.5,324,692,0.7987580795608241,0.02612215424064689,0.5504166666666667,0.803085755243677,0.02196663884203078,0.5504166666666667
21007,0.5,335,704,0.8101232337100279,0.02571216051221519,0.5529166666666666,0.8103314412619258,0.023061520989589718,0.5529166666666666
21008,0.5,356,718,0.8106228482622209,0.023560555155391044,0.55,0.8183801607694725,0.02451297177491201,0.55
21009,0.5,359,712,0.7569915682545122,0.02335164277724323,0.54375,0.7941986256355446,0.022256569537409034,0.54375
21010,0.5,333,687,0.7867565961031936,0.029620548638061014,0.55875,0.800662262681398,0.027890919362874817,0.55875
21011,0.5,333,696,0.8335532778490589,0.023100746358790513,0.55625,0.7994545564393079,0.023388745279644598,0.55625
21012,0.5,360,695,0.7903484287097908,0.03171520869050192,0.53625,0.7872674291040537,0.029032213489287126,0.53625
21013,0.5,351,681,0.7682835745705844,0.035555550746257665,0.5266666666666666,0.7798971834396397,0.035134463058282876,0.5266666666666666
21014,0.5,362,702,0.7961995396183605,0.022670163892911054,0.5458333333333333,0.8172521581288031,0.024761992862891852,0.5458333333333333
21015,0.5,314,675,0.8004653486845964,0.02114252752412888,0.5675,0.794100802091724,0.022334567477617716,0.5675
21016,0.5,342,703,0.8131249357855146,0.01941842178529811,0.5604166666666667,0.8078763986909396,0.01962616232717319,0.5604166666666667
21017,0.5,331,694,0.824909627652208,0.032831876377304475,0.5545833333333333,0.8258271462599863,0.03090044831359616,0.5545833333333333
21018,0.5,351,674,0.8140697661531386,0.022387965287531262,0.5395833333333333,0.8103229429259554,0.02284854379843375,0.5395833333333333
21019,0.5,348,690,0.8205928631057895,0.02768796403032277,0.55,0.8506483090120331,0.027576810836803117,0.55
21020,0.5,370,724,0.8016084571513284,0.02427428969595151,0.5404166666666667,0.790910849159744,0.02368223581345242,0.5404166666666667
21021,0.5,354,697,0.7956316030405514,0.018284827050616497,0.5366666666666666,0.7627131673000035,0.020788953360887426,0.5366666666666666
21022,0.5,368,697,0.80785091640402,0.031242814634644168,0.5341666666666667,0.8028732400267232,0.02854594605661846,0.5341666666666667
21023,0.5,354,694,0.8164894502444882,0.01901626919668269,0.5520833333333334,0.795123356086902,0.018471813033030537,0.5520833333333334
21024,0.5,380,720,0.8009405038963621,0.02112517580028519,0.54625,0.7710825130378668,0.021511175924083345,0.54625
21025,0.5,361,726,0.7961868524035638,0.021454991799963127,0.5533333333333333,0.8076521210670353,0.024094331987124008,0.5533333333333333
21026,0.5,354,733,0.802513339089925,0.016542843161778755,0.5583333333333333,0.8031770708034001,0.01529787008682471,0.5583333333333333
21027,0.5,348,713,0.800287361666507,0.019727811426469226,0.5470833333333334,0.7905524307849251,0.022447785223170764,0.5470833333333334
21028,0.5,367,719,0.7840056509842099,0.023320134680172067,0.55125,0.7931695304990007,0.021209174530330194,0.55125
21029,0.5,340,694,0.7963464244399139,0.024922026051195978,0.5508333333333333,0.7834398680153577,0.02563533707539439,0.5508333333333333
21030,0.5,339,691,0.7726007337393831,0.013170118090274335,0.5579166666666666,0.8040528271967594,0.012900665473752957,0.5579166666666666
21031,0.5,381,730,0.8167665530341942,0.025748084251123977,0.5429166666666667,0.7862207074142916,0.022787881706522843,0.5429166666666667
21032,0.5,375,724,0.8010781030420455,0.02067913908734015,0.5354166666666667,0.7593808047858239,0.02383113997965372,0.5354166666666667
21033,0.5,342,692,0.7821867045182901,0.020156048882495437,0.55,0.8020758206571579,0.018241627677725768,0.55
21034,0.5,366,690,0.8205390914848707,0.023843448678327408,0.5354166666666667,0.7997096237094048,0.022272139006668773,0.5354166666666667
21035,0.5,337,678,0.8056584304594722,0.028875840716545708,0.54625,0.8249687283954124,0.028875559637200617,0.54625
21036,0.5,347,692,0.8298190480726654,0.026973793406500305,0.54875,0.833339415690903,0.030951045160268715,0.54875
21037,0.5,369,713,0.7834531561891329,0.02539877083509945,0.5425,0.8062736521470628,0.022970675258159386,0.5425
21038,0.5,342,692,0.8207157771379816,0.029537008976747128,0.5525,0.8216567436516915,0.02880565996566326,0.5525
21039,0.5,353,702,0.8015312545290576,0.02946429693020094,0.5495833333333333,0.8003708163377684,0.029595492998801837,0.5495833333333333
21040,0.5,366,711,0.8105570418796206,0.01992531058415843,0.5441666666666667,0.8199844964173506,0.020207597618909567,0.5441666666666667
21041,0.5,354,685,0.7750919592007666,0.021859166468990613,0.545,0.7810938508239818,0.02072938912888074,0.545
21042,0.5,370,697,0.8398183336717098,0.02270036106350424,0.53625,0.8343238176321663,0.025925709350274932,0.53625
21043,0.5,342,717,0.7941147817514443,0.023899421465790938,0.5625,0.8024726423369881,0.021874501899542705,0.5625
21044,0.5,350,687,0.8156456271202408,0.03779773278082858,0.5458333333333333,0.7988419378316166,0.03419045888739497,0.5458333333333333
21045,0.5,359,711,0.7968982055160894,0.03531624860116466,0.5425,0.783568111560827,0.03938654581887535,0.5425
21046,0.5,358,705,0.7861487269152437,0.012201896025998263,0.5429166666666667,0.8129550365230223,0.015111873339742055,0.5429166666666667
21047,0.5,347,689,0.8277638652912415,0.02389633001607014,0.5370833333333334,0.8264177669418852,0.02645283225577964,0.5370833333333334
21048,0.5,350,699,0.8103330149997958,0.033280094468257665,0.5429166666666667,0.7833068149436292,0.03133447233353428,0.5429166666666667
21049,0.5,349,681,0.8260812583254447,0.025248783476879418,0.5383333333333333,0.8191608500270705,0.024878119583660863,0.5383333333333333
21050,0.5,370,715,0.8136216021313734,0.025903690226108823,0.5475,0.8408169644678701,0.027584114096431207,0.5475
21051,0.5,369,735,0.7754995544131964,0.035262200851271255,0.5466666666666666,0.7738021892523834,0.034279747141887744,0.5466666666666666
21052,0.5,351,692,0.8018752563287455,0.0261642890734277,0.5433333333333333,0.7660700240705108,0.025863431393303018,0.5433333333333333
21053,0.5,338,686,0.7886919896675855,0.024646326086926813,0.545,0.814735797316009,0.02376986115785889,0.545
21054,0.5,354,712,0.8097904377088997,0.026009256516513736,0.55625,0.7912260131924833,0.02698220436904287,0.55625
21055,0.5,338,688,0.8257461071067658,0.03462167841188278,0.5383333333333333,0.8050009036262267,0.030444436338886258,0.5383333333333333
21056,0.5,354,692,0.8062306038956454,0.027495610556369017,0.5391666666666667,0.8162040502370039,0.026110218160823897,0.5391666666666667
21057,0.5,377,730,0.8214984467402807,0.022279347717576507,0.54875,0.7901378361036688,0.019990722247342295,0.54875
21058,0.5,351,721,0.7894153101365831,0.021215431519296134,0.56,0.7676540673282773,0.021740640461704472,0.56
21059,0.5,370,712,0.812247896186413,0.03326167558748761,0.53875,0.7654101645202251,0.033229420272510475,0.53875
21060,0.5,324,717,0.8061402405380488,0.03399924885327897,0.5591666666666667,0.8126739224172049,0.030302936152681217,0.5591666666666667
21061,0.5,350,700,0.8202432100242252,0.021393801504261734,0.5495833333333333,0.8018350935936066,0.021834003668381965,0.5495833333333333
21062,0.5,339,671,0.7936075797517431,0.02854672501238241,0.5408333333333334,0.8141233041518962,0.028023190618772727,0.5408333333333334
21063,0.5,360,713,0.7713850562219073,0.029033126612217436,0.5495833333333333,0.7881371104876734,0.029673207730055277,0.5495833333333333
21064,0.5,354,716,0.8176485544267214,0.021154776651298134,0.5441666666666667,0.8009033490635411,0.019304620626876292,0.5441666666666667
21065,0.5,373,716,0.8146417890401909,0.02039812390067785,0.5504166666666667,0.8254421177514336,0.02022781265423742,0.5504166666666667
21066,0.5,338,703,0.8175729838193039,0.032028000476741564,0.5545833333333333,0.7789485454329912,0.02913680597100401,0.5545833333333333
21067,0.5,336,678,0.740871209366502,0.021345212470808974,0.55,0.785290078326661,0.02016363146862529,0.55
21068,0.5,347,710,0.7718846549599678,0.02592085715585786,0.55125,0.7862485332008485,0.025461003112279758,0.55125
21069,0.5,349,696,0.811175242239568,0.03357654733352137,0.5454166666666667,0.8002256434953601,0.03006778170897057,0.5454166666666667
21070,0.5,347,708,0.811993867626747,0.02447733541978396,0.5529166666666666,0.8213879350950548,0.025003608829317504,0.5529166666666666
21071,0.5,379,718,0.8095696560901966,0.028954127902517345,0.5391666666666667,0.8034671363901045,0.030402645854056307,0.5391666666666667
21072,0.5,332,696,0.7741206688414242,0.021022975217343223,0.545,0.7817963322718291,0.02094421992997801,0.545
21073,0.5,333,687,0.7912978966492011,0.035035571501267716,0.5391666666666667,0.7954095413198016,0.03469155451521599,0.5391666666666667
21074,0.5,352,687,0.7632518255955214,0.019306334537792166,0.5379166666666667,0.7580055625511017,0.01741611764752345,0.5379166666666667
21075,0.5,376,720,0.7801040298532144,0.04331231288762448,0.5475,0.792849538994039,0.04398553072403343,0.5475
21076,0.5,346,700,0.8059949141436205,0.033007063158984724,0.5483333333333333,0.792934031728019,0.03670857790678171,0.5483333333333333
21077,0.5,345,671,0.8019618121168312,0.02498751040556116,0.5379166666666667,0.8021412057046815,0.02209951208380869,0.5379166666666667
21078,0.5,346,703,0.8033079615386329,0.04163406988211251,0.5495833333333333,0.7785710444809323,0.0406104903398131,0.5495833333333333
21079,0.5,328,712,0.7900472018472815,0.01766984437209509,0.5616666666666666,0.8063906129148536,0.017212716665160843,0.5616666666666666
21080,0.5,377,725,0.7849823589946475,0.02847256581965471,0.5366666666666666,0.8063913525769477,0.028661876154205165,0.5366666666666666
21081,0.5,346,704,0.8369301111782729,0.03031096288150259,0.5470833333333334,0.8325636697523313,0.030299313631588828,0.5470833333333334
21082,0.5,353,694,0.7843835924792719,0.02881194233168743,0.5433333333333333,0.8021298244380469,0.027148594437957575,0.5433333333333333
21083,0.5,364,718,0.7643257483204078,0.02457220091350361,0.5508333333333333,0.7742373915522407,0.025153582876884795,0.5508333333333333
21084,0.5,346,705,0.8134243839142906,0.030291432299100435,0.55375,0.825024664160404,0.032485562085551374,0.55375
21085,0.5,346,687,0.7782642516351377,0.032944356170164044,0.54625,0.7981713257219862,0.03659144665647071,0.54625
21086,0.5,355,739,0.7805205381252681,0.023684425497714056,0.5591666666666667,0.7829349923219387,0.02157720272885147,0.5591666666666667
21087,0.5,360,693,0.8092770627421024,0.025558933081358346,0.5370833333333334,0.756815310906554,0.027704748769516018,0.5370833333333334
21088,0.5,353,739,0.8427713212820472,0.05059827910926671,0.56,0.8479553502703885,0.04293783102459452,0.56
21089,0.5,342,687,0.7803400784542565,0.02270347277614242,0.5545833333333333,0.8065062054777394,0.02478757092551603,0.5545833333333333
21090,0.5,364,712,0.7825938475532084,0.030243698953179507,0.5508333333333333,0.8338740037402942,0.027657241277858458,0.5508333333333333
21091,0.5,328,687,0.78178035877647,0.030329619974690504,0.55375,0.7677409811673166,0.030130739354179936,0.55375
21092,0.5,365,746,0.8103703048687285,0.027360556693903984,0.5608333333333333,0.8186106209026165,0.02914840071960005,0.5608333333333333
21093,0.5,322,674,0.7993468076607526,0.02723785361830346,0.56125,0.811857557250509,0.028045881781973248,0.56125
21094,0.5,361,718,0.779479906624191,0.02237516525293649,0.5345833333333333,0.7676598430173914,0.02335352276561576,0.5345833333333333
21095,0.5,351,689,0.8106796404298854,0.03018559776068075,0.5425,0.8090772524212555,0.028129435374423237,0.5425
21096,0.5,374,698,0.8307030868384353,0.019528143866938158,0.53125,0.8167050260233992,0.018809658630673055,0.53125
21097,0.5,330,641,0.8440985464796552,0.021181893220617323,0.5441666666666667,0.8134533234437904,0.0205860710995905,0.5441666666666667
21098,0.5,354,695,0.8059161493030153,0.020021230081965442,0.55125,0.7973172289896235,0.018482741437680784,0.55125
21099,0.5,365,712,0.8235735485423059,0.023130092275985045,0.5475,0.802138079701959,0.02104631472914918,0.5475
21100,0.5,350,705,0.7971098985286056,0.01508033601488437,0.5516666666666666,0.8333958129608451,0.018876085568122418,0.5516666666666666
21001,0.7,416,690,0.6440744509507128,0.04877554428811947,0.5108333333333334,0.7895611922087789,0.046253384696673186,0.5108333333333334
21002,0.7,428,702,0.6793160880122276,0.03996771670840166,0.5133333333333333,0.8049933856703413,0.038035525842084666,0.5133333333333333
21003,0.7,431,686,0.6291203548814439,0.038896354903876613,0.5083333333333333,0.7707409048787893,0.03627938328689318,0.5083333333333333
21004,0.7,455,731,0.6838017817022071,0.02959375570152069,0.5133333333333333,0.8183925074446342,0.03236877506386979,0.5133333333333333
21005,0.7,425,713,0.6666923329234382,0.045564575110245746,0.5095833333333334,0.8059655724222977,0.04829182584898383,0.5095833333333334
21006,0.7,412,692,0.6533659673325777,0.03510034548097156,0.51375,0.807461916826386,0.030530265757151766,0.51375
21007,0.7,412,704,0.6616484564254123,0.03368040872070189,0.5208333333333334,0.8143761982710331,0.031099336164205748,0.5208333333333334
21008,0.7,439,718,0.6485797102160323,0.033088163847516755,0.5154166666666666,0.8065385547576585,0.034473232720410134,0.5154166666666666
21009,0.7,418,712,0.6297718614828399,0.029800054186970133,0.5191666666666667,0.759390156555094,0.029833100032078785,0.5191666666666667
21010,0.7,421,687,0.6517515779734252,0.04152571140432381,0.5220833333333333,0.7851514366450201,0.041076336189253146,0.5220833333333333
21011,0.7,433,696,0.6761117396216674,0.033539313787962294,0.5145833333333333,0.8551670813282011,0.03161223138167472,0.5145833333333333
21012,0.7,431,695,0.6512138171060631,0.04184948863220121,0.5066666666666667,0.8128024269127936,0.035590110688314525,0.5066666666666667
21013,0.7,412,681,0.6330833633802696,0.042130243741494315,0.50125,0.7923286811871354,0.042548067922264995,0.50125
21014,0.7,451,702,0.6187516197737268,0.031886847837271345,0.50875,0.7886354281985107,0.03137541795322174,0.50875
21015,0.7,391,675,0.6620551252975821,0.02708727892347838,0.5354166666666667,0.8003448768827468,0.02652022403457132,0.5354166666666667
21016,0.7,414,703,0.6588068329119824,0.027013189931300752,0.5304166666666666,0.7911761187143616,0.026774120436612682,0.5304166666666666
21017,0.7,401,694,0.7220182327287719,0.040776471157418004,0.5254166666666666,0.8346584182507663,0.04208546937441291,0.5254166666666666
21018,0.7,420,674,0.6705299903539744,0.029876937144906156,0.5108333333333334,0.8229149093816346,0.03212614047960991,0.5108333333333334
21019,0.7,431,690,0.7149476428270064,0.03677692660670098,0.5154166666666666,0.8202176925794991,0.04056290280003926,0.5154166666666666
21020,0.7,452,724,0.6462782483990883,0.0321670328724562,0.50625,0.7984803308389733,0.028500158191936992,0.50625
21021,0.7,420,697,0.6272352048234755,0.024434272478000927,0.5091666666666667,0.7799206017099285,0.022580848352279713,0.5091666666666667
21022,0.7,446,697,0.6510620344144417,0.04227788730349096,0.5016666666666667,0.7961513476168787,0.033733046371303255,0.5016666666666667
21023,0.7,432,694,0.6914441997240003,0.025386484804133306,0.5195833333333333,0.8157561941912034,0.027127381827439147,0.5195833333333333
21024,0.7,457,720,0.66194182922216,0.027816842885324256,0.5141666666666667,0.8195262553559994,0.025700180029148468,0.5141666666666667
21025,0.7,427,726,0.6604647052740743,0.028442060853605053,0.5258333333333334,0.8082595360305153,0.02624579960322733,0.5258333333333334
21026,0.7,437,733,0.6567396782297048,0.02340935343699089,0.52375,0.7747403489070681,0.02331680162155167,0.52375
21027,0.7,408,713,0.6600984468842315,0.025263190375289457,0.5220833333333333,0.7853272668299143,0.02664354657679268,0.5220833333333333
21028,0.7,436,719,0.6465513860123714,0.0294600640318918,0.5225,0.8063818335075545,0.028008897529471076,0.5225
21029,0.7,426,694,0.6309359945658066,0.03880946061925102,0.515,0.8054625625252286,0.03409424800016063,0.515
21030,0.7,411,691,0.6485760743635225,0.01821088938972734,0.5279166666666667,0.8257952391373197,0.015593892533823973,0.5279166666666667
21031,0.7,458,730,0.6530990394411236,0.03444879479208525,0.5108333333333334,0.8045717125962054,0.03161620324580604,0.5108333333333334
21032,0.7,449,724,0.6610655724608303,0.026543560823780028,0.5045833333333334,0.7932586271952552,0.0249277151473446,0.5045833333333334
21033,0.7,419,692,0.6497535099194274,0.02886859825057282,0.5179166666666667,0.8119293969683701,0.022795914580704686,0.5179166666666667
21034,0.7,426,690,0.6621566717979559,0.02907808638462157,0.5104166666666666,0.7984451589051449,0.030179453816725942,0.5104166666666666
21035,0.7,420,678,0.6698809457520759,0.03567357134610205,0.5116666666666667,0.8431195280201871,0.035941346350781354,0.5116666666666667
21036,0.7,422,692,0.6938220219714468,0.03650187665053706,0.5175,0.8476961678207536,0.03661651580308405,0.5175
21037,0.7,449,713,0.6470932558216703,0.03128538152033522,0.5091666666666667,0.7234785863256104,0.035034650322292735,0.5091666666666667
21038,0.7,409,692,0.6953796737484627,0.0365167911919182,0.5245833333333333,0.8018793675826562,0.03812731513476148,0.5245833333333333
21039,0.7,435,702,0.679501330371037,0.04140731572851327,0.5154166666666666,0.8074154990226303,0.03828830170618121,0.5154166666666666
21040,0.7,434,711,0.6969610802631476,0.02431131915901958,0.5158333333333334,0.8172032735432955,0.024137729661998588,0.5158333333333334
21041,0.7,421,685,0.6295301327599355,0.02926505048843219,0.5170833333333333,0.7965131025440926,0.027878696019426535,0.5170833333333333
21042,0.7,451,697,0.7093250621966439,0.029677039074384494,0.5025,0.8592796273278397,0.032186106601210976,0.5025
21043,0.7,416,717,0.6453088113615538,0.027300860591822892,0.5316666666666666,0.7779943359831271,0.029102689096427613,0.5316666666666666
21044,0.7,423,687,0.6817880224559656,0.04690719232095251,0.5154166666666666,0.8045512477235063,0.048300537318993926,0.5154166666666666
21045,0.7,432,711,0.6545034321983093,0.04998176219348483,0.5120833333333333,0.7910134790227266,0.05009536422483144,0.5120833333333333
21046,0.7,441,705,0.6375978119296942,0.01708351497245606,0.5083333333333333,0.8273114382650099,0.017805083497069343,0.5083333333333333
21047,0.7,449,689,0.6865501341385085,0.037063927240003035,0.4945833333333333,0.8263899998135236,0.03299413803075851,0.4945833333333333
21048,0.7,441,699,0.6443997834908507,0.044147624204437706,0.505,0.8177453974360656,0.04020656886250038,0.505
21049,0.7,424,681,0.6807914883742983,0.03262989215291912,0.5070833333333333,0.7801455611900178,0.034103416472116156,0.5070833333333333
21050,0.7,461,715,0.6724320526791429,0.0356185704596773,0.5095833333333334,0.8147400602845184,0.03292962105625803,0.5095833333333334
21051,0.7,442,735,0.632597804602675,0.04297948845559731,0.51625,0.788743007029878,0.040562633365980656,0.51625
21052,0.7,440,692,0.6545746198806393,0.032099226912314954,0.50625,0.776023055623705,0.030319747812867656,0.50625
21053,0.7,422,686,0.6479453158834034,0.0308362294096758,0.51,0.8167355370616515,0.027167836746310563,0.51
21054,0.7,439,712,0.6631168132484206,0.03639080103943352,0.5208333333333334,0.791001188462099,0.03746950975297624,0.5208333333333334
21055,0.7,402,688,0.6997439859135111,0.0419284742301492,0.5116666666666667,0.788816418786639,0.04149475394648832,0.5116666666666667
21056,0.7,427,692,0.6687172194615827,0.037159185612424005,0.50875,0.8421549544798402,0.032255040132453686,0.50875
21057,0.7,453,730,0.6684977887543928,0.02985720969751909,0.5170833333333333,0.7767390732524452,0.026077438058331695,0.5170833333333333
21058,0.7,431,721,0.6402076191113428,0.03382003322128122,0.5266666666666666,0.783874042909966,0.028490635099902097,0.5266666666666666
21059,0.7,435,712,0.6661720898556118,0.03907355284709472,0.5116666666666667,0.8095649549520146,0.039440217050682375,0.5116666666666667
21060,0.7,425,717,0.6667028069531898,0.043493824197057086,0.5170833333333333,0.8059737046174131,0.0409851855473605,0.5170833333333333
21061,0.7,418,700,0.6707678751801966,0.027793182508367292,0.52125,0.8053395824244659,0.03173468930188031,0.52125
21062,0.7,405,671,0.6806248855202518,0.03313224857252925,0.5133333333333333,0.7968713711122097,0.03629328775759067,0.5133333333333333
21063,0.7,421,713,0.640141078011064,0.03179583554312948,0.5241666666666667,0.8142082493247896,0.034632635430726984,0.5241666666666667
21064,0.7,436,716,0.6909691318683276,0.02592962014767932,0.51,0.787895659050013,0.027888040237427695,0.51
21065,0.7,447,716,0.6897969948070867,0.02478302187380816,0.5195833333333333,0.7904695656476538,0.02948793994612237,0.5195833333333333
21066,0.7,426,703,0.6571553365056769,0.04095876492572564,0.5179166666666667,0.7855187356512557,0.03461227073393599,0.5179166666666667
21067,0.7,405,678,0.5971165972373499,0.025199648551761825,0.52125,0.7608586104224266,0.02569326754634965,0.52125
21068,0.7,439,710,0.5864719783993145,0.03787380352950921,0.5129166666666667,0.7857239341955014,0.036021436944450154,0.5129166666666667
21069,0.7,414,696,0.6676865568110296,0.03829363147404307,0.5183333333333333,0.8150822162799197,0.03734064181810718,0.5183333333333333
21070,0.7,426,708,0.6703431663497115,0.0325232137936755,0.52,0.7931853769140511,0.031401367803038566,0.52
21071,0.7,453,718,0.6691916209859411,0.03632820482692665,0.5083333333333333,0.7853048588691404,0.037688453052400546,0.5083333333333333
21072,0.7,419,696,0.6422815104766222,0.028531679805122678,0.50875,0.7974994621569819,0.024693017987271432,0.50875
21073,0.7,397,687,0.6603692998394818,0.04337030280697673,0.5125,0.824298656110682,0.04009728716000397,0.5125
21074,0.7,412,687,0.6039678393382205,0.024554463557150477,0.5129166666666667,0.7541222040594305,0.022443161633536792,0.5129166666666667
21075,0.7,446,720,0.639151572797309,0.057411227294903784,0.5183333333333333,0.7798025428736273,0.05700891007177418,0.5183333333333333
21076,0.7,423,700,0.664495505336989,0.040450436903270395,0.51625,0.7948880225435981,0.04913519820631242,0.51625
21077,0.7,412,671,0.6603167949061824,0.031396080563654484,0.51,0.835894395381932,0.03261687910112869,0.51
21078,0.7,424,703,0.6349923569814351,0.05295861269631618,0.5170833333333333,0.8079350382336005,0.052673115201851535,0.5170833333333333
21079,0.7,423,712,0.6573818942760501,0.024731888299702322,0.5220833333333333,0.7969709495620763,0.024147195513589396,0.5220833333333333
21080,0.7,446,725,0.6310126530409963,0.03697618423121497,0.5079166666666667,0.7444836901902054,0.03797450706994142,0.5079166666666667
21081,0.7,438,704,0.7022276925451647,0.03991440225413968,0.50875,0.8225784496401205,0.034628450875047866,0.50875
21082,0.7,440,694,0.641644960130719,0.0360742672037556,0.5070833333333333,0.7766252066302063,0.03345238803107989,0.5070833333333333
21083,0.7,443,718,0.6186689790503764,0.03140027047588613,0.5179166666666667,0.8121197878195098,0.029710374856673015,0.5179166666666667
21084,0.7,436,705,0.6655352965179491,0.04224212200701168,0.51625,0.8466921811837753,0.040711481701686515,0.51625
21085,0.7,430,687,0.5904498925277922,0.04444223069271708,0.51125,0.7711009251915837,0.04519729767580896,0.51125
21086,0.7,426,739,0.6558111364502998,0.02880276754244845,0.5295833333333333,0.7806464645420358,0.03128575797765796,0.5295833333333333
21087,0.7,432,693,0.6611256823862794,0.0317086502486743,0.5070833333333333,0.758812563341454,0.031475815351932834,0.5070833333333333
21088,0.7,448,739,0.7001108120849187,0.061985693496881024,0.5204166666666666,0.8208295138626508,0.0577233306499078,0.5204166666666666
21089,0.7,414,687,0.6162394633516889,0.030277605539120886,0.5245833333333333,0.8105713450143752,0.02596936939517828,0.5245833333333333
21090,0.7,442,712,0.6456676797712524,0.04242012575130366,0.5183333333333333,0.7882245849213576,0.03360666659859733,0.5183333333333333
21091,0.7,394,687,0.6361827220225693,0.03723115502272621,0.52625,0.7881732889728049,0.03471722856802761,0.52625
21092,0.7,440,746,0.6950526191403416,0.03688962963167997,0.5295833333333333,0.8142579549544271,0.0361415668925727,0.5295833333333333
21093,0.7,413,674,0.6553668214066519,0.0380378787038479,0.5233333333333333,0.7847383686498506,0.0351561613236909,0.5233333333333333
21094,0.7,433,718,0.6136565795933082,0.030446687299689367,0.5045833333333334,0.7410403920083576,0.029310323589854193,0.5045833333333334
21095,0.7,440,689,0.6872426820256624,0.03593081947475035,0.5054166666666666,0.8130006549559482,0.0358942185395291,0.5054166666666666
21096,0.7,449,698,0.6715294207838987,0.025706937003500973,0.5,0.8120116781557435,0.02295900725548453,0.5
21097,0.7,414,641,0.6718621118625825,0.025771580612954887,0.5091666666666667,0.823713720462638,0.0274195444601633,0.5091666666666667
21098,0.7,438,695,0.6443730915243182,0.02805453261237338,0.51625,0.809733995418788,0.03116278069980055,0.51625
21099,0.7,447,712,0.6730617745927012,0.029481622326884994,0.5133333333333333,0.7970205321788639,0.03207726207238092,0.5133333333333333
21100,0.7,437,705,0.6605515658819684,0.024357705839026612,0.5154166666666666,0.7712048841720758,0.02501201342817165,0.5154166666666666
21001,0.9,487,690,0.39165522962587496,0.06288720600402394,0.48125,0.7836971209017892,0.060454082474622715,0.48125
21002,0.9,505,702,0.46020524008969027,0.051344172805691236,0.48125,0.8086191273764861,0.04731839061712865,0.48125
21003,0.9,499,686,0.4023253152446118,0.04647481516404427,0.48,0.7526534784879166,0.04544061047651617,0.48
21004,0.9,552,731,0.44255050985327,0.04318259882337672,0.47291666666666665,0.8541258051421848,0.04292680355631323,0.47291666666666665
21005,0.9,525,713,0.3959491602761401,0.06630305880477899,0.46791666666666665,0.8202154650139261,0.06283974804816635,0.46791666666666665
21006,0.9,501,692,0.4060003968974891,0.046637420952772006,0.4766666666666667,0.8294211521735172,0.03894903842093028,0.4766666666666667
21007,0.9,502,704,0.4031769281356904,0.04662541527481662,0.48333333333333334,0.813115717307048,0.039104294583957956,0.48333333333333334
21008,0.9,515,718,0.42253190072806013,0.04731745659090258,0.48375,0.796856243338899,0.04636856612155951,0.48375
21009,0.9,504,712,0.3818401014181928,0.042080263193147636,0.48333333333333334,0.7837323462082091,0.0408308050588818,0.48333333333333334
21010,0.9,483,687,0.43090399812211566,0.05340234623334229,0.49625,0.8127386126462778,0.05063417512497289,0.49625
21011,0.9,502,696,0.44844911508770796,0.040515075258116685,0.48583333333333334,0.8143441680110083,0.04092882575441498,0.48583333333333334
21012,0.9,509,695,0.4000625559943082,0.052544419851308755,0.4741666666666667,0.79307461132359,0.05066434975735782,0.4741666666666667
21013,0.9,474,681,0.43913876659892925,0.04891072935113248,0.47541666666666665,0.7749859668462523,0.05067745005099622,0.47541666666666665
21014,0.9,505,702,0.40253049462462287,0.038383848290660334,0.48625,0.8354460668448717,0.0407345644695565,0.48625
21015,0.9,481,675,0.393956454066271,0.04104152187537015,0.4979166666666667,0.7878434273640406,0.035634247957838296,0.4979166666666667
21016,0.9,473,703,0.46640862406496003,0.03298106298596057,0.5058333333333334,0.7876357778483714,0.029984087232221304,0.5058333333333334
21017,0.9,508,694,0.477400443098824,0.051898619739157686,0.48083333333333333,0.820978946656584,0.05865067146262245,0.48083333333333333
21018,0.9,490,674,0.48928409377858834,0.035816748566879185,0.4816666666666667,0.8327361482512087,0.03794062097944012,0.4816666666666667
21019,0.9,508,690,0.5036660952877716,0.04746371443707033,0.48333333333333334,0.8345860972602831,0.050749035024869174,0.48333333333333334
21020,0.9,531,724,0.38542765812600593,0.04316484564285861,0.47333333333333333,0.8000854471433984,0.039984715964934525,0.47333333333333333
21021,0.9,477,697,0.3896419411054094,0.030424778256299186,0.48541666666666666,0.7369340173103223,0.030519249442717118,0.48541666666666666
21022,0.9,509,697,0.4436919842654811,0.04751774609235863,0.47541666666666665,0.8027556007503452,0.045161535389158236,0.47541666666666665
21023,0.9,511,694,0.4438442508594046,0.03496176224210374,0.4866666666666667,0.8374631619746149,0.03319069342795709,0.4866666666666667
21024,0.9,526,720,0.4316626289348833,0.03328108282937679,0.48541666666666666,0.8145560270686476,0.032996506420396,0.48541666666666666
21025,0.9,513,726,0.4133516151369806,0.04268299641784125,0.49,0.7837120342697084,0.038488838287478906,0.49
21026,0.9,523,733,0.4013693546711962,0.03161892447935197,0.48791666666666667,0.7708105627632372,0.026318398325989208,0.48791666666666667
21027,0.9,490,713,0.4342865024392947,0.03311436458609631,0.48791666666666667,0.7895744663989896,0.034982720460923246,0.48791666666666667
21028,0.9,516,719,0.4466575301907209,0.0386488522796782,0.4891666666666667,0.8190985677788357,0.03894147710177714,0.4891666666666667
21029,0.9,502,694,0.3851879807025305,0.049621475493671456,0.48333333333333334,0.7736377175707525,0.04866311551832444,0.48333333333333334
21030,0.9,497,691,0.3895033990799835,0.030412610329041124,0.4920833333333333,0.758179098866717,0.025545583155142222,0.4920833333333333
21031,0.9,531,730,0.3982701793859051,0.044077260892347155,0.48041666666666666,0.7937536335957056,0.042796767306384646,0.48041666666666666
21032,0.9,508,724,0.41774739496338426,0.03564152234652472,0.48,0.7425398061400446,0.035178259646231946,0.48
21033,0.9,492,692,0.39144177061755486,0.035823045890563156,0.4875,0.7889051550905541,0.032524876680438,0.4875
21034,0.9,488,690,0.4333531895843034,0.036028091784309685,0.4845833333333333,0.8071104673526266,0.034610504556851024,0.4845833333333333
21035,0.9,513,678,0.4340308028942794,0.04758789979803484,0.47291666666666665,0.8585305102133464,0.04653630974304698,0.47291666666666665
21036,0.9,500,692,0.4843457305442905,0.04974633054002002,0.485,0.8179748523237412,0.045013033330810144,0.485
21037,0.9,522,713,0.37842761196773894,0.039071380021110144,0.47875,0.820642534669038,0.037948636089144214,0.47875
21038,0.9,491,692,0.44333432030948,0.04929746610010816,0.49041666666666667,0.7957419765902384,0.04676978137514667,0.49041666666666667
21039,0.9,502,702,0.45760036082003536,0.052130050037847445,0.4875,0.7918576919929952,0.05109056632452933,0.4875
21040,0.9,507,711,0.48436550250115895,0.03474819613786644,0.48541666666666666,0.8135830804941019,0.034181431538282216,0.48541666666666666
21041,0.9,486,685,0.4128649028865874,0.03445587094355263,0.49,0.7826436092469166,0.03468137512059663,0.49
21042,0.9,511,697,0.4614482710320865,0.037473831056695224,0.4775,0.8267527939721754,0.041485046974012174,0.4775
21043,0.9,498,717,0.44887466209705673,0.03644503574229464,0.4975,0.7881220248229145,0.038298558782393785,0.4975
21044,0.9,490,687,0.44340049894687683,0.05697998882746933,0.4875,0.7836637132061219,0.05604544016768188,0.4875
21045,0.9,511,711,0.4140391398646432,0.06528119391114087,0.4791666666666667,0.8209952847431489,0.064979301174508,0.4791666666666667
21046,0.9,510,705,0.4021765318487157,0.0233956831763065,0.4795833333333333,0.8023258077146672,0.025121787647698082,0.4795833333333333
21047,0.9,512,689,0.47772561698910804,0.04925270836232154,0.4683333333333333,0.8249234185101512,0.04505404145316156,0.4683333333333333
21048,0.9,510,699,0.38251619049484714,0.06064503068201392,0.47625,0.803423597765443,0.051685431197237876,0.47625
21049,0.9,504,681,0.4555913089983519,0.044419702388654725,0.47375,0.8037318562599474,0.04300590018004755,0.47375
21050,0.9,531,715,0.45674393096147603,0.04229554742370548,0.48041666666666666,0.8101179283323805,0.046114536912669986,0.48041666666666666
21051,0.9,515,735,0.4093702569183426,0.05181320578745827,0.48583333333333334,0.7955411483273032,0.055261462070957466,0.48583333333333334
21052,0.9,495,692,0.3950843082169912,0.03882098922120911,0.48333333333333334,0.7791512866459172,0.03950299944659879,0.48333333333333334
21053,0.9,491,686,0.42553347735725133,0.03772556808148531,0.48125,0.834293207297149,0.036791876053388496,0.48125
21054,0.9,503,712,0.4469403510762233,0.049299565485348654,0.49416666666666664,0.779737265388002,0.04488532418145512,0.49416666666666664
21055,0.9,487,688,0.4331165718023291,0.05485499148612638,0.47625,0.7912603918134166,0.05211980233995944,0.47625
21056,0.9,508,692,0.41411366684798007,0.04251462364156169,0.475,0.814553392070867,0.042652144124254644,0.475
21057,0.9,519,730,0.3849425518873799,0.03622192494167347,0.4895833333333333,0.8026807265749512,0.03243831806954426,0.4895833333333333
21058,0.9,496,721,0.4312102503679445,0.042761189705671575,0.4995833333333333,0.7844105754644967,0.038497827437919734,0.4995833333333333
21059,0.9,509,712,0.41353642635875754,0.05122365375989152,0.48083333333333333,0.7950777770430186,0.05552953284927208,0.48083333333333333
21060,0.9,515,717,0.44539366240356953,0.05795400290415965,0.4795833333333333,0.8215860460036595,0.061600645143443815,0.4795833333333333
21061,0.9,511,700,0.4075771893221827,0.0419911342530535,0.4825,0.8048421469374999,0.03916159851749285,0.4825
21062,0.9,489,671,0.45058312671612977,0.04920652744253962,0.47833333333333333,0.821251293361636,0.045061267209828886,0.47833333333333333
21063,0.9,507,713,0.38886631020980744,0.042964031124228357,0.48833333333333334,0.7587884994553187,0.04614114669964593,0.48833333333333334
21064,0.9,518,716,0.44390097390890787,0.0359748044341803,0.47583333333333333,0.8474064908884796,0.037404093058990104,0.47583333333333333
21065,0.9,509,716,0.4645002591444225,0.03184273960895639,0.49375,0.7746801944408398,0.03526205111514455,0.49375
21066,0.9,505,703,0.41949782140983133,0.05105840853204166,0.485,0.7896139016439795,0.049359414690194094,0.485
21067,0.9,478,678,0.3833825086837163,0.0304605676083909,0.49083333333333334,0.7642847631139302,0.03208765451053726,0.49083333333333334
21068,0.9,495,710,0.3690190910404307,0.04793529284627706,0.4895833333333333,0.7733334574831281,0.04670163344906577,0.4895833333333333
21069,0.9,500,696,0.44406486005629886,0.05065422610405218,0.4825,0.7832666330669074,0.049375968238296465,0.4825
21070,0.9,515,708,0.4288519506765057,0.044883768097334194,0.48291666666666666,0.8194469202205635,0.04497481328768349,0.48291666666666666
21071,0.9,516,718,0.4056906360875978,0.04284862949279211,0.4820833333333333,0.8022030827544719,0.041877231001731526,0.4820833333333333
21072,0.9,484,696,0.41350579493581985,0.03494647401904287,0.4816666666666667,0.7862604235099507,0.03549941934470651,0.4816666666666667
21073,0.9,488,687,0.42997688828029834,0.0600326388703428,0.47458333333333336,0.8040437724691496,0.0513801689453107,0.47458333333333336
21074,0.9,476,687,0.37338950966164614,0.03337607161788572,0.48625,0.7893111596469395,0.02660683793800535,0.48625
21075,0.9,532,720,0.3739003481996126,0.07505104918812205,0.4825,0.8102422707075458,0.06718749748505867,0.4825
21076,0.9,499,700,0.43645874552165165,0.05511023559609794,0.4845833333333333,0.8369565013864825,0.048708931305859855,0.4845833333333333
21077,0.9,469,671,0.42459539000295005,0.04109132397873337,0.48625,0.8383570915326398,0.03790664734556754,0.48625
21078,0.9,492,703,0.39630590716264547,0.06327677398921594,0.48875,0.8102556560580894,0.05768376492863325,0.48875
21079,0.9,491,712,0.4694461967366152,0.032601450728488225,0.49375,0.7949364356663828,0.026271835952942753,0.49375
21080,0.9,504,725,0.4073916909282293,0.04748129463321397,0.48375,0.7571370289711983,0.04579328786371156,0.48375
21081,0.9,524,704,0.427640401976708,0.05014696038175315,0.47291666666666665,0.8106106852817976,0.05345740532605941,0.47291666666666665
21082,0.9,515,694,0.37365485320150094,0.04702886989560669,0.47583333333333333,0.789249757606996,0.04547724237245437,0.47583333333333333
21083,0.9,508,718,0.37800430613657093,0.038526123787433544,0.49083333333333334,0.8013038855533281,0.036660044103941476,0.49083333333333334
21084,0.9,510,705,0.4482139055695013,0.05627049673237925,0.48541666666666666,0.8876907891548992,0.04988793387719298,0.48541666666666666
21085,0.9,498,687,0.3662141661902109,0.06078414270195432,0.48291666666666666,0.7795777071888627,0.05713772363672568,0.48291666666666666
21086,0.9,521,739,0.40287036434214735,0.04070949358028891,0.49,0.7951593623868387,0.0419268533206138,0.49
21087,0.9,496,693,0.4388253378593567,0.03865358207050054,0.48041666666666666,0.7864729400741389,0.03737167853466474,0.48041666666666666
21088,0.9,524,739,0.48718812820114915,0.08324838392929057,0.48875,0.8227647657108603,0.08239388978259812,0.48875
21089,0.9,486,687,0.3818146928927376,0.037848328495433584,0.4945833333333333,0.8209021889324445,0.0360090778889126,0.4945833333333333
21090,0.9,516,712,0.40002182876440173,0.05195597315003235,0.4875,0.7980517728756569,0.04536327895835659,0.4875
21091,0.9,485,687,0.41773415143813786,0.0496478089356854,0.48833333333333334,0.8052958619986373,0.048891215664086426,0.48833333333333334
21092,0.9,542,746,0.4374481901273822,0.04963489248645394,0.4870833333333333,0.7857391976818181,0.049301487112472925,0.4870833333333333
21093,0.9,477,674,0.4460463942487804,0.04360155200445386,0.49666666666666665,0.7714037426160611,0.044908196146181814,0.49666666666666665
21094,0.9,514,718,0.37376137268612,0.041050881793824684,0.4708333333333333,0.7359082118905526,0.04089587548379322,0.4708333333333333
21095,0.9,509,689,0.462471808909608,0.046110693256785275,0.4766666666666667,0.8070736511303493,0.047475673941955406,0.4766666666666667
21096,0.9,517,698,0.41708730980824776,0.03242158444806481,0.4716666666666667,0.8118461640136266,0.03213619752810781,0.4716666666666667
21097,0.9,475,641,0.4436470493334766,0.03265236020981714,0.48375,0.7953787171356089,0.03322505296474373,0.48375
21098,0.9,517,695,0.4071604236799699,0.03426204698294154,0.48333333333333334,0.7628171139879076,0.03956930460587398,0.48333333333333334
21099,0.9,509,712,0.42695981771926816,0.036594841780116016,0.4875,0.841847644151766,0.03565074296931606,0.4875
21100,0.9,527,705,0.4212315160333905,0.036537597188967486,0.47791666666666666,0.8083229351839676,0.03604239256822326,0.47791666666666666
21001,1.0,523,690,0.2301937327255743,0.06943480282957279,0.46625,0.8328659836452207,0.0680901031427639,0.46625
21002,1.0,542,702,0.24934709034940666,0.0597991298353471,0.4658333333333333,0.8265822785776452,0.05595853743917338,0.4658333333333333
21003,1.0,528,686,0.22864178258109394,0.051471263037301304,0.46791666666666665,0.7671688372685449,0.051810066281050116,0.46791666666666665
21004,1.0,590,731,0.24740965568120588,0.050211723886184154,0.45708333333333334,0.8339917325413301,0.047865864601072415,0.45708333333333334
21005,1.0,562,713,0.1778212018591099,0.07903410377847779,0.4525,0.7802698127352325,0.07105327891243977,0.4525
21006,1.0,531,692,0.21796370403424906,0.0498434294349003,0.46416666666666667,0.7713575529351737,0.04559129647195887,0.46416666666666667
21007,1.0,543,704,0.20112345081302319,0.053500573278236166,0.46625,0.8065581150761033,0.04811463759409917,0.46625
21008,1.0,555,718,0.23307197949412514,0.055769868569741754,0.46708333333333335,0.8161578367663591,0.049376617353835764,0.46708333333333335
21009,1.0,540,712,0.19677117063178517,0.048981602239187544,0.4683333333333333,0.8040644937610356,0.04265332060472424,0.4683333333333333
21010,1.0,531,687,0.21853975285577953,0.06425139669726718,0.47625,0.8223131468029596,0.06099838940809924,0.47625
21011,1.0,554,696,0.22935085399869337,0.049444005310181526,0.46416666666666667,0.8572499815265817,0.04992659286620915,0.46416666666666667
21012,1.0,552,695,0.19711489068348842,0.05875104699213082,0.45625,0.8163752809022644,0.054503172040340574,0.45625
21013,1.0,520,681,0.24516091981596622,0.05911646579627457,0.45625,0.7955663615704179,0.05744871633522419,0.45625
21014,1.0,540,702,0.20828310268772413,0.04428372355670562,0.4716666666666667,0.804512247954646,0.0394645457849622,0.4716666666666667
21015,1.0,519,675,0.20460955183706667,0.04752298342268972,0.4820833333333333,0.7952198944987462,0.03946223195736078,0.4820833333333333
21016,1.0,534,703,0.26197571942616255,0.04110890592240984,0.48041666666666666,0.8246082375512713,0.03732095039203255,0.48041666666666666
21017,1.0,553,694,0.28794373760313824,0.06134953839967006,0.46208333333333335,0.8366235783401691,0.06489800219594098,0.46208333333333335
21018,1.0,534,674,0.3000717005804813,0.0432807846111509,0.4633333333333333,0.8255941167138044,0.04294021780684158,0.4633333333333333
21019,1.0,553,690,0.261175099874055,0.05221966160951985,0.46458333333333335,0.8501983028837804,0.0556271828171108,0.46458333333333335
21020,1.0,565,724,0.20357769758098593,0.04794756846240963,0.45916666666666667,0.8241353843815725,0.041985759934800755,0.45916666666666667
21021,1.0,516,697,0.1992096360957636,0.03656463913040264,0.4691666666666667,0.819898398753192,0.035801165381608976,0.4691666666666667
21022,1.0,543,697,0.2459260830075283,0.054732429936352606,0.46125,0.8003351938300146,0.05228948731904743,0.46125
21023,1.0,544,694,0.244288658821565,0.037996164826960326,0.47291666666666665,0.7880942552233587,0.03708949853237601,0.47291666666666665
21024,1.0,559,720,0.25126747864599974,0.036261915730971025,0.4716666666666667,0.7869991188103352,0.038602326801423996,0.4716666666666667
21025,1.0,565,726,0.21326091126850624,0.04947799571518362,0.4683333333333333,0.7861055206043824,0.045207184603985935,0.4683333333333333
21026,1.0,571,733,0.2007833031682833,0.03778676607908682,0.46791666666666665,0.7750257108994127,0.03499415360539048,0.46791666666666665
21027,1.0,538,713,0.21315035068116997,0.04045215993741089,0.46791666666666665,0.8176105883022288,0.04212948341666104,0.46791666666666665
21028,1.0,554,719,0.24574597509585286,0.04544201854192906,0.47333333333333333,0.8010705617606512,0.048286438861868855,0.47333333333333333
21029,1.0,527,694,0.22249400511196635,0.05524906755863112,0.47291666666666665,0.7588505810422805,0.053004986657106644,0.47291666666666665
21030,1.0,531,691,0.21429783220348234,0.03432773510954454,0.47791666666666666,0.8300672433479707,0.0265682588861088,0.47791666666666666
21031,1.0,564,730,0.20559177849112437,0.050305802576313695,0.4666666666666667,0.7985639492386927,0.04542240833567715,0.4666666666666667
21032,1.0,540,724,0.21695769239159604,0.03871964729230245,0.4666666666666667,0.7990106498354101,0.03730574276911859,0.4666666666666667
21033,1.0,531,692,0.1977017416252748,0.041410651624015686,0.47125,0.7975803565504892,0.03746200413933627,0.47125
21034,1.0,522,690,0.2458583263169752,0.038362760491602886,0.47041666666666665,0.8276106947917783,0.03755126575715398,0.47041666666666665
21035,1.0,544,678,0.23427630995540683,0.055610592484114554,0.46,0.810799672512012,0.05056900284699239,0.46
21036,1.0,548,692,0.27928183306740717,0.058062177136333847,0.465,0.8509015835309389,0.05444561361186895,0.465
21037,1.0,554,713,0.19406163083770767,0.043611251834341565,0.46541666666666665,0.8137194741890312,0.0432781405622338,0.46541666666666665
21038,1.0,526,692,0.2469470452909177,0.05571438025622785,0.47583333333333333,0.8048884270177793,0.051373367309789246,0.47583333333333333
21039,1.0,544,702,0.2509020161879588,0.060053796491404486,0.47,0.7935769389699219,0.056819003247325514,0.47
21040,1.0,552,711,0.2826283058574651,0.04088272818699302,0.4666666666666667,0.8513659972030154,0.036179982455365786,0.4666666666666667
21041,1.0,513,685,0.2448637966234762,0.03799764969303102,0.47875,0.7741913027831516,0.03781200375247982,0.47875
21042,1.0,555,697,0.24089291316409897,0.045765406649512765,0.45916666666666667,0.8232753675134734,0.04731903126742585,0.45916666666666667
21043,1.0,540,717,0.23799629587486662,0.03846628707148363,0.48,0.8265939164945587,0.04081658750225799,0.48
21044,1.0,531,687,0.25262099929205634,0.06489206085172872,0.47041666666666665,0.7740121261259029,0.06244847264249008,0.47041666666666665
21045,1.0,550,711,0.2312351391997463,0.07575515891271258,0.46291666666666664,0.7774261437921548,0.06821739941820629,0.46291666666666664
21046,1.0,544,705,0.22226823229976367,0.02779054112622377,0.46541666666666665,0.7834564273822013,0.02496939207142955,0.46541666666666665
21047,1.0,557,689,0.24154788707868768,0.059648374336130704,0.44958333333333333,0.8134011795249009,0.05571274998369118,0.44958333333333333
21048,1.0,536,699,0.21825781552932808,0.06652232897356658,0.46541666666666665,0.7695891506801763,0.05551066462454617,0.46541666666666665
21049,1.0,540,681,0.2644353017431949,0.04978254223170448,0.45875,0.7896878275734652,0.046850147885875666,0.45875
21050,1.0,565,715,0.25493492398577317,0.04802131916706941,0.46625,0.8150968978715466,0.0522880453818337,0.46625
21051,1.0,563,735,0.1975490549361704,0.06305123427143845,0.4658333333333333,0.7606589360996894,0.05974254641204994,0.4658333333333333
21052,1.0,522,692,0.21734070251795246,0.04202024942788276,0.47208333333333335,0.8052524418558848,0.03992525238764108,0.47208333333333335
21053,1.0,540,686,0.20884825481070218,0.04438501944578268,0.4608333333333333,0.7958634716411243,0.045322875848120836,0.4608333333333333
21054,1.0,554,712,0.24300809111743077,0.058554400095823,0.47291666666666665,0.7714343854084514,0.052680768630996994,0.47291666666666665
21055,1.0,532,688,0.22582863108821372,0.06173787948174313,0.4575,0.8099290702970502,0.06460915456093783,0.4575
21056,1.0,545,692,0.24041309971602814,0.04848213140135846,0.45958333333333334,0.8243185203704403,0.048990384150947426,0.45958333333333334
21057,1.0,568,730,0.1814319494020416,0.04285091248811928,0.4691666666666667,0.7607352817523021,0.0402919174376234,0.4691666666666667
21058,1.0,547,721,0.21805328007596717,0.05024150037962304,0.47833333333333333,0.7879980609099042,0.04197946698094038,0.47833333333333333
21059,1.0,545,712,0.22702990721742708,0.05991595720403553,0.4658333333333333,0.836373078846353,0.05853528940702707,0.4658333333333333
21060,1.0,563,717,0.2195060794073513,0.06683774173588414,0.45958333333333334,0.8129208043869156,0.06214897077466574,0.45958333333333334
21061,1.0,540,700,0.25853626172503336,0.04665760260946533,0.47041666666666665,0.7860022369373518,0.0445445290961931,0.47041666666666665
21062,1.0,522,671,0.2804168281938661,0.05555571853168895,0.46458333333333335,0.8278860479257489,0.052148299682704714,0.46458333333333335
21063,1.0,540,713,0.2208412901550752,0.04601928108526401,0.47458333333333336,0.7538971663371546,0.04593431265947874,0.47458333333333336
21064,1.0,561,716,0.2460073720083571,0.04171412514072946,0.4579166666666667,0.8142120667849385,0.041007748060297756,0.4579166666666667
21065,1.0,556,716,0.22969763731218354,0.0376616411051671,0.4741666666666667,0.8156576276323019,0.0393000717479634,0.4741666666666667
21066,1.0,538,703,0.21342201566563193,0.05941737193606948,0.47125,0.7900471107295467,0.054891244248090935,0.47125
21067,1.0,508,678,0.22541616373367312,0.03402959376254499,0.47833333333333333,0.7760613077822526,0.03496908521519622,0.47833333333333333
21068,1.0,532,710,0.19693283510772985,0.054019437214323174,0.4741666666666667,0.8006089402657744,0.05061751193634969,0.4741666666666667
21069,1.0,543,696,0.23312190847507,0.06209308353605814,0.46458333333333335,0.8541940524363697,0.056115657677110395,0.46458333333333335
21070,1.0,547,708,0.2647341811233582,0.050624522618255174,0.46958333333333335,0.8282863954349149,0.0460200162001183,0.46958333333333335
21071,1.0,551,718,0.20989798825807326,0.050439386596684246,0.4675,0.8005160203881301,0.045856216833737605,0.4675
21072,1.0,527,696,0.21740217914723842,0.040203802406949554,0.46375,0.7724892233421102,0.04189274287141586,0.46375
21073,1.0,531,687,0.2320950705920737,0.06679211446412947,0.45666666666666667,0.8347876647734203,0.05676734916103918,0.45666666666666667
21074,1.0,513,687,0.17161870212771332,0.03825051827267587,0.4708333333333333,0.7710966156282892,0.03408399145974285,0.4708333333333333
21075,1.0,559,720,0.2101613895469423,0.08564794536917428,0.47125,0.8245388778273063,0.07946255410937958,0.47125
21076,1.0,543,700,0.20862101911884248,0.06188175551852372,0.46625,0.8153477773622202,0.06402634770388199,0.46625
21077,1.0,516,671,0.243941697889932,0.05000021724980495,0.4666666666666667,0.7664647279632211,0.04898778003085918,0.4666666666666667
21078,1.0,525,703,0.22000909430526952,0.07228661474677568,0.475,0.7756134779043993,0.06954902039878082,0.475
21079,1.0,549,712,0.2276616094912115,0.03915493594278283,0.46958333333333335,0.7933084150854236,0.03790023420131485,0.46958333333333335
21080,1.0,550,725,0.19259002436155329,0.05791476026397854,0.46458333333333335,0.7904549631990384,0.0532778299423848,0.46458333333333335
21081,1.0,564,704,0.22038262248960538,0.05599370626790814,0.45625,0.8325325221642849,0.06273673771736397,0.45625
21082,1.0,537,694,0.2031075645014684,0.050806983322286794,0.4666666666666667,0.820343191867909,0.04947980410389022,0.4666666666666667
21083,1.0,549,718,0.20471989986414738,0.04441310227332547,0.47375,0.7842591632797976,0.04377038643440961,0.47375
21084,1.0,554,705,0.23485382313089556,0.0612358857359521,0.46708333333333335,0.787198326809952,0.06175651442235389,0.46708333333333335
21085,1.0,531,687,0.20915439875011377,0.0684129933399397,0.4691666666666667,0.806636011603758,0.06869843019177524,0.4691666666666667
21086,1.0,567,739,0.21487086026416216,0.0494520766599803,0.4708333333333333,0.7879743330382741,0.04645830777006648,0.4708333333333333
21087,1.0,523,693,0.24749692564065018,0.04522723120763038,0.4691666666666667,0.8148314372357344,0.04128307925532017,0.4691666666666667
21088,1.0,576,739,0.2621742898385053,0.09720676145270192,0.46708333333333335,0.8095064743738747,0.08809042296955726,0.46708333333333335
21089,1.0,524,687,0.2017065661696877,0.04031281089506101,0.47875,0.7894831105620429,0.036784778717040445,0.47875
21090,1.0,551,712,0.1946035074933674,0.05478163291435628,0.47291666666666665,0.8307387772668693,0.048659419801162306,0.47291666666666665
21091,1.0,524,687,0.2292871060041956,0.05765998094821948,0.47208333333333335,0.826203161513931,0.05798231769028682,0.47208333333333335
21092,1.0,588,746,0.19557834105660396,0.06014253626723743,0.46791666666666665,0.8004367283491975,0.05311270231929049,0.46791666666666665
21093,1.0,513,674,0.2703789304203595,0.05102028179794227,0.4816666666666667,0.7848042294293855,0.04623317308675281,0.4816666666666667
21094,1.0,537,718,0.21190824755913085,0.04654257189920309,0.46125,0.7655250588686041,0.0483160872459205,0.46125
21095,1.0,545,689,0.23387490367121286,0.048091814362384654,0.46166666666666667,0.7867347772174175,0.04560392922443758,0.46166666666666667
21096,1.0,538,698,0.26939976466402477,0.03563001745782472,0.46291666666666664,0.8405299793812598,0.033436186968895575,0.46291666666666664
21097,1.0,504,641,0.28094444676035807,0.03711746414548269,0.4716666666666667,0.7782750215565634,0.03485956258900259,0.4716666666666667
21098,1.0,539,695,0.2594190943370954,0.03950598388184276,0.4741666666666667,0.8289731308261054,0.04036031517661143,0.4741666666666667
21099,1.0,559,712,0.23178117940411672,0.04470554111723419,0.4666666666666667,0.7884514130633467,0.0425310178268411,0.4666666666666667
21100,1.0,554,705,0.232694294149961,0.04217790697380894,0.4666666666666667,0.8582248834706129,0.03697320373768972,0.4666666666666667
