analysis,competitor,block_length,n_dates,relative_improvement,bootstrap_se,family_ci_low,family_ci_high,raw_p,holm_p,decision_2pct_family
near_dup_excluded_raw_all_blocks,ZERO,10,403,-0.16442240903682895,0.03380113165161897,-0.24595384349816993,-0.09559129431604874,9.999000099990002e-05,0.00039996000399960006,FPA_WORSE_BEYOND_MARGIN
near_dup_excluded_raw_all_blocks,DIRECT_HUBER,10,403,-0.16165961072972906,0.03167691017180615,-0.23729757145898822,-0.09516297300616744,9.999000099990002e-05,0.00039996000399960006,FPA_WORSE_BEYOND_MARGIN
near_dup_excluded_raw_all_blocks,ORDINARY_SOFT,10,403,-0.1511620732688721,0.028337322142405048,-0.2198002011007845,-0.09313761421100869,9.999000099990002e-05,0.00039996000399960006,FPA_WORSE_BEYOND_MARGIN
near_dup_excluded_raw_all_blocks,HARD_FPA,10,403,0.023782700750777624,0.0033177436413799645,0.01679691566129812,0.031905583880726555,9.999000099990002e-05,0.00039996000399960006,DIFFERENCE_DETECTED_EQUIVALENCE_NOT_SHOWN
near_dup_excluded_raw_all_blocks,ZERO,20,403,-0.16442240903682895,0.034821264234612646,-0.253073675999261,-0.09420870288091743,9.999000099990002e-05,0.00039996000399960006,FPA_WORSE_BEYOND_MARGIN
near_dup_excluded_raw_all_blocks,DIRECT_HUBER,20,403,-0.16165961072972906,0.03345640163506299,-0.24696274529450854,-0.09543845189435553,9.999000099990002e-05,0.00039996000399960006,FPA_WORSE_BEYOND_MARGIN
near_dup_excluded_raw_all_blocks,ORDINARY_SOFT,20,403,-0.1511620732688721,0.030257222405229853,-0.22624316010671144,-0.08930036456756327,9.999000099990002e-05,0.00039996000399960006,FPA_WORSE_BEYOND_MARGIN
near_dup_excluded_raw_all_blocks,HARD_FPA,20,403,0.023782700750777624,0.0037821161654794347,0.016144323872319025,0.033092862516873545,9.999000099990002e-05,0.00039996000399960006,DIFFERENCE_DETECTED_EQUIVALENCE_NOT_SHOWN
near_dup_excluded_raw_all_blocks,ZERO,40,403,-0.16442240903682895,0.03826901844727411,-0.2616090255056063,-0.08964367672249798,9.999000099990002e-05,0.00039996000399960006,FPA_WORSE_BEYOND_MARGIN
near_dup_excluded_raw_all_blocks,DIRECT_HUBER,40,403,-0.16165961072972906,0.036996529938392364,-0.25518738047948697,-0.08854233386713849,9.999000099990002e-05,0.00039996000399960006,FPA_WORSE_BEYOND_MARGIN
near_dup_excluded_raw_all_blocks,ORDINARY_SOFT,40,403,-0.1511620732688721,0.03454569111423981,-0.2390150035280649,-0.08344872255980226,9.999000099990002e-05,0.00039996000399960006,FPA_WORSE_BEYOND_MARGIN
near_dup_excluded_raw_all_blocks,HARD_FPA,40,403,0.023782700750777624,0.004309322233834098,0.015717196565834035,0.034993718790688515,9.999000099990002e-05,0.00039996000399960006,DIFFERENCE_DETECTED_EQUIVALENCE_NOT_SHOWN
near_dup_excluded_calibrated_blocks_2_7,ZERO,10,356,-0.009842519369862817,0.007398200580685982,-0.02759258803137054,0.006155900893875466,0.17738226177382263,0.35476452354764526,INCONCLUSIVE
near_dup_excluded_calibrated_blocks_2_7,DIRECT_HUBER,10,356,-0.0001434431744962047,0.003943371243630987,-0.008728283488547447,0.008896149891260547,0.9722027797220278,0.9722027797220278,EQUIVALENT_WITHIN_MARGIN
near_dup_excluded_calibrated_blocks_2_7,ORDINARY_SOFT,10,356,-0.0057124003515663345,0.0032030659378340784,-0.013846449629789455,0.0006768860303441617,0.06619338066193381,0.19858014198580143,EQUIVALENT_WITHIN_MARGIN
near_dup_excluded_calibrated_blocks_2_7,HARD_FPA,10,356,-0.0015353844799643646,0.0006743677614629875,-0.0032742858194791864,-0.00025576333424219333,0.013998600139986002,0.05599440055994401,EQUIVALENT_WITHIN_MARGIN
near_dup_excluded_calibrated_blocks_2_7,ZERO,20,356,-0.009842519369862817,0.006639970698198139,-0.0263340841575112,0.0035073069812944753,0.12658734126587343,0.25317468253174685,INCONCLUSIVE
near_dup_excluded_calibrated_blocks_2_7,DIRECT_HUBER,20,356,-0.0001434431744962047,0.0038690406492191236,-0.00849288861492495,0.008918464896272484,0.97000299970003,0.97000299970003,EQUIVALENT_WITHIN_MARGIN
near_dup_excluded_calibrated_blocks_2_7,ORDINARY_SOFT,20,356,-0.0057124003515663345,0.0031999366774229407,-0.014539984451095115,9.324709206922275e-05,0.059394060593940604,0.17818218178182182,EQUIVALENT_WITHIN_MARGIN
near_dup_excluded_calibrated_blocks_2_7,HARD_FPA,20,356,-0.0015353844799643646,0.0008116387823619433,-0.0036638791350049617,-9.499616383566362e-05,0.0395960403959604,0.1583841615838416,EQUIVALENT_WITHIN_MARGIN
near_dup_excluded_calibrated_blocks_2_7,ZERO,40,356,-0.009842519369862817,0.006297820766600928,-0.02620258554770873,0.0020732722204506856,0.10368963103689631,0.25347465253474655,INCONCLUSIVE
near_dup_excluded_calibrated_blocks_2_7,DIRECT_HUBER,40,356,-0.0001434431744962047,0.003909825916857187,-0.0078215211985595,0.00961636251418245,0.9716028397160283,0.9716028397160283,EQUIVALENT_WITHIN_MARGIN
near_dup_excluded_calibrated_blocks_2_7,ORDINARY_SOFT,40,356,-0.0057124003515663345,0.003334700244539772,-0.015040029842488156,-0.0002670070021111089,0.06109389061093891,0.24437556244375563,EQUIVALENT_WITHIN_MARGIN
near_dup_excluded_calibrated_blocks_2_7,HARD_FPA,40,356,-0.0015353844799643646,0.0010139258186934322,-0.004341450242198515,3.064408100435293e-05,0.08449155084491551,0.25347465253474655,EQUIVALENT_WITHIN_MARGIN
