dataset,block,Symbol,boundary,history_stock_days,stock_mean,pooled_mean
thai_pilot,2024-08-01,KTB,2024-07-23,281,-7.561704256852129e-05,-0.0005090148780900797
thai_pilot,2024-08-01,SCB,2024-07-23,273,0.0003899267315318744,-0.0005090148780900797
thai_pilot,2024-08-01,TTB,2024-07-23,265,0.0010088404071221524,-0.0005090148780900797
thai_pilot,2024-08-01,BAY,2024-07-23,262,-0.0017144936928622054,-0.0005090148780900797
thai_pilot,2024-08-01,KBANK,2024-07-23,261,-0.001040787880176972,-0.0005090148780900797
thai_pilot,2024-08-01,TISCO,2024-07-23,264,0.00012244992871975795,-0.0005090148780900797
thai_pilot,2024-08-01,KKP,2024-07-23,275,-0.0014659300080919575,-0.0005090148780900797
thai_pilot,2024-08-01,BBL,2024-07-23,266,-0.0013298958819318006,-0.0005090148780900797
thai_pilot,2024-11-01,BAY,2024-10-24,303,-0.001901855006964147,-0.00033397162114672104
thai_pilot,2024-11-01,BBL,2024-10-24,306,-0.0008106006703410731,-0.00033397162114672104
thai_pilot,2024-11-01,KTB,2024-10-24,327,0.0001841761164743615,-0.00033397162114672104
thai_pilot,2024-11-01,SCB,2024-10-24,318,0.0006812440347304984,-0.00033397162114672104
thai_pilot,2024-11-01,TISCO,2024-10-24,305,0.00018181763889041702,-0.00033397162114672104
thai_pilot,2024-11-01,KBANK,2024-10-24,292,-0.0012300001195426184,-0.00033397162114672104
thai_pilot,2024-11-01,KKP,2024-10-24,323,-0.0009552949222201666,-0.00033397162114672104
thai_pilot,2024-11-01,TTB,2024-10-24,308,0.0010740033452562004,-0.00033397162114672104
thai_pilot,2025-02-01,BBL,2025-01-27,367,-0.0007761200737944457,-0.0002854593584050587
thai_pilot,2025-02-01,KBANK,2025-01-27,351,-0.0009152903644903303,-0.0002854593584050587
thai_pilot,2025-02-01,KKP,2025-01-27,385,-0.0009754776842886442,-0.0002854593584050587
thai_pilot,2025-02-01,KTB,2025-01-27,389,0.0002603258116015052,-0.0002854593584050587
thai_pilot,2025-02-01,SCB,2025-01-27,379,0.0006611908698511362,-0.0002854593584050587
thai_pilot,2025-02-01,TISCO,2025-01-27,366,0.00023516179077989836,-0.0002854593584050587
thai_pilot,2025-02-01,TTB,2025-01-27,368,0.0008810820434878185,-0.0002854593584050587
thai_pilot,2025-02-01,BAY,2025-01-27,363,-0.0017293304961210603,-0.0002854593584050587
thai_pilot,2025-05-01,BAY,2025-04-24,422,-0.0017755422132220591,-0.0003139192487197233
thai_pilot,2025-05-01,BBL,2025-04-24,426,-0.000684419810273254,-0.0003139192487197233
thai_pilot,2025-05-01,KBANK,2025-04-24,410,-0.000798591190256767,-0.0003139192487197233
thai_pilot,2025-05-01,KTB,2025-04-24,448,0.0001233994914853936,-0.0003139192487197233
thai_pilot,2025-05-01,SCB,2025-04-24,438,0.0005490818039979035,-0.0003139192487197233
thai_pilot,2025-05-01,TTB,2025-04-24,427,0.0006320679090960981,-0.0003139192487197233
thai_pilot,2025-05-01,KKP,2025-04-24,444,-0.0008869709923977995,-0.0003139192487197233
thai_pilot,2025-05-01,TISCO,2025-04-24,425,0.00027417210981080584,-0.0003139192487197233
thai_pilot,2025-08-01,SCB,2025-07-24,497,0.0006812100072249475,-0.00012657681655037025
thai_pilot,2025-08-01,TISCO,2025-07-24,484,0.0003363702198425047,-0.00012657681655037025
thai_pilot,2025-08-01,TTB,2025-07-24,486,0.0007129150610076361,-0.00012657681655037025
thai_pilot,2025-08-01,BBL,2025-07-24,485,-0.00042600637806886716,-0.00012657681655037025
thai_pilot,2025-08-01,KKP,2025-07-24,503,-0.0005009802435834277,-0.00012657681655037025
thai_pilot,2025-08-01,BAY,2025-07-24,481,-0.0015083949429530263,-0.00012657681655037025
thai_pilot,2025-08-01,KBANK,2025-07-24,469,-0.00045111820076801254,-0.00012657681655037025
thai_pilot,2025-08-01,KTB,2025-07-24,507,0.00010396207814031112,-0.00012657681655037025
thai_pilot,2025-11-01,BAY,2025-10-27,542,-0.001261667029182892,-1.4540566340145016e-05
thai_pilot,2025-11-01,BBL,2025-10-27,546,-0.0003157641605484989,-1.4540566340145016e-05
thai_pilot,2025-11-01,KBANK,2025-10-27,530,-0.00035536199991823356,-1.4540566340145016e-05
thai_pilot,2025-11-01,KKP,2025-10-27,564,6.898864802561514e-06,-1.4540566340145016e-05
thai_pilot,2025-11-01,KTB,2025-10-27,568,0.0002115857147963865,-1.4540566340145016e-05
thai_pilot,2025-11-01,SCB,2025-10-27,558,0.0006135176372335765,-1.4540566340145016e-05
thai_pilot,2025-11-01,TISCO,2025-10-27,545,0.0004057084550201835,-1.4540566340145016e-05
thai_pilot,2025-11-01,TTB,2025-10-27,547,0.0005357742855965366,-1.4540566340145016e-05
thai_pilot,2026-02-01,BBL,2026-01-26,606,-0.00030025042693975043,3.07298283888808e-05
thai_pilot,2026-02-01,KBANK,2026-01-26,590,-0.00028126733370550813,3.07298283888808e-05
thai_pilot,2026-02-01,KKP,2026-01-26,624,8.64280519702641e-05,3.07298283888808e-05
thai_pilot,2026-02-01,KTB,2026-01-26,628,0.00025997039630578473,3.07298283888808e-05
thai_pilot,2026-02-01,SCB,2026-01-26,618,0.0005484145323417497,3.07298283888808e-05
thai_pilot,2026-02-01,TISCO,2026-01-26,605,0.00034991440206580426,3.07298283888808e-05
thai_pilot,2026-02-01,TTB,2026-01-26,607,0.0005749050422904771,3.07298283888808e-05
thai_pilot,2026-02-01,BAY,2026-01-26,602,-0.0010281016944640089,3.07298283888808e-05
fnspid_pilot,2018-10-01,BK,2018-09-24,324,-0.00043977209947933455,-0.00031725094851133023
fnspid_pilot,2018-10-01,C,2018-09-24,324,-0.0005426120270352145,-0.00031725094851133023
fnspid_pilot,2018-10-01,JPM,2018-09-24,324,-6.367118874689567e-05,-0.00031725094851133023
fnspid_pilot,2018-10-01,USB,2018-09-24,324,-0.0004042108373652185,-0.00031725094851133023
fnspid_pilot,2018-10-01,WFC,2018-09-24,324,6.233784612797774e-05,-0.00031725094851133023
fnspid_pilot,2018-10-01,COF,2018-09-24,324,-0.0004647276961652697,-0.00031725094851133023
fnspid_pilot,2018-10-01,PNC,2018-09-24,324,-0.00037637387381483705,-0.00031725094851133023
fnspid_pilot,2019-01-01,BK,2018-12-24,387,-0.0006680772816824264,-0.0008780276191958136
fnspid_pilot,2019-01-01,C,2018-12-24,387,-0.0013715700825365903,-0.0008780276191958136
fnspid_pilot,2019-01-01,JPM,2018-12-24,387,-0.000719751976422823,-0.0008780276191958136
fnspid_pilot,2019-01-01,USB,2018-12-24,387,-0.000889220641921881,-0.0008780276191958136
fnspid_pilot,2019-01-01,WFC,2018-12-24,387,-0.0004241544578546817,-0.0008780276191958136
fnspid_pilot,2019-01-01,PNC,2018-12-24,387,-0.0008378171083651824,-0.0008780276191958136
fnspid_pilot,2019-01-01,COF,2018-12-24,387,-0.001316998572349645,-0.0008780276191958136
fnspid_pilot,2019-04-01,C,2019-03-25,448,-0.0006790451295086297,-0.0004440492555687856
fnspid_pilot,2019-04-01,COF,2019-03-25,448,-0.0007245228400204281,-0.0004440492555687856
fnspid_pilot,2019-04-01,JPM,2019-03-25,448,-0.0003874825933431582,-0.0004440492555687856
fnspid_pilot,2019-04-01,USB,2019-03-25,448,-0.000568032659104329,-0.0004440492555687856
fnspid_pilot,2019-04-01,WFC,2019-03-25,448,-7.665513058413955e-05,-0.0004440492555687856
fnspid_pilot,2019-04-01,PNC,2019-03-25,448,-0.00046322850490257433,-0.0004440492555687856
fnspid_pilot,2019-04-01,BK,2019-03-25,448,-0.0002243346158571187,-0.0004440492555687856
fnspid_pilot,2019-07-01,BK,2019-06-24,511,-0.000261019763792297,-0.0001971837702977943
fnspid_pilot,2019-07-01,C,2019-06-24,511,-0.00030283774885107514,-0.0001971837702977943
fnspid_pilot,2019-07-01,COF,2019-06-24,511,-0.0004044565073762656,-0.0001971837702977943
fnspid_pilot,2019-07-01,JPM,2019-06-24,511,-9.375757309056357e-05,-0.0001971837702977943
fnspid_pilot,2019-07-01,PNC,2019-06-24,511,-0.00010805210490813601,-0.0001971837702977943
fnspid_pilot,2019-07-01,USB,2019-06-24,511,-0.00025995830568385005,-0.0001971837702977943
fnspid_pilot,2019-07-01,WFC,2019-06-24,511,1.9329605797077444e-05,-0.0001971837702977943
fnspid_pilot,2019-10-01,BK,2019-09-24,575,-0.0001051299479010438,-8.610826299239346e-05
fnspid_pilot,2019-10-01,JPM,2019-09-24,575,5.3631974933909234e-05,-8.610826299239346e-05
fnspid_pilot,2019-10-01,PNC,2019-09-24,575,1.76440815617932e-05,-8.610826299239346e-05
fnspid_pilot,2019-10-01,USB,2019-09-24,575,-0.00015789628576890952,-8.610826299239346e-05
fnspid_pilot,2019-10-01,WFC,2019-09-24,575,9.31086830109149e-05,-8.610826299239346e-05
fnspid_pilot,2019-10-01,C,2019-09-24,575,-0.00019810887114978835,-8.610826299239346e-05
fnspid_pilot,2019-10-01,COF,2019-09-24,575,-0.00034695940601371845,-8.610826299239346e-05
fnspid_pilot,2020-01-01,JPM,2019-12-24,639,0.00013447090711395636,-3.486743043352775e-05
fnspid_pilot,2020-01-01,WFC,2019-12-24,639,0.00014592540658949716,-3.486743043352775e-05
fnspid_pilot,2020-01-01,C,2019-12-24,639,-9.212992973220266e-05,-3.486743043352775e-05
fnspid_pilot,2020-01-01,COF,2019-12-24,639,-0.00025503270508881896,-3.486743043352775e-05
fnspid_pilot,2020-01-01,USB,2019-12-24,639,-0.00016490764489230213,-3.486743043352775e-05
fnspid_pilot,2020-01-01,PNC,2019-12-24,639,7.540097313905758e-05,-3.486743043352775e-05
fnspid_pilot,2020-01-01,BK,2019-12-24,639,-0.000126479652528297,-3.486743043352775e-05
fnspid_pilot,2020-04-01,C,2020-03-25,701,-0.0002722566800563741,-0.00021614253834118725
fnspid_pilot,2020-04-01,JPM,2020-03-25,701,0.00019636355142260104,-0.00021614253834118725
fnspid_pilot,2020-04-01,WFC,2020-03-25,701,-0.0002730948877464307,-0.00021614253834118725
fnspid_pilot,2020-04-01,BK,2020-03-25,701,-0.0001688107800268171,-0.00021614253834118725
fnspid_pilot,2020-04-01,COF,2020-03-25,701,-0.0006060644069693718,-0.00021614253834118725
fnspid_pilot,2020-04-01,PNC,2020-03-25,701,-0.00010029693960812066,-0.00021614253834118725
fnspid_pilot,2020-04-01,USB,2020-03-25,701,-0.00036725190474671366,-0.00021614253834118725
