block,method,prediction,history_stock_days,dataset
2024-11-01,FPA_SOFT_CALIBRATED,0.0016044693974401213,217,thai_calibrated
2024-11-01,INTERCEPT_ONLY,0.0013789548217140255,217,thai_calibrated
2024-11-01,ZERO,0.0,217,thai_calibrated
2025-02-01,FPA_SOFT_CALIBRATED,0.0009161285128892859,522,thai_calibrated
2025-02-01,INTERCEPT_ONLY,0.0008187643696324481,522,thai_calibrated
2025-02-01,ZERO,0.0,522,thai_calibrated
2025-05-01,FPA_SOFT_CALIBRATED,0.0006933569227567474,831,thai_calibrated
2025-05-01,INTERCEPT_ONLY,0.0006697882340799141,831,thai_calibrated
2025-05-01,ZERO,0.0,831,thai_calibrated
2025-08-01,FPA_SOFT_CALIBRATED,0.0006728164834325307,1128,thai_calibrated
2025-08-01,INTERCEPT_ONLY,0.0006719060339930292,1128,thai_calibrated
2025-08-01,ZERO,0.0,1128,thai_calibrated
2025-11-01,FPA_SOFT_CALIBRATED,0.0004929521799847105,1473,thai_calibrated
2025-11-01,INTERCEPT_ONLY,0.00048249766193278286,1473,thai_calibrated
2025-11-01,ZERO,0.0,1473,thai_calibrated
2026-02-01,FPA_SOFT_CALIBRATED,0.0004975069571766335,1827,thai_calibrated
2026-02-01,INTERCEPT_ONLY,0.000488680086950787,1827,thai_calibrated
2026-02-01,ZERO,0.0,1827,thai_calibrated
2019-01-01,FPA_SOFT_CALIBRATED,-0.0025573482996854744,258,fnspid_calibrated
2019-01-01,INTERCEPT_ONLY,-0.0024167676845342975,258,fnspid_calibrated
2019-01-01,ZERO,0.0,258,fnspid_calibrated
2019-04-01,FPA_SOFT_CALIBRATED,-0.00010609368568337247,483,fnspid_calibrated
2019-04-01,INTERCEPT_ONLY,-0.00010864043422567345,483,fnspid_calibrated
2019-04-01,ZERO,0.0,483,fnspid_calibrated
2019-07-01,FPA_SOFT_CALIBRATED,0.0005176881538181598,740,fnspid_calibrated
2019-07-01,INTERCEPT_ONLY,0.0005188308287940619,740,fnspid_calibrated
2019-07-01,ZERO,0.0,740,fnspid_calibrated
2019-10-01,FPA_SOFT_CALIBRATED,0.0007408133546606076,1016,fnspid_calibrated
2019-10-01,INTERCEPT_ONLY,0.0007338730625660652,1016,fnspid_calibrated
2019-10-01,ZERO,0.0,1016,fnspid_calibrated
2020-01-01,FPA_SOFT_CALIBRATED,0.0008535708591390092,1304,fnspid_calibrated
2020-01-01,INTERCEPT_ONLY,0.0008618187660315938,1304,fnspid_calibrated
2020-01-01,ZERO,0.0,1304,fnspid_calibrated
2020-04-01,FPA_SOFT_CALIBRATED,0.000537814905712802,1588,fnspid_calibrated
2020-04-01,INTERCEPT_ONLY,0.0005353143851169117,1588,fnspid_calibrated
2020-04-01,ZERO,0.0,1588,fnspid_calibrated
