relative_improvement,bootstrap_se,ci95_low,ci95_high,family_ci_low,family_ci_high,raw_p,cell,comparison,block_length,n_dates,holm_p,decision_2pct_family
-0.16046600900191874,0.028395888293434597,-0.22159269827552508,-0.10922682151698783,-0.2401338477760176,-0.0924238135211522,9.999000099990002e-05,RDFL|retained|confidence,cell_vs_ZERO,10,403,0.0010998900109989002,RDFL_WORSE_BEYOND_MARGIN
-0.1545476932002816,0.02763048369821857,-0.21335555621688562,-0.1054119137426887,-0.23669593179818196,-0.08926400013033599,9.999000099990002e-05,RDFL|retained|uniform,cell_vs_ZERO,10,403,0.0010998900109989002,RDFL_WORSE_BEYOND_MARGIN
-0.09134129787538606,0.021097685838966516,-0.13528028514057325,-0.052947052484304064,-0.15174654272754565,-0.04136743803219965,9.999000099990002e-05,RDFL|eligible|confidence,cell_vs_ZERO,10,403,0.0010998900109989002,RDFL_WORSE_BEYOND_MARGIN
-0.07592312805427238,0.018424512608283657,-0.1139949021691626,-0.04207775468867573,-0.12747900444587001,-0.030470812100269314,0.00019998000199980003,RDFL|eligible|uniform,cell_vs_ZERO,10,403,0.0011998800119988001,RDFL_WORSE_BEYOND_MARGIN
-0.04381005285535945,0.012337308065337997,-0.06948831020072198,-0.020939856787319217,-0.0791691547815289,-0.013401904828745741,0.00029997000299970003,ORD|retained|confidence,cell_vs_ZERO,10,403,0.0014998500149985001,DIFFERENCE_DETECTED_EQUIVALENCE_NOT_SHOWN
-0.040684057321025785,0.011914400270549118,-0.06458229984554642,-0.018665997738982993,-0.07322683950746744,-0.011963052569790886,0.00029997000299970003,ORD|retained|uniform,cell_vs_ZERO,10,403,0.0014998500149985001,DIFFERENCE_DETECTED_EQUIVALENCE_NOT_SHOWN
-0.021835086149052045,0.009443000921591897,-0.04127607886821833,-0.004466317085876272,-0.047744461262303764,0.0006674033720105101,0.0136986301369863,ORD|eligible|confidence,cell_vs_ZERO,10,403,0.0410958904109589,DIFFERENCE_DETECTED_EQUIVALENCE_NOT_SHOWN
-0.014888048449008108,0.008015166615074381,-0.03133749535299531,-1.0627151863089404e-05,-0.037113577586273115,0.005162356881817768,0.052594740525947405,ORD|eligible|uniform,cell_vs_ZERO,10,403,0.10338966103389662,INCONCLUSIVE
-0.3164892902647761,0.04833911189170879,-0.41949818587626553,-0.23163550323946272,-0.45968778883091915,-0.20587709897545925,9.999000099990002e-05,RDFL|retained_without_low|confidence,cell_vs_ZERO,10,403,0.0010998900109989002,RDFL_WORSE_BEYOND_MARGIN
-0.08537974048987858,0.019899498568244262,-0.12733087072174637,-0.04932769781188627,-0.1428934479105904,-0.03909148469855578,9.999000099990002e-05,RDFL|random_size_matched|confidence,cell_vs_ZERO,10,403,0.0010998900109989002,RDFL_WORSE_BEYOND_MARGIN
-0.010471812991372769,0.005508622259650054,-0.02161582453770581,-6.0598253896451204e-05,-0.025688731931520326,0.0035444842181558745,0.05169483051694831,ORD|ordinary_eligible|uniform,cell_vs_ZERO,10,403,0.10338966103389662,INCONCLUSIVE
-0.16046600900191874,0.030320843663362334,-0.22514313013840911,-0.10747661538814712,-0.24996844140334146,-0.09336189399611909,9.999000099990002e-05,RDFL|retained|confidence,cell_vs_ZERO,20,403,0.0010998900109989002,RDFL_WORSE_BEYOND_MARGIN
-0.1545476932002816,0.029190057465510552,-0.21857330933757876,-0.10419540087193552,-0.24215649378647994,-0.08965738131283837,9.999000099990002e-05,RDFL|retained|uniform,cell_vs_ZERO,20,403,0.0010998900109989002,RDFL_WORSE_BEYOND_MARGIN
-0.09134129787538606,0.02192240673857543,-0.13825225193277393,-0.05158411621195119,-0.1549930432971728,-0.0398944159061168,9.999000099990002e-05,RDFL|eligible|confidence,cell_vs_ZERO,20,403,0.0010998900109989002,RDFL_WORSE_BEYOND_MARGIN
-0.07592312805427238,0.019202574380247885,-0.11610957113884923,-0.04151762505261273,-0.13178844831907946,-0.031113138122442145,9.999000099990002e-05,RDFL|eligible|uniform,cell_vs_ZERO,20,403,0.0010998900109989002,RDFL_WORSE_BEYOND_MARGIN
-0.04381005285535945,0.012105758394507678,-0.07027596144840807,-0.021785644606913086,-0.07991498037489322,-0.015207058423054677,0.00019998000199980003,ORD|retained|confidence,cell_vs_ZERO,20,403,0.0010998900109989002,DIFFERENCE_DETECTED_EQUIVALENCE_NOT_SHOWN
-0.040684057321025785,0.011383908449230947,-0.06494118525764747,-0.020379455226395993,-0.07234434695670694,-0.013988455988934348,9.999000099990002e-05,ORD|retained|uniform,cell_vs_ZERO,20,403,0.0010998900109989002,DIFFERENCE_DETECTED_EQUIVALENCE_NOT_SHOWN
-0.021835086149052045,0.009044065193425474,-0.04142388699778855,-0.005623664946026407,-0.048489112007705934,-0.0007558803550834901,0.0093990600939906,ORD|eligible|confidence,cell_vs_ZERO,20,403,0.028197180281971802,DIFFERENCE_DETECTED_EQUIVALENCE_NOT_SHOWN
-0.014888048449008108,0.007574362049461484,-0.0306485697497706,-0.00106568218936324,-0.036006672760362075,0.0029743790835263743,0.034896510348965105,ORD|eligible|uniform,cell_vs_ZERO,20,403,0.06979302069793021,INCONCLUSIVE
-0.3164892902647761,0.051071032534403205,-0.4276355927627337,-0.2275510147877457,-0.47060380297742277,-0.2014329261603847,9.999000099990002e-05,RDFL|retained_without_low|confidence,cell_vs_ZERO,20,403,0.0010998900109989002,RDFL_WORSE_BEYOND_MARGIN
-0.08537974048987858,0.020885712726214027,-0.13046722923023335,-0.04888128807069496,-0.14705235199157185,-0.03829625061184609,9.999000099990002e-05,RDFL|random_size_matched|confidence,cell_vs_ZERO,20,403,0.0010998900109989002,RDFL_WORSE_BEYOND_MARGIN
-0.010471812991372769,0.005348996810314609,-0.02153642823752082,-0.0007038438336120805,-0.02531285642813796,0.00263883503505283,0.043695630436956304,ORD|ordinary_eligible|uniform,cell_vs_ZERO,20,403,0.06979302069793021,INCONCLUSIVE
-0.16046600900191874,0.03236096403143897,-0.2329500060113226,-0.10616810598914891,-0.2597614435991363,-0.09128639229561178,9.999000099990002e-05,RDFL|retained|confidence,cell_vs_ZERO,40,403,0.0010998900109989002,RDFL_WORSE_BEYOND_MARGIN
-0.1545476932002816,0.031045139396121395,-0.22183032851902867,-0.10103006119505167,-0.2490519867455708,-0.08683165676023673,9.999000099990002e-05,RDFL|retained|uniform,cell_vs_ZERO,40,403,0.0010998900109989002,RDFL_WORSE_BEYOND_MARGIN
-0.09134129787538606,0.02286178680433379,-0.14029349335836727,-0.05211526205294217,-0.16060082537019293,-0.04012463420530736,9.999000099990002e-05,RDFL|eligible|confidence,cell_vs_ZERO,40,403,0.0010998900109989002,RDFL_WORSE_BEYOND_MARGIN
-0.07592312805427238,0.019820938522532774,-0.11792558630717294,-0.04032357887276935,-0.13632969689385752,-0.030654722535270434,9.999000099990002e-05,RDFL|eligible|uniform,cell_vs_ZERO,40,403,0.0010998900109989002,RDFL_WORSE_BEYOND_MARGIN
-0.04381005285535945,0.011624247212037113,-0.06944556048117387,-0.02352385798579836,-0.07982599006955107,-0.017859239501564112,9.999000099990002e-05,ORD|retained|confidence,cell_vs_ZERO,40,403,0.0010998900109989002,DIFFERENCE_DETECTED_EQUIVALENCE_NOT_SHOWN
-0.040684057321025785,0.011091879088316579,-0.0651654234914509,-0.02146221945223157,-0.07509365018443176,-0.01571793134460489,9.999000099990002e-05,ORD|retained|uniform,cell_vs_ZERO,40,403,0.0010998900109989002,DIFFERENCE_DETECTED_EQUIVALENCE_NOT_SHOWN
-0.021835086149052045,0.008239958274914689,-0.03959787913299359,-0.0073572580627814955,-0.04625103217291602,-0.003506034257400554,0.0026997300269973002,ORD|eligible|confidence,cell_vs_ZERO,40,403,0.0080991900809919,DIFFERENCE_DETECTED_EQUIVALENCE_NOT_SHOWN
-0.014888048449008108,0.006914835054015245,-0.0301087842478312,-0.0027012424074089247,-0.03598215210042868,0.0004582801514622715,0.0168983101689831,ORD|eligible|uniform,cell_vs_ZERO,40,403,0.027197280271972803,DIFFERENCE_DETECTED_EQUIVALENCE_NOT_SHOWN
-0.3164892902647761,0.05425836953068532,-0.43764105368421724,-0.22519951606089417,-0.4864873717624771,-0.20198554547459438,9.999000099990002e-05,RDFL|retained_without_low|confidence,cell_vs_ZERO,40,403,0.0010998900109989002,RDFL_WORSE_BEYOND_MARGIN
-0.08537974048987858,0.021807697946583552,-0.13322640767652064,-0.04816244330002623,-0.1553636246878254,-0.03802425220425566,9.999000099990002e-05,RDFL|random_size_matched|confidence,cell_vs_ZERO,40,403,0.0010998900109989002,RDFL_WORSE_BEYOND_MARGIN
-0.010471812991372769,0.004464184423028055,-0.019789758445175328,-0.002372905104773721,-0.023196055291888767,-7.421600048761117e-06,0.013598640135986401,ORD|ordinary_eligible|uniform,cell_vs_ZERO,40,403,0.027197280271972803,DIFFERENCE_DETECTED_EQUIVALENCE_NOT_SHOWN
