cell,method,prediction_sd,outcome_sd
purge0_excl_cal,DIRECT_HUBER,0.000905719031113679,0.010961817644158246
purge0_excl_cal,HARD_RDFL,0.000499637637738134,0.010961817644158246
purge0_excl_cal,ORDINARY_SOFT,0.0003511259229901939,0.010961817644158246
purge0_excl_cal,RDFL_SOFT,0.0005413935146943952,0.010961817644158246
purge0_excl_raw,DIRECT_HUBER,0.0009237388117762705,0.010961817644158246
purge0_excl_raw,HARD_RDFL,0.0039818671605114835,0.010961817644158246
purge0_excl_raw,ORDINARY_SOFT,0.0010451376792675981,0.010961817644158246
purge0_excl_raw,RDFL_SOFT,0.0036949299834654168,0.010961817644158246
purge0_noexcl_cal,DIRECT_HUBER,0.0011399054612491709,0.010961817644158246
purge0_noexcl_cal,HARD_RDFL,0.0004602877064181028,0.010961817644158246
purge0_noexcl_cal,ORDINARY_SOFT,0.0003962118190195918,0.010961817644158246
purge0_noexcl_cal,RDFL_SOFT,0.00045336981264765123,0.010961817644158246
purge0_noexcl_raw,DIRECT_HUBER,0.0011167709547731267,0.010961817644158246
purge0_noexcl_raw,HARD_RDFL,0.004124351902824921,0.010961817644158246
purge0_noexcl_raw,ORDINARY_SOFT,0.001106253466666059,0.010961817644158246
purge0_noexcl_raw,RDFL_SOFT,0.0038747447247699397,0.010961817644158246
purge5_excl_cal,DIRECT_HUBER,0.0008688585010892566,0.010961817644158246
purge5_excl_cal,HARD_RDFL,0.0004492273894071611,0.010961817644158246
purge5_excl_cal,ORDINARY_SOFT,0.0002981149589452182,0.010961817644158246
purge5_excl_cal,RDFL_SOFT,0.0004812013406302086,0.010961817644158246
purge5_excl_raw,DIRECT_HUBER,0.000906783994157176,0.010961817644158246
purge5_excl_raw,HARD_RDFL,0.003981206502597706,0.010961817644158246
purge5_excl_raw,ORDINARY_SOFT,0.001045557238248676,0.010961817644158246
purge5_excl_raw,RDFL_SOFT,0.003680580431144722,0.010961817644158246
purge5_noexcl_cal,DIRECT_HUBER,0.0010384611018031142,0.010961817644158246
purge5_noexcl_cal,HARD_RDFL,0.000429608676717708,0.010961817644158246
purge5_noexcl_cal,ORDINARY_SOFT,0.0004839701330864263,0.010961817644158246
purge5_noexcl_cal,RDFL_SOFT,0.00042255719779151065,0.010961817644158246
purge5_noexcl_raw,DIRECT_HUBER,0.0010998441144777762,0.010961817644158246
purge5_noexcl_raw,HARD_RDFL,0.0041649152819310765,0.010961817644158246
purge5_noexcl_raw,ORDINARY_SOFT,0.001109958627983874,0.010961817644158246
purge5_noexcl_raw,RDFL_SOFT,0.00389456883322553,0.010961817644158246
