scenario,method,latent_mse,observed_mse,latent_skill_vs_zero
anticipation,DIRECT,0.4955584167529239,0.493204114302458,0.5049727216468802
anticipation,FPA_SOFT,0.4368934068271749,0.499167674387836,0.5637030654325211
anticipation,HARD_FPA,0.4461640534059424,0.49868730022283275,0.5544221880597201
anticipation,ORACLE_RIDGE,1.806132686888838e-07,0.9778708804224666,0.9999998195830108
anticipation,ORDINARY_SOFT,0.786938655125083,0.5249973582460272,0.21388338575219407
anticipation,ZERO,1.0009839921728796,0.5799568161991568,0.0
cancellation_050,DIRECT,0.004252485326655571,0.49320557115640573,0.9875188644746222
cancellation_050,FPA_SOFT,0.01835730529032433,0.5074765598433955,0.946072176116258
cancellation_050,HARD_FPA,0.018048258262639536,0.5071091233788685,0.947004302733976
cancellation_050,ORACLE_RIDGE,6.115525262680258e-08,0.48930270581351787,0.9999998205517003
cancellation_050,ORDINARY_SOFT,0.1344692373661215,0.6247688805457292,0.6056781461118689
cancellation_050,ZERO,0.3408321349282608,0.8319970018536488,0.0
cancellation_085,DIRECT,0.004252286449806447,0.4932050517762318,0.9622131268242944
cancellation_085,FPA_SOFT,0.00972462285700822,0.4984029432917946,0.9134822986587914
cancellation_085,HARD_FPA,0.009326871240385297,0.49802632796591617,0.9170030345345276
cancellation_085,ORACLE_RIDGE,2.0081277337337173e-08,0.4893023442362177,0.9999998218769788
cancellation_085,ORDINARY_SOFT,0.045281021295481255,0.5351490554264129,0.5986541749863716
cancellation_085,ZERO,0.11277719352353283,0.6032812411743097,0.0
cancellation_100,DIRECT,0.004252214762866261,0.4932048427307238,0.9526544451741767
cancellation_100,FPA_SOFT,0.009082113676212448,0.4980267297374967,0.8988383406762982
cancellation_100,HARD_FPA,0.008808737663508464,0.4978280331641411,0.9019072204180236
cancellation_100,ORACLE_RIDGE,1.6024140222083992e-08,0.48930220282051273,0.9999998221462469
cancellation_100,ORDINARY_SOFT,0.036422060846070754,0.5261112675398271,0.595947698208409
cancellation_100,ZERO,0.09011316090590107,0.5803340002961304,0.0
high_noise,DIRECT,0.02811268102942773,3.2611872647985893,0.971910334546439
high_noise,FPA_SOFT,0.07961530814225591,3.3112637958782636,0.9203795685856637
high_noise,HARD_FPA,0.07649944042513251,3.30777213287785,0.92349435985042
high_noise,ORACLE_RIDGE,1.806132686888838e-07,3.2353861329628146,0.9999998195830108
high_noise,ORDINARY_SOFT,0.39207812057671243,3.6290314086829953,0.6084467386748775
high_noise,ZERO,1.0009839921728796,4.241222588556366,0.0
informative_missing,DIRECT,0.006991447966049796,0.49578792466382493,0.9930041402324024
informative_missing,FPA_SOFT,0.06821982224822878,0.5567179307563073,0.9319690651656142
informative_missing,HARD_FPA,0.06973356912874833,0.5584183147113929,0.9304668568203022
informative_missing,ORACLE_RIDGE,7.987954490511302e-07,0.48930477139908596,0.9999992019258387
informative_missing,ORDINARY_SOFT,0.41352603752639,0.9035797062022922,0.5871095345814427
informative_missing,ZERO,1.0009839921728796,1.4921738876256996,0.0
null_effect,DIRECT,0.008676339829662462,1.0065381389194328,
null_effect,FPA_SOFT,0.014326711110456324,1.0116290543528441,
null_effect,HARD_FPA,0.014150958345372817,1.0112861775987856,
null_effect,ORACLE_RIDGE,0.0,0.9985751844540868,
null_effect,ORDINARY_SOFT,0.0016230940464237393,0.9998114659259744,
null_effect,ZERO,0.0,0.9985751844540868,
regime_shift,DIRECT,4.004646565841867,4.489823652979005,-3.0008383375703573
regime_shift,FPA_SOFT,3.8790776096392143,4.364258820117668,-2.877308640495697
regime_shift,HARD_FPA,3.857397372754594,4.342763225910597,-2.855616665608407
regime_shift,ORACLE_RIDGE,4.002243080983134,4.4877697269487875,-2.998308866521077
regime_shift,ORDINARY_SOFT,1.9013354797696298,2.387694790616811,-0.89982270822044
regime_shift,ZERO,1.0009839921728796,1.488397777485065,0.0
stale_price,DIRECT,0.09639351925466397,0.5579502426919428,0.9037135565128858
stale_price,FPA_SOFT,0.09909091986396079,0.5777446541935571,0.9012047958576909
stale_price,HARD_FPA,0.10194027363374597,0.5777977600306857,0.8983661614867726
stale_price,ORACLE_RIDGE,1.806132686888838e-07,0.6431949243725272,0.9999998195830108
stale_price,ORDINARY_SOFT,0.5018524367810424,0.7200995745864087,0.4988401134569881
stale_price,ZERO,1.0009839921728796,1.0429986371041193,0.0
strong_signal,DIRECT,0.0017574292707885012,0.2038250322660433,0.9982440242857051
strong_signal,FPA_SOFT,0.05905232158378558,0.26140752896891206,0.9411751289200645
strong_signal,HARD_FPA,0.06308975770235013,0.26554957976851357,0.9371325745322797
strong_signal,ORACLE_RIDGE,1.806132686888838e-07,0.20221224414479752,0.9999998195830108
strong_signal,ORDINARY_SOFT,0.3967295423184642,0.5994896600041618,0.6038378680995717
strong_signal,ZERO,1.0009839921728796,1.2044092167128932,0.0
