lambda,seed,error,oracle_lower_known_S,observable_lower_known_gaussian_noise,best_kappa,observable_lower_unrestricted_noise,share_low_mass_with_abs_y_above_2delta
0.0,21001,0.7891560197014396,0.018192420934036675,0.0,,0.0,0.02499911514350582
0.0,21002,0.8062790269465259,0.01530015555846577,0.0,,0.0,0.022835860210170787
0.0,21003,0.7925368803656748,0.018387680537961124,0.0,,0.0,0.01935105870431226
0.0,21004,0.8313397489808858,0.028757480737491885,0.0,,0.0,0.01990108307970769
0.0,21005,0.8060770978822894,0.014886232403909214,0.0,,0.0,0.01502224455282562
0.0,21006,0.7903585551340456,0.016515068978714756,0.0,,0.0,0.012155662912618631
0.0,21007,0.7926127175585996,0.013361087904787848,0.0,,0.0,0.029312303826597545
0.0,21008,0.8025342502293183,0.021328489071609225,0.0,,0.0,0.03074177304880023
0.0,21009,0.7849947521171082,0.02327680770971556,0.0,,0.0,0.013816530540068957
0.0,21010,0.793038616839618,0.016279501139212414,0.0,,0.0,0.026420002315024876
0.0,21011,0.816763763362046,0.020268082473599142,0.0,,0.0,0.020645509904096252
0.0,21012,0.8080603193299628,0.01776913574083501,0.0,,0.0,0.010338594138460678
0.0,21013,0.79576976209209,0.021130685778177633,0.0,,0.0,0.020231374705559965
0.0,21014,0.797468703123325,0.014270935895015944,0.0,,0.0,0.025295965397166248
0.0,21015,0.7856759298616122,0.015076339521118318,0.0,,0.0,0.021739492494457942
0.0,21016,0.7978785232781964,0.024187963337956198,0.0,,0.0,0.023445510484363583
0.0,21017,0.8295648609575821,0.019672483276267833,0.0,,0.0,0.02353793526501424
0.0,21018,0.8292575330076483,0.01773713514756108,0.0,,0.0,0.012194432553892812
0.0,21019,0.8256014719503508,0.020929806419162016,0.0,,0.0,0.028917765010851793
0.0,21020,0.8007492848749952,0.023668002569731818,0.0,,0.0,0.017929089334143125
0.0,21021,0.7711680502734065,0.02233761202681685,0.0,,0.0,0.017905084288194494
0.0,21022,0.8116533095813632,0.012387431167200803,0.0,,0.0,0.015499300555058776
0.0,21023,0.8134567290988219,0.015385637890356546,0.0,,0.0,0.022777042469140932
0.0,21024,0.8087319928958608,0.014990191894637303,0.0,,0.0,0.01782562363489785
0.0,21025,0.7993262629391208,0.02420575735974141,0.0,,0.0,0.016049844387594412
0.0,21026,0.7950770798407362,0.028907567199761768,0.0,,0.0,0.018485508309400198
0.0,21027,0.785621358211994,0.024045755780275634,0.0,,0.0,0.015860064087405132
0.0,21028,0.8025096835667653,0.020287848601916056,0.0,,0.0,0.015122572292957225
0.0,21029,0.7905762907792648,0.02537411155269353,0.0,,0.0,0.023230804469432174
0.0,21030,0.7930263297110801,0.013156087090305212,0.0,,0.0,0.017015447832806865
0.0,21031,0.7967300870886846,0.01616074738408139,0.0,,0.0,0.01498716604141125
0.0,21032,0.7788127774375442,0.024302447293837192,0.0,,0.0,0.020642565828062946
0.0,21033,0.7890127934175294,0.028876457434775335,0.0,,0.0,0.02354032493955207
0.0,21034,0.7972019394371689,0.016712923265979555,0.0,,0.0,0.019317318307898602
0.0,21035,0.8205372860018136,0.021618776234043516,0.0,,0.0,0.017751975867775383
0.0,21036,0.8254325074593012,0.014324133387881745,0.0,,0.0,0.016937015113955893
0.0,21037,0.7940170337464435,0.023952983249580197,0.0,,0.0,0.018608700693505325
0.0,21038,0.797702370920281,0.027282995145684302,0.0,,0.0,0.0323279340348725
0.0,21039,0.8075320724394609,0.026491862473753923,0.0,,0.0,0.02643046913946289
0.0,21040,0.8168319745842956,0.025264088004620447,0.0,,0.0,0.013910650173163506
0.0,21041,0.7882853121872823,0.022733214847259577,0.0,,0.0,0.015613953234291624
0.0,21042,0.8253203358111215,0.015908814183292982,0.0,,0.0,0.015974213996820304
0.0,21043,0.7875427938095573,0.01803190394131135,0.0,,0.0,0.016222348375767207
0.0,21044,0.8033810826889717,0.025586080178338022,0.0,,0.0,0.03306588161852729
0.0,21045,0.8008658547792663,0.020853275936203283,0.0,,0.0,0.02552295323254495
0.0,21046,0.8009734875397394,0.014407842934457859,0.0,,0.0,0.01884665628752089
0.0,21047,0.8265918458235828,0.026400650678510038,0.0,,0.0,0.023915082714031925
0.0,21048,0.7885956190682673,0.021470255488047655,0.0,,0.0,0.026302950827626112
0.0,21049,0.8207537530528545,0.030972453539390616,0.0,,0.0,0.01751386780523018
0.0,21050,0.8182230351901526,0.020136034636231516,0.0,,0.0,0.020537351591968026
0.0,21051,0.7913060847634649,0.025087881286176693,0.0,,0.0,0.018790599781418064
0.0,21052,0.7824588338308893,0.017162197577145325,0.0,,0.0,0.020227227364866707
0.0,21053,0.8081274609455036,0.015241998529842262,0.0,,0.0,0.019231722752145738
0.0,21054,0.8062252490879455,0.0247479374401224,0.0,,0.0,0.021587675118613096
0.0,21055,0.8032520273052306,0.02303735742415756,0.0,,0.0,0.01823577187477506
0.0,21056,0.8147901893487481,0.01792024572994762,0.0,,0.0,0.021683798435896417
0.0,21057,0.795466227253775,0.023107308730220086,0.0,,0.0,0.01589775977896065
0.0,21058,0.7881203314297776,0.018684783686745286,0.0,,0.0,0.014871154397035211
0.0,21059,0.7941567311972538,0.014403850361797156,0.0,,0.0,0.02540995741402133
0.0,21060,0.8076642975232686,0.02088181056561431,0.0,,0.0,0.027313883654219627
0.0,21061,0.8111042778241263,0.025734330942429866,0.0,,0.0,0.012580801518687516
0.0,21062,0.8164419858938643,0.019976827991270887,0.0,,0.0,0.018953824667422122
0.0,21063,0.7821647621019124,0.02126549659528678,0.0,,0.0,0.016340506001335298
0.0,21064,0.8124821314221834,0.022274467661635815,0.0,,0.0,0.01803307597855779
0.0,21065,0.8025564531171362,0.015518144196944954,0.0,,0.0,0.026294509538678935
0.0,21066,0.791867857882335,0.02948785534022839,0.0,,0.0,0.020220979391171873
0.0,21067,0.7846368499574093,0.022713413036230513,0.0,,0.0,0.018768712256114543
0.0,21068,0.775643753887657,0.016059541604071883,0.0,,0.0,0.025912672622693658
0.0,21069,0.80734484773071,0.024126650100197065,0.0,,0.0,0.013945047743515442
0.0,21070,0.8105662274544411,0.016491058585735102,0.0,,0.0,0.019452089412366015
0.0,21071,0.7941962605737499,0.018301523804349733,0.0,,0.0,0.019498630691223283
0.0,21072,0.7901270578246308,0.024013736278147874,0.0,,0.0,0.015035566232131085
0.0,21073,0.807509218411884,0.025736313019307677,0.0,,0.0,0.027894925131400603
0.0,21074,0.7704417358766926,0.020352592733232765,0.0,,0.0,0.01667957950604314
0.0,21075,0.8009015767215404,0.012591568520308329,0.0,,0.0,0.019009915947267173
0.0,21076,0.7964145207153226,0.014514354060528912,0.0,,0.0,0.024455017102417095
0.0,21077,0.8025877497452664,0.025158200521262247,0.0,,0.0,0.01648886687895712
0.0,21078,0.7761137109208311,0.015813147565171937,0.0,,0.0,0.02624072175213422
0.0,21079,0.7971493677513851,0.02480533228705348,0.0,,0.0,0.012273903458753316
0.0,21080,0.7838936444428618,0.0174074037152158,0.0,,0.0,0.018345673469528388
0.0,21081,0.8177947905481175,0.02149614630197426,0.0,,0.0,0.016967096148468065
0.0,21082,0.798021038612897,0.0245500658894641,0.0,,0.0,0.022551184830937085
0.0,21083,0.7879627997624892,0.01752149927790235,0.0,,0.0,0.020560078452290097
0.0,21084,0.8138947233024717,0.014641997760667387,0.0,,0.0,0.028398939080706363
0.0,21085,0.7950365070985059,0.02010831852316204,0.0,,0.0,0.018197737251580595
0.0,21086,0.7954728735295996,0.019144687318590446,0.0,,0.0,0.015390078759251304
0.0,21087,0.7909464083124802,0.019877106609435754,0.0,,0.0,0.01939886772584485
0.0,21088,0.817224356366665,0.02483962539588546,0.0,,0.0,0.022090317056527652
0.0,21089,0.7830566705965535,0.022369832487937603,0.0,,0.0,0.015900431484196842
0.0,21090,0.7941656498298161,0.01932468597718887,0.0,,0.0,0.02033411029856583
0.0,21091,0.7915465881951053,0.01371106136568419,0.0,,0.0,0.03521409590254327
0.0,21092,0.8073077644067832,0.01439314834556078,0.0,,0.0,0.028896894930254925
0.0,21093,0.8020652371236606,0.01667311276834639,0.0,,0.0,0.028665652562656577
0.0,21094,0.779802918559903,0.01879243229453732,0.0,,0.0,0.009201315461607872
0.0,21095,0.8164822278001321,0.020588171448451962,0.0,,0.0,0.0193334624764665
0.0,21096,0.807993981418463,0.016528588872671,0.0,,0.0,0.012078461095856368
0.0,21097,0.8196126540987899,0.0211542546648943,0.0,,0.0,0.00827031591432886
0.0,21098,0.8088799853489986,0.012842692028631312,0.0,,0.0,0.013813085283426308
0.0,21099,0.8106201619531882,0.018230500366651994,0.0,,0.0,0.014753338946341807
0.0,21100,0.814075333966764,0.01678169977216569,0.0,,0.0,0.012319331874383055
0.25,21001,0.7961505248016166,0.01929333064368368,0.0,,0.0,0.024264957254520606
0.25,21002,0.8116898147160635,0.015363703655980216,0.0,,0.0,0.02280830365004327
0.25,21003,0.7952934585622567,0.01902774528487061,0.0,,0.0,0.019076175851105676
0.25,21004,0.8350075346512633,0.02637924170129202,0.0,,0.0,0.019891953732844428
0.25,21005,0.8136461627028293,0.015242490259883378,0.0,,0.0,0.014917138133043194
0.25,21006,0.7980952691806186,0.019398203982948826,0.0,,0.0,0.012155875640603478
0.25,21007,0.8035695913329959,0.012115394456647376,0.0,,0.0,0.02991204362376239
0.25,21008,0.7972490137788603,0.022195762960497998,0.0,,0.0,0.030517710283661893
0.25,21009,0.7917765346654255,0.023194327184929996,0.0,,0.0,0.01386096786710545
0.25,21010,0.8053134967896937,0.017201144351324492,0.0,,0.0,0.025879686631617854
0.25,21011,0.8193066333813904,0.02427180331782097,0.0,,0.0,0.020048436578120356
0.25,21012,0.8169240534142034,0.019063730711872076,0.0,,0.0,0.010218104006513247
0.25,21013,0.8090818517842122,0.019336256387786303,0.0,,0.0,0.01990937976869023
0.25,21014,0.8045654008326599,0.01439845580093502,0.0,,0.0,0.02560484317086595
0.25,21015,0.7836853473265883,0.014346324068526737,0.0,,0.0,0.02132621134208357
0.25,21016,0.805223508539616,0.025201451532839796,0.0,,0.0,0.02331534281299408
0.25,21017,0.8330171472003043,0.015782279851648665,0.0,,0.0,0.0239510452374884
0.25,21018,0.8231749804707318,0.020626871858860498,0.0,,0.0,0.012068747309545462
0.25,21019,0.8278981078457007,0.02075123467850981,0.0,,0.0,0.029145774457279495
0.25,21020,0.80173084602353,0.020729554828723292,0.0,,0.0,0.01800425670284591
0.25,21021,0.7823096069070439,0.022860514168394352,0.0,,0.0,0.0183881430558709
0.25,21022,0.8110546733338306,0.014284504464727982,0.0,,0.0,0.01567812414187145
0.25,21023,0.8147833822453452,0.011054112235521696,0.0,,0.0,0.022569439042995892
0.25,21024,0.8221502999756061,0.013872369372979731,0.0,,0.0,0.017854894489955253
0.25,21025,0.7999961181936426,0.02249768523137798,0.0,,0.0,0.015720378553110453
0.25,21026,0.7986110510986482,0.027571921131758197,0.0,,0.0,0.01731721586865097
0.25,21027,0.7926196248039371,0.021349943155307693,0.0,,0.0,0.015830976421837322
0.25,21028,0.8047579564976032,0.020022227807977074,0.0,,0.0,0.015260902624540646
0.25,21029,0.8036482008633864,0.02692905281930248,0.0,,0.0,0.024045866015702837
0.25,21030,0.7921959961706035,0.019121882602920283,0.0,,0.0,0.016971200731404852
0.25,21031,0.7932988968864658,0.013522176310364023,0.0,,0.0,0.01528476376716861
0.25,21032,0.7907325676260079,0.025223103620715014,0.0,,0.0,0.021171217220067564
0.25,21033,0.79083296931288,0.03202648372035264,0.0,,0.0,0.023461015437447007
0.25,21034,0.8009086458269475,0.01710255023455223,0.0,,0.0,0.01967196242710879
0.25,21035,0.8213202955002696,0.01898220141593372,0.0,,0.0,0.01717864239859826
0.25,21036,0.8259617651140622,0.017221412427489768,0.0,,0.0,0.016419925155665024
0.25,21037,0.8013742259218277,0.025632235493704268,0.0,,0.0,0.017946765220833365
0.25,21038,0.8038264855604256,0.02689501181071053,0.0,,0.0,0.032502707188861085
0.25,21039,0.8106919647005831,0.02717356575850335,0.0,,0.0,0.02757956017627216
0.25,21040,0.8143632704141534,0.022747807758105042,0.0,,0.0,0.013803599491380936
0.25,21041,0.7879028085315898,0.024050514362991347,0.0,,0.0,0.015248773183417335
0.25,21042,0.8235912090914722,0.019724451022387166,0.0,,0.0,0.015818443649976217
0.25,21043,0.79255919997736,0.01754776809356928,0.0,,0.0,0.016060989758217122
0.25,21044,0.8131887367346488,0.023950679926801118,0.0,,0.0,0.03370511023883543
0.25,21045,0.8066314614868794,0.020105577165872152,0.0,,0.0,0.025190881598925494
0.25,21046,0.8102576676911957,0.0167318170092748,0.0,,0.0,0.018738153586774383
0.25,21047,0.8260279719831514,0.02466750453638632,0.0,,0.0,0.02308193386635901
0.25,21048,0.787268613231705,0.023895059211493486,0.0,,0.0,0.027296688307802647
0.25,21049,0.8198051822113039,0.035256816852737016,0.0,,0.0,0.017787529339659634
0.25,21050,0.8250906389940829,0.020635450703469206,0.0,,0.0,0.020738090047887986
0.25,21051,0.7874217162218842,0.02190044869733936,0.0,,0.0,0.019282171522187908
0.25,21052,0.7834430709699534,0.013134587372225042,0.0,,0.0,0.01978770498172332
0.25,21053,0.8083317733112183,0.014479599523492521,0.0,,0.0,0.019023745400692117
0.25,21054,0.8064674526109867,0.022675255710872203,0.0,,0.0,0.022137261791970966
0.25,21055,0.8080094753487965,0.02054880330790481,0.0,,0.0,0.01840666938422031
0.25,21056,0.8183909348954861,0.017235587468389643,0.0,,0.0,0.02045149384835798
0.25,21057,0.8003812366677084,0.02441223237538214,0.0,,0.0,0.01581797273343381
0.25,21058,0.8014563305929563,0.019812367692737084,0.0,,0.0,0.015175007229705448
0.25,21059,0.792346651443268,0.01565662957960748,0.0,,0.0,0.02562204509280381
0.25,21060,0.8187758613024828,0.028393328335823337,0.0,,0.0,0.027292789005836048
0.25,21061,0.8218272364564554,0.023297008561766475,0.0,,0.0,0.013253628263670103
0.25,21062,0.8165129886240343,0.020084603352689405,0.0,,0.0,0.01828264209919234
0.25,21063,0.7826789203597977,0.022903704983156258,0.0,,0.0,0.016508346061286382
0.25,21064,0.8198874083080138,0.02202119268003928,0.0,,0.0,0.01878304455304356
0.25,21065,0.8097435778048101,0.019693786780945532,0.0,,0.0,0.027829412760694096
0.25,21066,0.7962059567118206,0.02947902390661789,0.0,,0.0,0.019679357055881967
0.25,21067,0.7776344846875441,0.024619009789280735,0.0,,0.0,0.019143931308506692
0.25,21068,0.7794363150614588,0.015870765299413666,0.0,,0.0,0.025176468289422202
0.25,21069,0.8121609122462397,0.024586681814993527,0.0,,0.0,0.013454316661451452
0.25,21070,0.8234556994894617,0.02053307015249302,0.0,,0.0,0.0201785737648503
0.25,21071,0.7987154440468196,0.019490515841064083,0.0,,0.0,0.01962697300345751
0.25,21072,0.7993989687054195,0.026015104859802123,0.0,,0.0,0.01542100891441311
0.25,21073,0.8095588142454612,0.02790189355606239,0.0,,0.0,0.028047971255287817
0.25,21074,0.7752316053337694,0.018774679203747275,0.0,,0.0,0.016260752939842003
0.25,21075,0.8012236656919657,0.011964890135480868,0.0,,0.0,0.01913244609591968
0.25,21076,0.7964703406704358,0.015447813191324797,0.0,,0.0,0.02463304455771067
0.25,21077,0.8014569402191538,0.022761499765020836,0.0,,0.0,0.015592431572691603
0.25,21078,0.7820777294663099,0.014884856600777818,0.0,,0.0,0.025267063945866097
0.25,21079,0.8003008956948408,0.028433004843164487,0.0,,0.0,0.012559790634907496
0.25,21080,0.7846935704023738,0.016286621184771248,0.0,,0.0,0.018207749005695762
0.25,21081,0.8322186082320997,0.021381402446954495,0.0,,0.0,0.01752552064982135
0.25,21082,0.797209550364957,0.02305594045247371,0.0,,0.0,0.02303972783083119
0.25,21083,0.7862531794081816,0.020079248341971213,0.0,,0.0,0.02110879244943349
0.25,21084,0.8115684438732186,0.013802502957336744,0.0,,0.0,0.028342088242578854
0.25,21085,0.8050792059626979,0.01922096423094755,0.0,,0.0,0.01742518062734846
0.25,21086,0.8051223882691342,0.017742557655177457,0.0,,0.0,0.016149604134432914
0.25,21087,0.7921243128990672,0.022379604217542017,0.0,,0.0,0.019328422213735052
0.25,21088,0.8304453736535937,0.026755568308865083,0.0,,0.0,0.022282174782558964
0.25,21089,0.7812808786554574,0.025528718688674998,0.0,,0.0,0.015143107060101793
0.25,21090,0.8039123779526538,0.02169846717343939,0.0,,0.0,0.020440597629110765
0.25,21091,0.8122118771350577,0.016087160945748205,0.0,,0.0,0.03492037751710774
0.25,21092,0.8098392892860815,0.017097605617730677,0.0,,0.0,0.02927928400469159
0.25,21093,0.8198177129269123,0.017143856079482354,0.0,,0.0,0.029412551770462765
0.25,21094,0.7882152561182053,0.016578504023105498,0.0,,0.0,0.009193539709096137
0.25,21095,0.8269858547269673,0.02364973321573797,0.0,,0.0,0.01940113943984319
0.25,21096,0.8205318453061032,0.01643117080005737,0.0,,0.0,0.01202841239982861
0.25,21097,0.8246431043958029,0.023817166822273264,0.0,,0.0,0.00855634300692375
0.25,21098,0.8173724594930792,0.011293396782082705,0.0,,0.0,0.013470723840875146
0.25,21099,0.8258084862808311,0.02088833861287607,0.0,,0.0,0.014387510155037302
0.25,21100,0.8164130171767646,0.018715924257951693,0.0,,0.0,0.012687472799717206
0.5,21001,0.7987314668910617,0.01873735363545717,0.0,,0.0,0.02380142986476091
0.5,21002,0.8184502989796797,0.018109893657048917,0.0,,0.0,0.022330208448778772
0.5,21003,0.7944450029227559,0.020148761477082312,0.0,,0.0,0.0196740171804795
0.5,21004,0.8383948950593646,0.02524406003648532,0.0,,0.0,0.020007199792562887
0.5,21005,0.8257198183551475,0.01615629445074256,0.0,,0.0,0.015155506865252386
0.5,21006,0.8099571547213803,0.020416754189979798,0.0,,0.0,0.012251373363439651
0.5,21007,0.8044791454781323,0.013476823360087774,0.0,,0.0,0.03017956086281102
0.5,21008,0.7958264262376425,0.023576023611916644,0.0,,0.0,0.030759196909179096
0.5,21009,0.7870683427286956,0.02363754723489338,0.0,,0.0,0.014125067000327772
0.5,21010,0.8246216219597495,0.0175335949826881,0.0,,0.0,0.026007253572968552
0.5,21011,0.8209579552599721,0.023277764748320526,0.0,,0.0,0.019693736052633283
0.5,21012,0.821991103863244,0.019319645077033494,0.0,,0.0,0.009877573974543538
0.5,21013,0.8187299666112311,0.022587053852019964,0.0,,0.0,0.02000882913642195
0.5,21014,0.8041873277085085,0.015693271814476845,0.0,,0.0,0.025395171456174384
0.5,21015,0.7936675247169627,0.021732994539667025,0.0,,0.0,0.02107164312290568
0.5,21016,0.8137216492036597,0.02356108113833265,0.0,,0.0,0.023263582876883297
0.5,21017,0.8376949590766676,0.013834649090130265,0.0,,0.0,0.024608595223188992
0.5,21018,0.8249145616631187,0.024758363371376466,0.0,,0.0,0.012544623986923312
0.5,21019,0.8220889185307436,0.01977001983882483,0.0,,0.0,0.028712954892860985
0.5,21020,0.8018514585088394,0.01983431223130562,0.0,,0.0,0.01834511320703106
0.5,21021,0.7892062104265264,0.018912953163661584,0.0,,0.0,0.01846840698889958
0.5,21022,0.816680991771159,0.01660245308111335,0.0,,0.0,0.01518291368551398
0.5,21023,0.8216425791302492,0.012693191696233576,0.0,,0.0,0.021925438613240866
0.5,21024,0.8354086326864191,0.015341682094462175,0.0,,0.0,0.018068851520765705
0.5,21025,0.802256527722711,0.018293968772438336,0.0,,0.0,0.015686088470794383
0.5,21026,0.8010493927465779,0.027982050694574725,0.0,,0.0,0.01699791516937868
0.5,21027,0.80145361633628,0.020332758256046524,0.0,,0.0,0.015547464280433961
0.5,21028,0.8107307591198901,0.021306969736175133,0.0,,0.0,0.015452744911243719
0.5,21029,0.8054455231775434,0.02693339666165854,0.0,,0.0,0.023896166182234314
0.5,21030,0.8002813256894573,0.022773459509289072,0.0,,0.0,0.017262033655310066
0.5,21031,0.7997534797120285,0.012842806942160515,0.0,,0.0,0.015198411919442587
0.5,21032,0.7943057207376267,0.025408281702315565,0.0,,0.0,0.020776851267410648
0.5,21033,0.7971659721703793,0.028550831248277918,0.0,,0.0,0.021993501095222818
0.5,21034,0.812367252741144,0.014952454849499933,0.0,,0.0,0.01971104222479202
0.5,21035,0.8202925437394947,0.017314559778257847,0.0,,0.0,0.01701508828541218
0.5,21036,0.8217703843085232,0.018648265239063627,0.0,,0.0,0.016401107918373667
0.5,21037,0.814082507649552,0.026790855408597193,0.0,,0.0,0.018756791823724663
0.5,21038,0.8013430201205182,0.027363424668160826,0.0,,0.0,0.032483480297141286
0.5,21039,0.8143423166246627,0.02415897204282052,0.0,,0.0,0.027296738704017286
0.5,21040,0.8180929219851443,0.02008901032267523,0.0,,0.0,0.013830477582484953
0.5,21041,0.7884942509024433,0.02442133500312442,0.0,,0.0,0.015410918351390378
0.5,21042,0.8277826004137135,0.01553606513300787,0.0,,0.0,0.016147431205602625
0.5,21043,0.8013406513333117,0.02346875171613414,0.0,,0.0,0.016342090000702837
0.5,21044,0.8168985821611869,0.022001928740684875,0.0,,0.0,0.03395838697885724
0.5,21045,0.8164399605032604,0.020347365956724147,0.0,,0.0,0.024594855489003725
0.5,21046,0.815955721175474,0.018581175575830226,0.0,,0.0,0.019172898627753475
0.5,21047,0.8401398154915223,0.02250381146730856,0.0,,0.0,0.023786303478107708
0.5,21048,0.7988433774543259,0.02503747694984086,0.0,,0.0,0.02775584998390097
0.5,21049,0.8161824563669756,0.034552210347726445,0.0,,0.0,0.01805927358382687
0.5,21050,0.8282854341729642,0.02355409415802255,0.0,,0.0,0.020597919326209243
0.5,21051,0.7843826462861088,0.021931047983038333,0.0,,0.0,0.019104532272431272
0.5,21052,0.7915929260661354,0.013959886080142094,0.0,,0.0,0.019204557993631327
0.5,21053,0.8074738995084482,0.014911669000886824,0.0,,0.0,0.019663392324060208
0.5,21054,0.8141199202580116,0.022045214274932067,0.0,,0.0,0.02251969141773939
0.5,21055,0.8041172251769226,0.02048180077968477,0.0,,0.0,0.019005923870503608
0.5,21056,0.8133220237934058,0.019800350101157656,0.0,,0.0,0.021203031201824644
0.5,21057,0.7988091093287776,0.025139117036992845,0.0,,0.0,0.01573599536961818
0.5,21058,0.8054129821811262,0.021429311188992686,0.0,,0.0,0.015126090523123773
0.5,21059,0.7923625284428113,0.016954161875549906,0.0,,0.0,0.025003493382725436
0.5,21060,0.8304469773620614,0.033729694932841184,0.0,,0.0,0.027033732431248056
0.5,21061,0.8230967065081962,0.02307263044988052,0.0,,0.0,0.013360058493272445
0.5,21062,0.8175149757561615,0.021056171986325378,0.0,,0.0,0.017849315528029205
0.5,21063,0.7889427487606597,0.024987116527800984,0.0,,0.0,0.017102387973913415
0.5,21064,0.8228189608917791,0.02132671202564956,0.0,,0.0,0.018254347498817686
0.5,21065,0.8152809387146494,0.022333537203340224,0.0,,0.0,0.027718376837984095
0.5,21066,0.7979598906825439,0.02759933369285873,0.0,,0.0,0.01989015978504867
0.5,21067,0.7743096748094406,0.023900353543224603,0.0,,0.0,0.019008774160603967
0.5,21068,0.7815929008427372,0.020280403055225174,0.0,,0.0,0.02545005070947209
0.5,21069,0.8113196366514479,0.023755584333147096,0.0,,0.0,0.01359580420130134
0.5,21070,0.8236832085161582,0.02484198056299907,0.0,,0.0,0.02054315781780049
0.5,21071,0.8190878209130799,0.019519253839646658,0.0,,0.0,0.020320792132991334
0.5,21072,0.8052532229961685,0.02590901862467734,0.0,,0.0,0.015205788715170601
0.5,21073,0.8123984122125555,0.029172712983676515,0.0,,0.0,0.02860666286557136
0.5,21074,0.7830025698605706,0.01609850988394806,0.0,,0.0,0.01582740883287655
0.5,21075,0.8066007845771596,0.01273168239705567,0.0,,0.0,0.01927614196871733
0.5,21076,0.7999825062212462,0.01577021411499418,0.0,,0.0,0.024266945219124505
0.5,21077,0.8125944771321477,0.021976368870507246,0.0,,0.0,0.015663790215338712
0.5,21078,0.7932189320893538,0.014204923310710736,0.0,,0.0,0.02457244509302808
0.5,21079,0.8088664562353625,0.028807711785676926,0.0,,0.0,0.013251692025981558
0.5,21080,0.7931407579824601,0.015641104820515974,0.0,,0.0,0.01859285647098136
0.5,21081,0.8372497062279457,0.02289199341689734,0.0,,0.0,0.018028355804534695
0.5,21082,0.80365334815734,0.02451304808163529,0.0,,0.0,0.02349854440972762
0.5,21083,0.7928922224868209,0.020388604274999497,0.0,,0.0,0.021432316755807056
0.5,21084,0.8198592539961517,0.015012966805608145,0.0,,0.0,0.027990755510948265
0.5,21085,0.8176220325770885,0.02216278023613262,0.0,,0.0,0.017285186615838537
0.5,21086,0.806423172828865,0.018337325470470952,0.0,,0.0,0.016053113379366834
0.5,21087,0.7944464673575854,0.023787109595107436,0.0,,0.0,0.018668222335838962
0.5,21088,0.8280853085850789,0.029053887414867797,0.0,,0.0,0.023661168319817332
0.5,21089,0.7871898459489589,0.0281161606681815,0.0,,0.0,0.015387074261318735
0.5,21090,0.8108028676649638,0.022358861812788913,0.0,,0.0,0.01998855764991032
0.5,21091,0.8149287671812593,0.02043442686486912,0.0,,0.0,0.03413784626835936
0.5,21092,0.8142330514559116,0.017388736265140498,0.0,,0.0,0.029268473348531995
0.5,21093,0.820656981456496,0.01724574057972063,0.0,,0.0,0.030222183225510537
0.5,21094,0.7900322177593533,0.017388234753804452,0.0,,0.0,0.008730154953740863
0.5,21095,0.8257520062824032,0.024057552550355035,0.0,,0.0,0.019432461337565345
0.5,21096,0.8275100414789951,0.017147697971457612,0.0,,0.0,0.011497729893624025
0.5,21097,0.8305375779712064,0.02462320040329592,0.0,,0.0,0.008351178644264642
0.5,21098,0.8144475184499961,0.014343463050082404,0.0,,0.0,0.014157836957747161
0.5,21099,0.8277236562122621,0.022980449014595426,0.0,,0.0,0.013777411716054856
0.5,21100,0.8127945037325883,0.02167718850568401,0.0,,0.0,0.013083906581816079
0.75,21001,0.7994222229934957,0.019689321485167735,0.0,,0.0,0.02337190861186962
0.75,21002,0.8223614118298878,0.018424608453815522,0.0,,0.0,0.022433391274054262
0.75,21003,0.7990900165257739,0.020328709978243823,0.0,,0.0,0.02023830283479669
0.75,21004,0.8417429143615441,0.025121652282503005,0.0,,0.0,0.019866611008047392
0.75,21005,0.8328261027394713,0.019500821171823144,0.0,,0.0,0.015035407034289806
0.75,21006,0.813186236722558,0.02028074287277253,0.0,,0.0,0.012510518456506633
0.75,21007,0.8071500806629983,0.013012872251217313,0.0,,0.0,0.03037944541880029
0.75,21008,0.8017696926082762,0.02454734431195209,0.0,,0.0,0.029955791220406713
0.75,21009,0.7845781636244357,0.023521706509875562,0.0,,0.0,0.014028882844734223
0.75,21010,0.8292045933981981,0.017498207191200817,0.0,,0.0,0.026726481887640808
0.75,21011,0.8161920930101293,0.022511177843988758,0.0,,0.0,0.019522574944853252
0.75,21012,0.8338583112473397,0.015501658565653968,0.0,,0.0,0.009899442542010552
0.75,21013,0.8201985093737364,0.02302182812187416,0.0,,0.0,0.020168921275980134
0.75,21014,0.8074984486016157,0.015502216645370116,0.0,,0.0,0.025348017969053265
0.75,21015,0.8027137624439068,0.023455750716893813,0.0,,0.0,0.020647839762393694
0.75,21016,0.8199680415198484,0.0252356743852929,0.0,,0.0,0.023726249195333917
0.75,21017,0.8374033652909569,0.013418640990746182,0.0,,0.0,0.02424379196607038
0.75,21018,0.83465098735991,0.02547726750376312,0.0,,0.0,0.012144190802751129
0.75,21019,0.8260627180688147,0.023411781821969468,0.0,,0.0,0.028132150168231836
0.75,21020,0.809764291016128,0.02183111900315612,0.0,,0.0,0.01872712161375042
0.75,21021,0.7931400763868366,0.017927582908874952,0.0,,0.0,0.01778574185883958
0.75,21022,0.8206314177427183,0.01734456024055863,0.0,,0.0,0.01500749802048812
0.75,21023,0.8203621728788559,0.01347285939304056,0.0,,0.0,0.022330265162731035
0.75,21024,0.8390777092848427,0.014623260020143187,0.0,,0.0,0.01809324144338616
0.75,21025,0.8017728266225881,0.017264823775361506,0.0,,0.0,0.015946399205173954
0.75,21026,0.8047686263400665,0.027362086090207502,0.0,,0.0,0.016608044203921465
0.75,21027,0.8071102558242425,0.01840270472074765,0.0,,0.0,0.015617356450822063
0.75,21028,0.8154808186246838,0.018928424812493697,0.0,,0.0,0.015616653211282552
0.75,21029,0.8168037401176282,0.028600478058510626,0.0,,0.0,0.023825470073757637
0.75,21030,0.8025580457805168,0.024609601861906683,0.0,,0.0,0.01751080839870944
0.75,21031,0.8062325499431814,0.013629757730185614,0.0,,0.0,0.015871667893726092
0.75,21032,0.796494926734521,0.025475713326794783,0.0,,0.0,0.02054936582232518
0.75,21033,0.802269431123679,0.02791333825127717,0.0,,0.0,0.021445580776710393
0.75,21034,0.8115272178759642,0.016470006681805833,0.0,,0.0,0.01960408645525362
0.75,21035,0.8203661975137382,0.01661908996801626,0.0,,0.0,0.016392451311082593
0.75,21036,0.8278920268482691,0.019775237325739704,0.0,,0.0,0.016290080733190184
0.75,21037,0.8249031477522935,0.030769424805955438,0.0,,0.0,0.018495942304669943
0.75,21038,0.8025500375194493,0.0256875610024588,0.0,,0.0,0.03201197520391315
0.75,21039,0.8160586977414087,0.02316058341754909,0.0,,0.0,0.02753966718548732
0.75,21040,0.8235248171431717,0.019701499177750874,0.0,,0.0,0.01348478759227689
0.75,21041,0.7962895470632502,0.026900687165123373,0.0,,0.0,0.01490762053854251
0.75,21042,0.8298425488418474,0.015846881352202694,0.0,,0.0,0.016013224296063614
0.75,21043,0.8063369437127493,0.022856993370790567,0.0,,0.0,0.016174211596324747
0.75,21044,0.826474279265982,0.022065630318534975,0.0,,0.0,0.03439323368068679
0.75,21045,0.8230192345085302,0.020677672798509517,0.0,,0.0,0.02485563022179341
0.75,21046,0.818397751717557,0.018992362895361208,0.0,,0.0,0.01973467538308763
0.75,21047,0.8418506310643358,0.02201814561698283,0.0,,0.0,0.023203464351048878
0.75,21048,0.803935386386839,0.023706695975005736,0.0,,0.0,0.027868115409581187
0.75,21049,0.8135317347881925,0.03627886991564899,0.0,,0.0,0.018206650712920977
0.75,21050,0.8298140540165442,0.025011036779265874,0.0,,0.0,0.020499901645330627
0.75,21051,0.7891225227917107,0.02269281409661265,0.0,,0.0,0.019315501993503844
0.75,21052,0.8010622488654824,0.017405292231332775,0.0,,0.0,0.018605610251500433
0.75,21053,0.8102403005034775,0.013186663063545073,0.0,,0.0,0.019379179820474407
0.75,21054,0.8136768487844249,0.02057217086137018,0.0,,0.0,0.022201330934106322
0.75,21055,0.796914320166297,0.020359177744652145,0.0,,0.0,0.01872907942572992
0.75,21056,0.8188875765801243,0.02064581716928419,0.0,,0.0,0.02256972761086361
0.75,21057,0.8076020313574024,0.02579271420102533,0.0,,0.0,0.016267176709033476
0.75,21058,0.8065958336878034,0.02414302613409673,0.0,,0.0,0.0149185025864294
0.75,21059,0.7984436783491948,0.019341250667351585,0.0,,0.0,0.024309835530875692
0.75,21060,0.8404213919930068,0.034537980544226805,0.0,,0.0,0.027441996101176615
0.75,21061,0.8167791391350456,0.022228041103465192,0.0,,0.0,0.013929300056475977
0.75,21062,0.8216490636939683,0.017791916420120988,0.0,,0.0,0.01721893282309491
0.75,21063,0.7947999469850938,0.027462013392608994,0.0,,0.0,0.01721163971946403
0.75,21064,0.8239653415252985,0.022245059042715145,0.0,,0.0,0.018067641138792664
0.75,21065,0.8223542600044405,0.020947456124954786,0.0,,0.0,0.027581554174262463
0.75,21066,0.8049351830290813,0.02757527498339928,0.0,,0.0,0.020091604682871057
0.75,21067,0.7792480420726932,0.021738681008145095,0.0,,0.0,0.018502163508615443
0.75,21068,0.7896632306560183,0.021866223699722444,0.0,,0.0,0.02588457210757821
0.75,21069,0.8194551526406016,0.024589374713981326,0.0,,0.0,0.013384653018539356
0.75,21070,0.8263900088861895,0.026654659425831458,0.0,,0.0,0.020564562033073813
0.75,21071,0.8235539006325583,0.02099168597472343,0.0,,0.0,0.020136918545751264
0.75,21072,0.7997431658606535,0.0228698666326102,0.0,,0.0,0.015043868207033616
0.75,21073,0.821861470848345,0.025248919527302342,0.0,,0.0,0.02904114260877297
0.75,21074,0.7842452146565282,0.017363823804341445,0.0,,0.0,0.01582630564086426
0.75,21075,0.8133705879651383,0.010861726803709636,0.0,,0.0,0.019718439160127946
0.75,21076,0.8000253312947746,0.014910026324933351,0.0,,0.0,0.02412916914302757
0.75,21077,0.8186478794723049,0.022080028282277998,0.0,,0.0,0.01555407116134724
0.75,21078,0.798121296562848,0.013746076778166399,0.0,,0.0,0.0240191642727914
0.75,21079,0.8102920021179523,0.029439186759837584,0.0,,0.0,0.013222872069135872
0.75,21080,0.7950900162366956,0.01671395076512212,0.0,,0.0,0.018268670793949292
0.75,21081,0.8424510437265618,0.02123162070098906,0.0,,0.0,0.018687937051807667
0.75,21082,0.8063165431849064,0.024369034531243308,0.0,,0.0,0.023378427966280906
0.75,21083,0.7994139870261179,0.021098699268689312,0.0,,0.0,0.021303599793761247
0.75,21084,0.8218579145194297,0.015087349959979589,0.0,,0.0,0.027458902972420936
0.75,21085,0.8223147185401266,0.021338121761864247,0.0,,0.0,0.01791923554225486
0.75,21086,0.8066070454955345,0.01620927968320703,0.0,,0.0,0.016631029458470205
0.75,21087,0.7972355184572055,0.025091684263461686,0.0,,0.0,0.018808068532263668
0.75,21088,0.8314739043274743,0.029790021319247698,0.0,,0.0,0.023533761792789307
0.75,21089,0.7884306659162726,0.027258685422016257,0.0,,0.0,0.01490743470924207
0.75,21090,0.8098452641086454,0.023490922924315667,0.0,,0.0,0.01998135226345917
0.75,21091,0.8194159779863682,0.02003962647654718,0.0,,0.0,0.034025687786102585
0.75,21092,0.8163422849733268,0.01749155060263349,0.0,,0.0,0.02988222067212625
0.75,21093,0.8249995331684994,0.02014105544947252,0.0,,0.0,0.030097630640477085
0.75,21094,0.7942413614057275,0.01925910855123882,0.0,,0.0,0.008466648184733368
0.75,21095,0.8318041642003534,0.024970621466457135,0.0,,0.0,0.01896177923351248
0.75,21096,0.8223985480087116,0.017789948188894206,0.0,,0.0,0.011632966589799345
0.75,21097,0.8308476823615552,0.023893782750132705,0.0,,0.0,0.008365342013723794
0.75,21098,0.8158770560210179,0.016141450529890976,0.0,,0.0,0.014122797959012084
0.75,21099,0.8378092714329471,0.020708732840381043,0.0,,0.0,0.013861893084347212
0.75,21100,0.8188715062549492,0.023123760521161555,0.0,,0.0,0.013043518837458747
1.0,21001,0.8062060895691985,0.019287448213501063,0.0,,0.0,0.023925505164632592
1.0,21002,0.8255144647601578,0.019565231811764616,0.0,,0.0,0.022691774261398602
1.0,21003,0.8010136234319195,0.020501184788122708,0.0,,0.0,0.0199756101961286
1.0,21004,0.8413067287664575,0.024686833624704994,0.0,,0.0,0.020683562279992962
1.0,21005,0.8324733635824301,0.017019757205000922,0.0,,0.0,0.015108500814865321
1.0,21006,0.8141435501347956,0.02147055176922433,0.0,,0.0,0.01241463908294195
1.0,21007,0.8063230861362136,0.015303265806367598,0.0,,0.0,0.031105451379871273
1.0,21008,0.8044698790198983,0.024976330779592642,0.0,,0.0,0.029551298534222777
1.0,21009,0.789815693603377,0.023619595438017362,0.0,,0.0,0.013910197257336243
1.0,21010,0.8368669884468811,0.017341784302079798,0.0,,0.0,0.026940306966216385
1.0,21011,0.8086580761002276,0.022488384248750142,0.0,,0.0,0.019477407029754767
1.0,21012,0.8425363352613872,0.014572614083570138,0.0,,0.0,0.009947907848061405
1.0,21013,0.8220807689483868,0.02411919718942741,0.0,,0.0,0.01966288884803573
1.0,21014,0.8127003317367607,0.016810949382713956,0.0,,0.0,0.02492209175392656
1.0,21015,0.8142782691831151,0.02466362655533237,0.0,,0.0,0.020463074085303106
1.0,21016,0.8192663764973492,0.026355333558638134,0.0,,0.0,0.023644783498507245
1.0,21017,0.841197762064164,0.011847580713064233,0.0,,0.0,0.023968338928028035
1.0,21018,0.8375956033473241,0.02488323205619305,0.0,,0.0,0.011992563892722926
1.0,21019,0.8341157516240183,0.022602237521343844,0.0,,0.0,0.02808932004321614
1.0,21020,0.8136723193676431,0.022310815815359365,0.0,,0.0,0.018872430227807477
1.0,21021,0.7964292462214981,0.018333674917920935,0.0,,0.0,0.017633731172597405
1.0,21022,0.8322827065814064,0.01630419393684536,0.0,,0.0,0.014921929907769223
1.0,21023,0.8265637479683714,0.013936666830789873,0.0,,0.0,0.022624410724817884
1.0,21024,0.8465780301502459,0.014438697785936584,0.0,,0.0,0.018462886436254905
1.0,21025,0.8044877237610116,0.01584408435222651,0.0,,0.0,0.015978483710360182
1.0,21026,0.8067393777800673,0.027681658565319754,0.0,,0.0,0.016458100953128028
1.0,21027,0.8104687012308442,0.016933496502051098,0.0,,0.0,0.01621700633980437
1.0,21028,0.8141384707834741,0.021250513656808048,0.0,,0.0,0.015593444253526063
1.0,21029,0.8215424224183125,0.028328925316430005,0.0,,0.0,0.023376864791846502
1.0,21030,0.8064997302925654,0.026173701488412415,0.0,,0.0,0.01749851342359905
1.0,21031,0.8090990481821925,0.014772165261291213,0.0,,0.0,0.01623114990496431
1.0,21032,0.8013260491341144,0.0254464476679894,0.0,,0.0,0.020462288980231523
1.0,21033,0.7999849386508602,0.027491974172311334,0.0,,0.0,0.021047229193565456
1.0,21034,0.8152048697712208,0.018477754690193124,0.0,,0.0,0.01951667680819014
1.0,21035,0.8218323459696514,0.0165695373891406,0.0,,0.0,0.01606133205577126
1.0,21036,0.8275284479910358,0.022116969231111654,0.0,,0.0,0.01641653959831224
1.0,21037,0.8352651720599891,0.03340168712056374,0.0,,0.0,0.018676552694906104
1.0,21038,0.80141222807917,0.024793334852964765,0.0,,0.0,0.03219669122671587
1.0,21039,0.8216694267058424,0.022769645100448665,0.0,,0.0,0.027557544144951956
1.0,21040,0.8262421322119451,0.021103030389886073,0.0,,0.0,0.013479990099340481
1.0,21041,0.7936678606068713,0.028613286702832585,0.0,,0.0,0.01492030290482426
1.0,21042,0.8344171483408919,0.016177221860026403,0.0,,0.0,0.01612235511915215
1.0,21043,0.8105054256650185,0.021763964508370683,0.0,,0.0,0.016333341343940388
1.0,21044,0.8267894245939738,0.022434242198449087,0.0,,0.0,0.03528581594622988
1.0,21045,0.8240696232339638,0.02198231749879057,0.0,,0.0,0.024830651117247315
1.0,21046,0.8213412421995697,0.019917438575903987,0.0,,0.0,0.019861776591515574
1.0,21047,0.8453673744392398,0.022614393037896526,0.0,,0.0,0.023130444967699598
1.0,21048,0.8110261813338699,0.024073745659782736,0.0,,0.0,0.02722891081122002
1.0,21049,0.8178263872949533,0.037162340308979594,0.0,,0.0,0.01816338057008749
1.0,21050,0.8372844911296995,0.02538228305118501,0.0,,0.0,0.020027937459224984
1.0,21051,0.7945412667632548,0.021432081651798,0.0,,0.0,0.01939973598250821
1.0,21052,0.8014516305742875,0.017636009452295383,0.0,,0.0,0.018324952025944256
1.0,21053,0.8134700858604776,0.013498341187768053,0.0,,0.0,0.019309684465852673
1.0,21054,0.8156797795250343,0.0208163941027059,0.0,,0.0,0.022164834019839298
1.0,21055,0.7948392742396345,0.02129039509689073,0.0,,0.0,0.0189075577889217
1.0,21056,0.8239021713201511,0.01977306407784184,0.0,,0.0,0.02326871994932371
1.0,21057,0.809877737365198,0.027564730978472753,0.0,,0.0,0.016756044970075348
1.0,21058,0.8072547461693701,0.024599649227018388,0.0,,0.0,0.014852781065126627
1.0,21059,0.8014484077189628,0.01960375454615439,0.0,,0.0,0.02391573049531972
1.0,21060,0.8424148824603608,0.035479248730767236,0.0,,0.0,0.027526008589838648
1.0,21061,0.8184556345057095,0.020876410587903377,0.0,,0.0,0.013909258818083305
1.0,21062,0.825309196832002,0.016387729172225647,0.0,,0.0,0.01708989046611097
1.0,21063,0.7949108452451097,0.028978376865842082,0.0,,0.0,0.01761888797490394
1.0,21064,0.828784687299065,0.019869234952749778,0.0,,0.0,0.01753867589368795
1.0,21065,0.8280114302851713,0.022564320523518675,0.0,,0.0,0.02785349965713309
1.0,21066,0.813171517913768,0.02685071915177558,0.0,,0.0,0.02016561797190401
1.0,21067,0.7831027440193045,0.021668309273480672,0.0,,0.0,0.018975096103075524
1.0,21068,0.79470665053285,0.021295202356464274,0.0,,0.0,0.025358062283475792
1.0,21069,0.8209159995428328,0.027185649623671735,0.0,,0.0,0.013667303320803927
1.0,21070,0.832104975839904,0.028174861463848115,0.0,,0.0,0.019910039990036467
1.0,21071,0.8279122625668922,0.023364934707713805,0.0,,0.0,0.02048392069160172
1.0,21072,0.797459843324385,0.022430830147145604,0.0,,0.0,0.014851153936747716
1.0,21073,0.824851474842832,0.025703399675586876,0.0,,0.0,0.028866471411463753
1.0,21074,0.7847646928171291,0.01671312952082678,0.0,,0.0,0.016354619104495566
1.0,21075,0.8103540954138133,0.011187256376158035,0.0,,0.0,0.0205415589192424
1.0,21076,0.8045905939611792,0.01597118527420854,0.0,,0.0,0.02351668277570568
1.0,21077,0.8198665132442953,0.02083798321068297,0.0,,0.0,0.014999356544060509
1.0,21078,0.806201205454982,0.013425447329528809,0.0,,0.0,0.023728027205295692
1.0,21079,0.8139288160221465,0.031177045775964876,0.0,,0.0,0.012724619247466902
1.0,21080,0.8004760515069583,0.016522035252527777,0.0,,0.0,0.01795258336904581
1.0,21081,0.8422928111396021,0.020323600634474796,0.0,,0.0,0.018496927137950963
1.0,21082,0.8144167335513804,0.02416632383617309,0.0,,0.0,0.022894548283530988
1.0,21083,0.8009683477964954,0.020653929221121383,0.0,,0.0,0.021234623187281972
1.0,21084,0.8243964575394496,0.018332871347515912,0.0,,0.0,0.02721445771356475
1.0,21085,0.8268899361316824,0.020969807513036374,0.0,,0.0,0.018017927914160514
1.0,21086,0.808887998582063,0.016028523889725456,0.0,,0.0,0.016930995706087068
1.0,21087,0.798048561011733,0.025458593908168344,0.0,,0.0,0.019088832084032756
1.0,21088,0.8351027784074144,0.028058032696815925,0.0,,0.0,0.023391026544466065
1.0,21089,0.7926163430622507,0.02700119979909319,0.0,,0.0,0.014589020005815065
1.0,21090,0.8180863303774569,0.023352402853098805,0.0,,0.0,0.019697357962073562
1.0,21091,0.8235996119554199,0.020157965829013594,0.0,,0.0,0.0345198646605329
1.0,21092,0.8186717428780401,0.017670782593888178,0.0,,0.0,0.030320298655478927
1.0,21093,0.8251799316899064,0.019977532762278878,0.0,,0.0,0.029373329075731355
1.0,21094,0.7941520739081632,0.02139294685789951,0.0,,0.0,0.00827205488935696
1.0,21095,0.836897542765064,0.024710517323544137,0.0,,0.0,0.01848020856913465
1.0,21096,0.8263207259002566,0.01762969293401876,0.0,,0.0,0.011436968552849227
1.0,21097,0.8314597757864417,0.022470589981301595,0.0,,0.0,0.008351703941785447
1.0,21098,0.8232557869313188,0.01615924261635072,0.0,,0.0,0.013940796447904844
1.0,21099,0.8473280644949018,0.02231612875660758,0.0,,0.0,0.013969394375857343
1.0,21100,0.8150460079589784,0.02574527901732826,0.0,,0.0,0.012938248115360158
