cell,prediction_sd,relative_improvement_vs_zero,outcome_sd
ORD|eligible|confidence,0.0014789814879460634,-0.021835086149051275,0.011169129339563861
ORD|eligible|uniform,0.0013128940008640094,-0.014888048449007263,0.011169129339563861
ORD|ordinary_eligible|uniform,0.0010434609424949536,-0.010471812991371898,0.011169129339563861
ORD|retained|confidence,0.0019143298033760078,-0.04381005285535777,0.011169129339563861
ORD|retained|uniform,0.0018585553829602187,-0.040684057321024536,0.011169129339563861
RDFL|eligible|confidence,0.0029015000083901688,-0.09134129787538425,0.011169129339563861
RDFL|eligible|uniform,0.002689339298361581,-0.07592312805427026,0.011169129339563861
RDFL|random_size_matched|confidence,0.0027111959874440146,-0.08537974048987684,0.011169129339563861
RDFL|retained_without_low|confidence,0.005276951141197943,-0.3164892902647727,0.011169129339563861
RDFL|retained|confidence,0.0036901364112756313,-0.1604660090019161,0.011169129339563861
RDFL|retained|uniform,0.0036305770317174566,-0.15454769320027917,0.011169129339563861
