dimension,group,competitor,loss_difference,n_dates,status
Symbol,BAY,DIRECT_HUBER,-0.13522036920735148,178,DESCRIPTIVE_NOT_INDEPENDENT_TEST
Symbol,BAY,HARD_RDFL,0.017121755081230372,178,DESCRIPTIVE_NOT_INDEPENDENT_TEST
Symbol,BAY,ORDINARY_SOFT,-0.12203780732306346,178,DESCRIPTIVE_NOT_INDEPENDENT_TEST
Symbol,BAY,ZERO,-0.12830251501218926,178,DESCRIPTIVE_NOT_INDEPENDENT_TEST
Symbol,BBL,DIRECT_HUBER,-0.11642188059217329,311,DESCRIPTIVE_NOT_INDEPENDENT_TEST
Symbol,BBL,HARD_RDFL,0.02996168058567883,311,DESCRIPTIVE_NOT_INDEPENDENT_TEST
Symbol,BBL,ORDINARY_SOFT,-0.11462495891378377,311,DESCRIPTIVE_NOT_INDEPENDENT_TEST
Symbol,BBL,ZERO,-0.12238757870255701,311,DESCRIPTIVE_NOT_INDEPENDENT_TEST
Symbol,KBANK,DIRECT_HUBER,-0.12524011587232575,210,DESCRIPTIVE_NOT_INDEPENDENT_TEST
Symbol,KBANK,HARD_RDFL,0.03278423773657346,210,DESCRIPTIVE_NOT_INDEPENDENT_TEST
Symbol,KBANK,ORDINARY_SOFT,-0.14778187942397625,210,DESCRIPTIVE_NOT_INDEPENDENT_TEST
Symbol,KBANK,ZERO,-0.15821949679799352,210,DESCRIPTIVE_NOT_INDEPENDENT_TEST
Symbol,KKP,DIRECT_HUBER,-0.09372235456379707,244,DESCRIPTIVE_NOT_INDEPENDENT_TEST
Symbol,KKP,HARD_RDFL,0.012301269639058976,244,DESCRIPTIVE_NOT_INDEPENDENT_TEST
Symbol,KKP,ORDINARY_SOFT,-0.08364163503301136,244,DESCRIPTIVE_NOT_INDEPENDENT_TEST
Symbol,KKP,ZERO,-0.07693210498740943,244,DESCRIPTIVE_NOT_INDEPENDENT_TEST
Symbol,KTB,DIRECT_HUBER,-0.11702911953074802,276,DESCRIPTIVE_NOT_INDEPENDENT_TEST
Symbol,KTB,HARD_RDFL,0.017566833567960183,276,DESCRIPTIVE_NOT_INDEPENDENT_TEST
Symbol,KTB,ORDINARY_SOFT,-0.11368643146440394,276,DESCRIPTIVE_NOT_INDEPENDENT_TEST
Symbol,KTB,ZERO,-0.10972850219195474,276,DESCRIPTIVE_NOT_INDEPENDENT_TEST
Symbol,SCB,DIRECT_HUBER,-0.10051007410285207,358,DESCRIPTIVE_NOT_INDEPENDENT_TEST
Symbol,SCB,HARD_RDFL,0.0036022761958895977,358,DESCRIPTIVE_NOT_INDEPENDENT_TEST
Symbol,SCB,ORDINARY_SOFT,-0.09555662576572033,358,DESCRIPTIVE_NOT_INDEPENDENT_TEST
Symbol,SCB,ZERO,-0.11560217144528362,358,DESCRIPTIVE_NOT_INDEPENDENT_TEST
Symbol,TISCO,DIRECT_HUBER,-0.600937787973024,227,DESCRIPTIVE_NOT_INDEPENDENT_TEST
Symbol,TISCO,HARD_RDFL,0.0870712238701199,227,DESCRIPTIVE_NOT_INDEPENDENT_TEST
Symbol,TISCO,ORDINARY_SOFT,-0.592125037815399,227,DESCRIPTIVE_NOT_INDEPENDENT_TEST
Symbol,TISCO,ZERO,-0.6253830695778313,227,DESCRIPTIVE_NOT_INDEPENDENT_TEST
Symbol,TTB,DIRECT_HUBER,-0.06851950634990078,393,DESCRIPTIVE_NOT_INDEPENDENT_TEST
Symbol,TTB,HARD_RDFL,0.012874554265455584,393,DESCRIPTIVE_NOT_INDEPENDENT_TEST
Symbol,TTB,ORDINARY_SOFT,-0.07264097690673543,393,DESCRIPTIVE_NOT_INDEPENDENT_TEST
Symbol,TTB,ZERO,-0.0736878983658148,393,DESCRIPTIVE_NOT_INDEPENDENT_TEST
block,2024-08-01,DIRECT_HUBER,-0.17609304097623313,47,DESCRIPTIVE_NOT_INDEPENDENT_TEST
block,2024-08-01,HARD_RDFL,0.02245498362600351,47,DESCRIPTIVE_NOT_INDEPENDENT_TEST
block,2024-08-01,ORDINARY_SOFT,-0.10128902638984139,47,DESCRIPTIVE_NOT_INDEPENDENT_TEST
block,2024-08-01,ZERO,-0.12388908656310282,47,DESCRIPTIVE_NOT_INDEPENDENT_TEST
block,2024-11-01,DIRECT_HUBER,-0.1763892519292808,62,DESCRIPTIVE_NOT_INDEPENDENT_TEST
block,2024-11-01,HARD_RDFL,0.01974437027255771,62,DESCRIPTIVE_NOT_INDEPENDENT_TEST
block,2024-11-01,ORDINARY_SOFT,-0.19371237303237887,62,DESCRIPTIVE_NOT_INDEPENDENT_TEST
block,2024-11-01,ZERO,-0.2005357523149519,62,DESCRIPTIVE_NOT_INDEPENDENT_TEST
block,2025-02-01,DIRECT_HUBER,-0.2783245886359711,59,DESCRIPTIVE_NOT_INDEPENDENT_TEST
block,2025-02-01,HARD_RDFL,0.031918415059314365,59,DESCRIPTIVE_NOT_INDEPENDENT_TEST
block,2025-02-01,ORDINARY_SOFT,-0.2494366458918691,59,DESCRIPTIVE_NOT_INDEPENDENT_TEST
block,2025-02-01,ZERO,-0.2768343685743724,59,DESCRIPTIVE_NOT_INDEPENDENT_TEST
block,2025-05-01,DIRECT_HUBER,-0.25479314484564874,59,DESCRIPTIVE_NOT_INDEPENDENT_TEST
block,2025-05-01,HARD_RDFL,0.027422636206199114,59,DESCRIPTIVE_NOT_INDEPENDENT_TEST
block,2025-05-01,ORDINARY_SOFT,-0.21981079770803547,59,DESCRIPTIVE_NOT_INDEPENDENT_TEST
block,2025-05-01,ZERO,-0.23377704386056197,59,DESCRIPTIVE_NOT_INDEPENDENT_TEST
block,2025-08-01,DIRECT_HUBER,-0.11200197879692098,61,DESCRIPTIVE_NOT_INDEPENDENT_TEST
block,2025-08-01,HARD_RDFL,0.03264573073501509,61,DESCRIPTIVE_NOT_INDEPENDENT_TEST
block,2025-08-01,ORDINARY_SOFT,-0.14665628812211862,61,DESCRIPTIVE_NOT_INDEPENDENT_TEST
block,2025-08-01,ZERO,-0.1536189372674338,61,DESCRIPTIVE_NOT_INDEPENDENT_TEST
block,2025-11-01,DIRECT_HUBER,-0.08899356159301575,60,DESCRIPTIVE_NOT_INDEPENDENT_TEST
block,2025-11-01,HARD_RDFL,0.026347256173007594,60,DESCRIPTIVE_NOT_INDEPENDENT_TEST
block,2025-11-01,ORDINARY_SOFT,-0.09105126631142635,60,DESCRIPTIVE_NOT_INDEPENDENT_TEST
block,2025-11-01,ZERO,-0.09314401410788631,60,DESCRIPTIVE_NOT_INDEPENDENT_TEST
block,2026-02-01,DIRECT_HUBER,-0.10158672113252054,55,DESCRIPTIVE_NOT_INDEPENDENT_TEST
block,2026-02-01,HARD_RDFL,0.014348028354692843,55,DESCRIPTIVE_NOT_INDEPENDENT_TEST
block,2026-02-01,ORDINARY_SOFT,-0.10156082173942704,55,DESCRIPTIVE_NOT_INDEPENDENT_TEST
block,2026-02-01,ZERO,-0.1019906625164746,55,DESCRIPTIVE_NOT_INDEPENDENT_TEST
