relative_improvement,bootstrap_se,relative_ci95_low,relative_ci95_high,family_ci_low,family_ci_high,raw_p,analysis,competitor,block_length,n_dates,holm_p,decision_2pct_family
-0.07874300984097368,0.03252889005743256,-0.15965153238273178,-0.034039498746290496,-0.17419883246826529,-0.02998241089160051,9.999000099990002e-05,uncalibrated,ZERO,10,426,0.00039996000399960006,RDFL_WORSE_BEYOND_MARGIN
-0.07001893838799682,0.02751532958325289,-0.13906605292668967,-0.0322586598205545,-0.14962835882472963,-0.02823161907428782,9.999000099990002e-05,uncalibrated,DIRECT_HUBER,10,426,0.00039996000399960006,RDFL_WORSE_BEYOND_MARGIN
-0.06720365786266397,0.025367418058496728,-0.13069478561908698,-0.03245121774736109,-0.14306099755403243,-0.028431641189321392,9.999000099990002e-05,uncalibrated,ORDINARY_SOFT,10,426,0.00039996000399960006,RDFL_WORSE_BEYOND_MARGIN
0.01073184760520294,0.0036626944281310967,0.005207317036230527,0.019474458592518784,0.004559154101565031,0.021120231223257457,9.999000099990002e-05,uncalibrated,HARD_RDFL,10,426,0.00039996000399960006,DIFFERENCE_DETECTED_EQUIVALENCE_NOT_SHOWN
-0.07874300984097368,0.040961548116811505,-0.18782029301742353,-0.030135146832832978,-0.20982340284861958,-0.025478008716346978,9.999000099990002e-05,uncalibrated,ZERO,20,426,0.00039996000399960006,RDFL_WORSE_BEYOND_MARGIN
-0.07001893838799682,0.03550422536043235,-0.1662601591284534,-0.02814935423269615,-0.17875818045782496,-0.02434345280521611,9.999000099990002e-05,uncalibrated,DIRECT_HUBER,20,426,0.00039996000399960006,RDFL_WORSE_BEYOND_MARGIN
-0.06720365786266397,0.032135001886385836,-0.1518919076844913,-0.02897437844096123,-0.16611008021840715,-0.024996083386678546,9.999000099990002e-05,uncalibrated,ORDINARY_SOFT,20,426,0.00039996000399960006,RDFL_WORSE_BEYOND_MARGIN
0.01073184760520294,0.004572336946105115,0.004610523285402545,0.022314872930349644,0.003890520771283446,0.024436284574615826,0.00029997000299970003,uncalibrated,HARD_RDFL,20,426,0.00039996000399960006,DIFFERENCE_DETECTED_EQUIVALENCE_NOT_SHOWN
-0.07874300984097368,0.04974469836873169,-0.21819983822949834,-0.03033555780941819,-0.2433692206351043,-0.02583229589658873,9.999000099990002e-05,uncalibrated,ZERO,40,426,0.00039996000399960006,RDFL_WORSE_BEYOND_MARGIN
-0.07001893838799682,0.04361122183014256,-0.19279862875362216,-0.027187709248827015,-0.21190063213466506,-0.02385662534476898,9.999000099990002e-05,uncalibrated,DIRECT_HUBER,40,426,0.00039996000399960006,RDFL_WORSE_BEYOND_MARGIN
-0.06720365786266397,0.03880298359574149,-0.1762369931661504,-0.029161191836985942,-0.19635113228783416,-0.024879059396773196,9.999000099990002e-05,uncalibrated,ORDINARY_SOFT,40,426,0.00039996000399960006,RDFL_WORSE_BEYOND_MARGIN
0.01073184760520294,0.005270217223332499,0.004489338741387831,0.02484515875974797,0.0039008061071521835,0.027077765304229336,9.999000099990002e-05,uncalibrated,HARD_RDFL,40,426,0.00039996000399960006,DIFFERENCE_DETECTED_EQUIVALENCE_NOT_SHOWN
-0.014770020806323171,0.009785045696147946,-0.03900099749698622,-0.001076450633304131,-0.04440037752879445,8.803372138154798e-05,0.053394660533946606,calibrated,ZERO,10,363,0.18998100189981001,INCONCLUSIVE
0.003922913119373572,0.002523401889436946,0.0002098906385762742,0.010070295736921706,-0.00019008758484160204,0.011269358794165846,0.047495250474952504,calibrated,DIRECT_HUBER,10,363,0.18998100189981001,EQUIVALENT_WITHIN_MARGIN
-0.0005472884688567816,0.001543105218021403,-0.0039138173705436,0.0022251151624726423,-0.004737116386887102,0.0027561757900643404,0.6846315368463154,calibrated,ORDINARY_SOFT,10,363,0.6846315368463154,EQUIVALENT_WITHIN_MARGIN
-0.0009500986572022875,0.0007077419171492038,-0.0027268269089065875,2.565594556920504e-05,-0.003095688178781743,0.00011304971900670985,0.08899110088991101,calibrated,HARD_RDFL,10,363,0.18998100189981001,EQUIVALENT_WITHIN_MARGIN
-0.014770020806323171,0.012573349088402474,-0.04831262803723957,0.0002025973661103132,-0.05583464023704731,0.001565068015668063,0.0978902109789021,calibrated,ZERO,20,363,0.2936706329367063,INCONCLUSIVE
0.003922913119373572,0.002853926170321152,0.00027727485717092564,0.011440138631423239,-3.278499841617996e-05,0.012608717573199592,0.0438956104389561,calibrated,DIRECT_HUBER,20,363,0.1755824417558244,EQUIVALENT_WITHIN_MARGIN
-0.0005472884688567816,0.0015815055265041627,-0.003936027903002092,0.00246125831072569,-0.004809456819304507,0.0031118795379363193,0.6745325467453255,calibrated,ORDINARY_SOFT,20,363,0.6745325467453255,EQUIVALENT_WITHIN_MARGIN
-0.0009500986572022875,0.0009316228094835205,-0.0034415171439602247,7.340088595809048e-05,-0.003945194754692358,0.00013403351931849208,0.14708529147085292,calibrated,HARD_RDFL,20,363,0.29417058294170584,EQUIVALENT_WITHIN_MARGIN
-0.014770020806323171,0.015051038819694077,-0.055419413800545526,0.001070633655967825,-0.06414822584563969,0.0030070581343439157,0.13208679132086792,calibrated,ZERO,40,363,0.3962603739626038,INCONCLUSIVE
0.003922913119373572,0.003419024754263065,0.00021523300743309838,0.013551275838116833,-0.00018110485252795746,0.015051480988052203,0.05069493050694931,calibrated,DIRECT_HUBER,40,363,0.20277972202779723,EQUIVALENT_WITHIN_MARGIN
-0.0005472884688567816,0.0011901172718125853,-0.0033461476044704523,0.001609813295764634,-0.003961315790742361,0.002083847285523739,0.5633436656334366,calibrated,ORDINARY_SOFT,40,363,0.5633436656334366,EQUIVALENT_WITHIN_MARGIN
-0.0009500986572022875,0.0010660059567841093,-0.003908036294411056,7.897602018367595e-05,-0.004475139406417775,0.00012618453507358827,0.17988201179882013,calibrated,HARD_RDFL,40,363,0.3962603739626038,EQUIVALENT_WITHIN_MARGIN
