relative_improvement,bootstrap_se,relative_ci95_low,relative_ci95_high,family_ci_low,family_ci_high,raw_p,cell,purge,exact_overlap_exclusion,calibration,competitor,block_length,n_dates,n_stock_days,holm_p,decision_2pct_family,equivalence_power_2pct_family
-0.20680846105553802,0.03284325856699797,-0.27500102080920885,-0.14639301975623759,-0.2849618696140869,-0.13771824982519298,9.999000099990002e-05,purge0_noexcl_raw,0,False,False,ZERO,10,356,1980,0.00039996000399960006,RDFL_WORSE_BEYOND_MARGIN,0.0
-0.18626569286814793,0.03296697614436271,-0.25514443158589817,-0.12424389544613186,-0.26533150300433656,-0.1149172186401483,9.999000099990002e-05,purge0_noexcl_raw,0,False,False,DIRECT_HUBER,10,356,1980,0.00039996000399960006,RDFL_WORSE_BEYOND_MARGIN,0.0
-0.18603573885015226,0.027491374384810138,-0.24404503870522173,-0.1356966003658072,-0.2534261840166261,-0.12871743943960404,9.999000099990002e-05,purge0_noexcl_raw,0,False,False,ORDINARY_SOFT,10,356,1980,0.00039996000399960006,RDFL_WORSE_BEYOND_MARGIN,0.0
0.023475530389351677,0.003548821546603966,0.016500160470779034,0.03059770013999846,0.015547350148498769,0.03170387750282304,9.999000099990002e-05,purge0_noexcl_raw,0,False,False,HARD_RDFL,10,356,1980,0.00039996000399960006,DIFFERENCE_DETECTED_EQUIVALENCE_NOT_SHOWN,0.9993118841249233
-0.20680846105553802,0.03260508508865525,-0.2748318001374653,-0.1480949818546537,-0.2872770557555982,-0.13975635825847055,9.999000099990002e-05,purge0_noexcl_raw,0,False,False,ZERO,20,356,1980,0.00039996000399960006,RDFL_WORSE_BEYOND_MARGIN,0.0
-0.18626569286814793,0.03349814852478108,-0.2566279764314494,-0.12375096401497684,-0.26674532129686884,-0.11602383172213553,9.999000099990002e-05,purge0_noexcl_raw,0,False,False,DIRECT_HUBER,20,356,1980,0.00039996000399960006,RDFL_WORSE_BEYOND_MARGIN,0.0
-0.18603573885015226,0.028137213788611167,-0.24464531060026412,-0.1356105560436756,-0.25447910638531407,-0.1279687362498512,9.999000099990002e-05,purge0_noexcl_raw,0,False,False,ORDINARY_SOFT,20,356,1980,0.00039996000399960006,RDFL_WORSE_BEYOND_MARGIN,0.0
0.023475530389351677,0.0033886901740394853,0.016919747145906324,0.03016175658909491,0.01585123229797842,0.031088296826688608,9.999000099990002e-05,purge0_noexcl_raw,0,False,False,HARD_RDFL,20,356,1980,0.00039996000399960006,DIFFERENCE_DETECTED_EQUIVALENCE_NOT_SHOWN,0.9997483576780393
-0.20680846105553802,0.034190419549110236,-0.27977105855957074,-0.14633504939970135,-0.29147924357269056,-0.13951737643874315,9.999000099990002e-05,purge0_noexcl_raw,0,False,False,ZERO,40,356,1980,0.00039996000399960006,RDFL_WORSE_BEYOND_MARGIN,0.0
-0.18626569286814793,0.03475332712037926,-0.25873825341817486,-0.12184646241881204,-0.2693806573882205,-0.11271030723389167,9.999000099990002e-05,purge0_noexcl_raw,0,False,False,DIRECT_HUBER,40,356,1980,0.00039996000399960006,RDFL_WORSE_BEYOND_MARGIN,0.0
-0.18603573885015226,0.03032621308427705,-0.251382639632013,-0.13212356521697183,-0.26241695485116706,-0.12468629709248057,9.999000099990002e-05,purge0_noexcl_raw,0,False,False,ORDINARY_SOFT,40,356,1980,0.00039996000399960006,RDFL_WORSE_BEYOND_MARGIN,0.0
0.023475530389351677,0.0031196639034128818,0.017697878419317543,0.029830621137621114,0.016911376890153026,0.030767985574166094,9.999000099990002e-05,purge0_noexcl_raw,0,False,False,HARD_RDFL,40,356,1980,0.00039996000399960006,DIFFERENCE_DETECTED_EQUIVALENCE_NOT_SHOWN,0.9999694790699358
-0.0026123935267837075,0.0054087136308271005,-0.013433988116760158,0.007712589049901552,-0.015155540049591139,0.009107424838189843,0.624937506249375,purge0_noexcl_cal,0,False,True,ZERO,10,356,1980,0.6397360263973603,EQUIVALENT_WITHIN_MARGIN,0.8546997380474468
0.017955298795905125,0.007271066244165828,0.005328437750647753,0.03346953652385311,0.0036402128671107594,0.035780831867848854,0.010498950104989501,purge0_noexcl_cal,0,False,True,DIRECT_HUBER,10,356,1980,0.041995800419958006,DIFFERENCE_DETECTED_EQUIVALENCE_NOT_SHOWN,0.3894058235659137
-0.002336934221363677,0.002315292517725431,-0.00675498347844631,0.002306988363137919,-0.007365977812684111,0.002986546249741574,0.31986801319868013,purge0_noexcl_cal,0,False,True,ORDINARY_SOFT,10,356,1980,0.6397360263973603,EQUIVALENT_WITHIN_MARGIN,0.9999999998413482
0.0003894172431812188,0.00028314868760585436,-0.00017504476014199488,0.0009358859621384172,-0.0002621768130232003,0.0010323154241403101,0.17118288171182883,purge0_noexcl_cal,0,False,True,HARD_RDFL,10,356,1980,0.5135486451354865,EQUIVALENT_WITHIN_MARGIN,1.0
-0.0026123935267837075,0.004552682635025535,-0.01171725771092968,0.0060490549774753115,-0.012886478009378342,0.007122678743626245,0.5661433856614339,purge0_noexcl_cal,0,False,True,ZERO,20,356,1980,0.5811418858114189,EQUIVALENT_WITHIN_MARGIN,0.9685720414863668
0.017955298795905125,0.009098121845200915,0.00284604960378795,0.038146696645434686,0.0013087153462143241,0.04157842592660024,0.0364963503649635,purge0_noexcl_cal,0,False,True,DIRECT_HUBER,20,356,1980,0.145985401459854,INCONCLUSIVE,0.0
-0.002336934221363677,0.0021852400392615473,-0.006745864743172678,0.001834509892382257,-0.007327310259046422,0.0024284782745680913,0.29057094290570945,purge0_noexcl_cal,0,False,True,ORDINARY_SOFT,20,356,1980,0.5811418858114189,EQUIVALENT_WITHIN_MARGIN,0.9999999999951845
0.0003894172431812188,0.0002749061657218591,-0.00018107449716495312,0.0009066878652299239,-0.0002515412018293986,0.0009783777892525829,0.16918308169183083,purge0_noexcl_cal,0,False,True,HARD_RDFL,20,356,1980,0.5075492450754925,EQUIVALENT_WITHIN_MARGIN,1.0
-0.0026123935267837075,0.0034954699091166207,-0.009407967629381914,0.004409144895798339,-0.010356809543702364,0.005377512942204913,0.44865513448655137,purge0_noexcl_cal,0,False,True,ZERO,40,356,1980,0.4841515848415158,EQUIVALENT_WITHIN_MARGIN,0.9994991261462429
0.017955298795905125,0.011040966578319576,0.00031282150662727704,0.042988420237819396,-0.0008127593719616792,0.047121236111135514,0.07329267073292671,purge0_noexcl_cal,0,False,True,DIRECT_HUBER,40,356,1980,0.29317068293170684,INCONCLUSIVE,0.0
-0.002336934221363677,0.0018534237813339622,-0.00626948165131654,0.0010755068140095077,-0.006872198548440958,0.0015016632371483768,0.1962803719628037,purge0_noexcl_cal,0,False,True,ORDINARY_SOFT,40,356,1980,0.4841515848415158,EQUIVALENT_WITHIN_MARGIN,1.0
0.0003894172431812188,0.0002513422617266164,-0.00013921309100005256,0.000837561723567068,-0.00021087923177639674,0.000890193725669708,0.1613838616138386,purge0_noexcl_cal,0,False,True,HARD_RDFL,40,356,1980,0.4841515848415158,EQUIVALENT_WITHIN_MARGIN,1.0
-0.17339940326573577,0.03243473178382851,-0.241893347751024,-0.11543751486975187,-0.2534618870822527,-0.10885359498922705,9.999000099990002e-05,purge0_excl_raw,0,True,False,ZERO,10,356,1980,0.00039996000399960006,RDFL_WORSE_BEYOND_MARGIN,0.0
-0.16366532661636302,0.03279413250581719,-0.23190059288328776,-0.10307272197295061,-0.24415319855058748,-0.09546211352520291,9.999000099990002e-05,purge0_excl_raw,0,True,False,DIRECT_HUBER,10,356,1980,0.00039996000399960006,RDFL_WORSE_BEYOND_MARGIN,0.0
-0.162980342728526,0.026817122508811037,-0.22032844138948646,-0.11446027552376511,-0.22980177631631446,-0.10870420985872575,9.999000099990002e-05,purge0_excl_raw,0,True,False,ORDINARY_SOFT,10,356,1980,0.00039996000399960006,RDFL_WORSE_BEYOND_MARGIN,0.0
0.020440839542647096,0.0031897527370387787,0.01440040825123888,0.026880704302183932,0.013595763043124386,0.02777962553145108,9.999000099990002e-05,purge0_excl_raw,0,True,False,HARD_RDFL,10,356,1980,0.00039996000399960006,DIFFERENCE_DETECTED_EQUIVALENCE_NOT_SHOWN,0.9999439080813977
-0.17339940326573577,0.0334585951590663,-0.24568887458432262,-0.11521313975656132,-0.2574845330187093,-0.10695327121683063,9.999000099990002e-05,purge0_excl_raw,0,True,False,ZERO,20,356,1980,0.00039996000399960006,RDFL_WORSE_BEYOND_MARGIN,0.0
-0.16366532661636302,0.03350763927526451,-0.2347328460196681,-0.10346259094088721,-0.24603227909749986,-0.09372349018183473,9.999000099990002e-05,purge0_excl_raw,0,True,False,DIRECT_HUBER,20,356,1980,0.00039996000399960006,RDFL_WORSE_BEYOND_MARGIN,0.0
-0.162980342728526,0.027493280700892516,-0.22253354459937358,-0.11427125494346098,-0.23137884806588765,-0.10851681709777607,9.999000099990002e-05,purge0_excl_raw,0,True,False,ORDINARY_SOFT,20,356,1980,0.00039996000399960006,RDFL_WORSE_BEYOND_MARGIN,0.0
0.020440839542647096,0.0031878037893664523,0.01442914456973799,0.026897810461743995,0.013546149114600402,0.027857153347717885,9.999000099990002e-05,purge0_excl_raw,0,True,False,HARD_RDFL,20,356,1980,0.00039996000399960006,DIFFERENCE_DETECTED_EQUIVALENCE_NOT_SHOWN,0.9999448155301098
-0.17339940326573577,0.03455245850405203,-0.25013629552337374,-0.11639127743687172,-0.26579769752583354,-0.10901016671330853,9.999000099990002e-05,purge0_excl_raw,0,True,False,ZERO,40,356,1980,0.00039996000399960006,RDFL_WORSE_BEYOND_MARGIN,0.0
-0.16366532661636302,0.03514580182144042,-0.2417822813790809,-0.10109277978782621,-0.25430418271158356,-0.0929318158017791,9.999000099990002e-05,purge0_excl_raw,0,True,False,DIRECT_HUBER,40,356,1980,0.00039996000399960006,RDFL_WORSE_BEYOND_MARGIN,0.0
-0.162980342728526,0.02968700239940684,-0.22903526274157518,-0.11327098626851623,-0.24215401972956938,-0.10783359261506839,9.999000099990002e-05,purge0_excl_raw,0,True,False,ORDINARY_SOFT,40,356,1980,0.00039996000399960006,RDFL_WORSE_BEYOND_MARGIN,0.0
0.020440839542647096,0.0032464582446203208,0.014634676362682996,0.027388470120246453,0.013817664535936481,0.028401942851073773,9.999000099990002e-05,purge0_excl_raw,0,True,False,HARD_RDFL,40,356,1980,0.00039996000399960006,DIFFERENCE_DETECTED_EQUIVALENCE_NOT_SHOWN,0.9999111407889805
-0.0032015995210086102,0.0057600029642975396,-0.014777765582683008,0.007863825980449348,-0.016411338854357364,0.009551651758400599,0.5805419458054195,purge0_excl_cal,0,True,True,ZERO,10,356,1980,0.77992200779922,EQUIVALENT_WITHIN_MARGIN,0.7816089488602658
0.009719577173314795,0.005283770268951752,4.279389193879191e-05,0.020720381264760477,-0.0012528478132846806,0.02251879919736567,0.05629437056294371,purge0_excl_cal,0,True,True,DIRECT_HUBER,10,356,1980,0.22517748225177484,INCONCLUSIVE,0.8773567127159381
-0.002178147963796879,0.001978120482276114,-0.0060977338422507224,0.0016663334225071233,-0.0067717444604850794,0.0022286663109556157,0.25997400259974,purge0_excl_cal,0,True,True,ORDINARY_SOFT,10,356,1980,0.77992200779922,EQUIVALENT_WITHIN_MARGIN,0.9999999999999964
-0.00046579300972763454,0.00045423431969120014,-0.0013841547295715153,0.0004088052078695596,-0.00151925481543162,0.0005455544140289976,0.28317168283171684,purge0_excl_cal,0,True,True,HARD_RDFL,10,356,1980,0.77992200779922,EQUIVALENT_WITHIN_MARGIN,1.0
-0.0032015995210086102,0.00483822961901324,-0.013263235659648152,0.005791901403929897,-0.014771261871260367,0.006964885726112879,0.5017498250174982,purge0_excl_cal,0,True,True,ZERO,20,356,1980,0.6581341865813418,EQUIVALENT_WITHIN_MARGIN,0.9415544015819299
0.009719577173314795,0.006274717044642197,-0.0013294263990914473,0.023319133551074636,-0.0024797070632871965,0.025394926711439645,0.0993900609939006,purge0_excl_cal,0,True,True,DIRECT_HUBER,20,356,1980,0.3975602439756024,INCONCLUSIVE,0.6558473313119961
-0.002178147963796879,0.0018083694657616718,-0.006061521596223621,0.0010488288935760614,-0.006718442706192265,0.0014407857853710323,0.21937806219378062,purge0_excl_cal,0,True,True,ORDINARY_SOFT,20,356,1980,0.6581341865813418,EQUIVALENT_WITHIN_MARGIN,1.0
-0.00046579300972763454,0.0004578648612544149,-0.0014925083383263405,0.0002967590169582027,-0.0016781642804486521,0.00038605953962214966,0.284971502849715,purge0_excl_cal,0,True,True,HARD_RDFL,20,356,1980,0.6581341865813418,EQUIVALENT_WITHIN_MARGIN,1.0
-0.0032015995210086102,0.0036328052628918956,-0.0107041659408619,0.003553963104613074,-0.011673848507171236,0.004470464091007423,0.3742625737426257,purge0_excl_cal,0,True,True,ZERO,40,356,1980,0.5481451854814519,EQUIVALENT_WITHIN_MARGIN,0.9989014285731299
0.009719577173314795,0.007304638029513842,-0.0025669440804239377,0.02589243481502284,-0.003976235870099657,0.028678009134943852,0.14978502149785022,purge0_excl_cal,0,True,True,DIRECT_HUBER,40,356,1980,0.44935506449355067,INCONCLUSIVE,0.38051737093249965
-0.002178147963796879,0.0015183855474638055,-0.005840103634493909,-2.9339541276521588e-05,-0.006522429314309433,0.00015852625745067163,0.10638936106389361,purge0_excl_cal,0,True,True,ORDINARY_SOFT,40,356,1980,0.42555744425557446,EQUIVALENT_WITHIN_MARGIN,1.0
-0.00046579300972763454,0.00047126928375092994,-0.0016024612466287655,0.00018711963903048103,-0.0018329751608496601,0.00024168738023602523,0.27407259274072593,purge0_excl_cal,0,True,True,HARD_RDFL,40,356,1980,0.5481451854814519,EQUIVALENT_WITHIN_MARGIN,1.0
-0.2114304245264158,0.0332368569092011,-0.28089705154631595,-0.1522546420191088,-0.29224165700404353,-0.14301696341608477,9.999000099990002e-05,purge5_noexcl_raw,5,False,False,ZERO,10,356,1980,0.00039996000399960006,RDFL_WORSE_BEYOND_MARGIN,0.0
-0.1913916541808191,0.03391183621744157,-0.25978443848837246,-0.12786217238746755,-0.2693605541211064,-0.11823128748720517,9.999000099990002e-05,purge5_noexcl_raw,5,False,False,DIRECT_HUBER,10,356,1980,0.00039996000399960006,RDFL_WORSE_BEYOND_MARGIN,0.0
-0.1904127625489044,0.028285445745279365,-0.2506780856784685,-0.14062490717420614,-0.25972633864682915,-0.13358986006549933,9.999000099990002e-05,purge5_noexcl_raw,5,False,False,ORDINARY_SOFT,10,356,1980,0.00039996000399960006,RDFL_WORSE_BEYOND_MARGIN,0.0
0.0250221976105988,0.0038093291414438785,0.0176790432456911,0.03275284482690689,0.016640977055212818,0.033772100201339805,9.999000099990002e-05,purge5_noexcl_raw,5,False,False,HARD_RDFL,10,356,1980,0.00039996000399960006,DIFFERENCE_DETECTED_EQUIVALENCE_NOT_SHOWN,0.9973777487880007
-0.2114304245264158,0.033700273659414484,-0.28158855045786213,-0.14956259835587762,-0.2928754272946021,-0.14219465000836642,9.999000099990002e-05,purge5_noexcl_raw,5,False,False,ZERO,20,356,1980,0.00039996000399960006,RDFL_WORSE_BEYOND_MARGIN,0.0
-0.1913916541808191,0.03429251981459214,-0.26266150856179193,-0.12678774181263772,-0.2718546074322645,-0.11934005782995678,9.999000099990002e-05,purge5_noexcl_raw,5,False,False,DIRECT_HUBER,20,356,1980,0.00039996000399960006,RDFL_WORSE_BEYOND_MARGIN,0.0
-0.1904127625489044,0.02894342675674177,-0.252738423416859,-0.13973594204361953,-0.26305349801740663,-0.13304283545205522,9.999000099990002e-05,purge5_noexcl_raw,5,False,False,ORDINARY_SOFT,20,356,1980,0.00039996000399960006,RDFL_WORSE_BEYOND_MARGIN,0.0
0.0250221976105988,0.00377655385245925,0.017898493631368473,0.0326839909658891,0.01690817947158782,0.03368050769800497,9.999000099990002e-05,purge5_noexcl_raw,5,False,False,HARD_RDFL,20,356,1980,0.00039996000399960006,DIFFERENCE_DETECTED_EQUIVALENCE_NOT_SHOWN,0.997745118704809
-0.2114304245264158,0.036222847498054864,-0.2877128558109956,-0.14617179099959704,-0.29949277090414167,-0.1383931275980243,9.999000099990002e-05,purge5_noexcl_raw,5,False,False,ZERO,40,356,1980,0.00039996000399960006,RDFL_WORSE_BEYOND_MARGIN,0.0
-0.1913916541808191,0.03618998869759618,-0.26553821266845595,-0.12329641113729727,-0.27760343720081815,-0.1139886719709805,9.999000099990002e-05,purge5_noexcl_raw,5,False,False,DIRECT_HUBER,40,356,1980,0.00039996000399960006,RDFL_WORSE_BEYOND_MARGIN,0.0
-0.1904127625489044,0.03113185024848017,-0.25552489304599035,-0.1331359359547677,-0.26713617664800543,-0.12477547661423886,9.999000099990002e-05,purge5_noexcl_raw,5,False,False,ORDINARY_SOFT,40,356,1980,0.00039996000399960006,RDFL_WORSE_BEYOND_MARGIN,0.0
0.0250221976105988,0.003502740357133877,0.018572616630975987,0.03229144307654704,0.01770924069493303,0.03340162968868803,9.999000099990002e-05,purge5_noexcl_raw,5,False,False,HARD_RDFL,40,356,1980,0.00039996000399960006,DIFFERENCE_DETECTED_EQUIVALENCE_NOT_SHOWN,0.9994764568842052
-0.002076264498432647,0.005181044686097308,-0.01232978746861012,0.007883216425504934,-0.013949615699537541,0.00917413437556372,0.6867313268673133,purge5_noexcl_cal,5,False,True,ZERO,10,356,1980,1.0,EQUIVALENT_WITHIN_MARGIN,0.894514565255857
0.016175456238719806,0.006668833756843888,0.00453285625691491,0.030531139230344867,0.0032851379144588524,0.03310135062392832,0.0108989101089891,purge5_noexcl_cal,5,False,True,DIRECT_HUBER,10,356,1980,0.0435956404359564,DIFFERENCE_DETECTED_EQUIVALENCE_NOT_SHOWN,0.5513229328207425
-0.0018636897116142013,0.0023819877597147164,-0.006400525122158201,0.0029273317288285297,-0.007123125002231215,0.003625791580344558,0.43325667433256676,purge5_noexcl_cal,5,False,True,ORDINARY_SOFT,10,356,1980,1.0,EQUIVALENT_WITHIN_MARGIN,0.9999999992489694
-6.640093512906063e-06,0.0005941969777395003,-0.001194459021008935,0.0011318423499679642,-0.0013913499505176616,0.0012812653400775425,0.9903009699030098,purge5_noexcl_cal,5,False,True,HARD_RDFL,10,356,1980,1.0,EQUIVALENT_WITHIN_MARGIN,1.0
-0.002076264498432647,0.004536780250555924,-0.011066612548929097,0.0068462305938242,-0.012309215450339035,0.008205161252814296,0.6464353564643536,purge5_noexcl_cal,5,False,True,ZERO,20,356,1980,1.0,EQUIVALENT_WITHIN_MARGIN,0.9697659117518649
0.016175456238719806,0.008133944700457793,0.002604759456416597,0.034603190947059055,0.0009625110269239141,0.037355384185695534,0.0342965703429657,purge5_noexcl_cal,5,False,True,DIRECT_HUBER,20,356,1980,0.1371862813718628,INCONCLUSIVE,0.17212584244522877
-0.0018636897116142013,0.0023257750393981943,-0.00646005205914231,0.0026713887899524735,-0.007120177860802682,0.003265200748483162,0.42615738426157385,purge5_noexcl_cal,5,False,True,ORDINARY_SOFT,20,356,1980,1.0,EQUIVALENT_WITHIN_MARGIN,0.9999999997954445
-6.640093512906063e-06,0.0005569444667436019,-0.0011505869209975162,0.001054794570652863,-0.0012982392231998567,0.001192259362597982,0.9903009699030098,purge5_noexcl_cal,5,False,True,HARD_RDFL,20,356,1980,1.0,EQUIVALENT_WITHIN_MARGIN,1.0
-0.002076264498432647,0.003462848863534342,-0.0088362146549419,0.004818320536932269,-0.00974858464960997,0.005916792865876548,0.5448455154484552,purge5_noexcl_cal,5,False,True,ZERO,40,356,1980,1.0,EQUIVALENT_WITHIN_MARGIN,0.9995909709605066
0.016175456238719806,0.009857974585404963,0.00048335741601664975,0.03839059717510514,-0.0007290407665495305,0.04207463501296905,0.0731926807319268,purge5_noexcl_cal,5,False,True,DIRECT_HUBER,40,356,1980,0.2927707229277072,INCONCLUSIVE,0.0
-0.0018636897116142013,0.0021004215812834627,-0.006135445984767974,0.002322647434761776,-0.006766084857737751,0.0029089509319470412,0.3681631836816318,purge5_noexcl_cal,5,False,True,ORDINARY_SOFT,40,356,1980,1.0,EQUIVALENT_WITHIN_MARGIN,0.9999999999996674
-6.640093512906063e-06,0.0004904882459842412,-0.001102910585424995,0.0008334416245185721,-0.0013007408146179442,0.0009444940167518329,0.9877012298770123,purge5_noexcl_cal,5,False,True,HARD_RDFL,40,356,1980,1.0,EQUIVALENT_WITHIN_MARGIN,1.0
-0.18028689353034444,0.03193738664773808,-0.2471168303494042,-0.12256931690191479,-0.257526389153055,-0.1156483149769612,9.999000099990002e-05,purge5_excl_raw,5,True,False,ZERO,10,356,1980,0.00039996000399960006,RDFL_WORSE_BEYOND_MARGIN,0.0
-0.17032979960454098,0.032981838108853835,-0.2388871834879971,-0.10816067574728776,-0.24891039598921041,-0.09891209564604128,9.999000099990002e-05,purge5_excl_raw,5,True,False,DIRECT_HUBER,10,356,1980,0.00039996000399960006,RDFL_WORSE_BEYOND_MARGIN,0.0
-0.16881269333002805,0.027122545682316652,-0.2257586118690334,-0.11977572936199501,-0.23499244156056345,-0.11202708565207661,9.999000099990002e-05,purge5_excl_raw,5,True,False,ORDINARY_SOFT,10,356,1980,0.00039996000399960006,RDFL_WORSE_BEYOND_MARGIN,0.0
0.021513520327796198,0.0032953534480261544,0.01528385358469402,0.028132565406909026,0.01438292635882164,0.029148954912594522,9.999000099990002e-05,purge5_excl_raw,5,True,False,HARD_RDFL,10,356,1980,0.00039996000399960006,DIFFERENCE_DETECTED_EQUIVALENCE_NOT_SHOWN,0.9998706794557475
-0.18028689353034444,0.03328786233169519,-0.25163387393473224,-0.12115580909033265,-0.2626129470683762,-0.11336559799890628,9.999000099990002e-05,purge5_excl_raw,5,True,False,ZERO,20,356,1980,0.00039996000399960006,RDFL_WORSE_BEYOND_MARGIN,0.0
-0.17032979960454098,0.034112746082799565,-0.24151932378945473,-0.10663288821729178,-0.25204798679116297,-0.09795641384863571,9.999000099990002e-05,purge5_excl_raw,5,True,False,DIRECT_HUBER,20,356,1980,0.00039996000399960006,RDFL_WORSE_BEYOND_MARGIN,0.0
-0.16881269333002805,0.02758302146209816,-0.2275991410318807,-0.11932229127085162,-0.23809832717164062,-0.11169124547236813,9.999000099990002e-05,purge5_excl_raw,5,True,False,ORDINARY_SOFT,20,356,1980,0.00039996000399960006,RDFL_WORSE_BEYOND_MARGIN,0.0
0.021513520327796198,0.0033812967465191705,0.015234435473485408,0.028605197870413664,0.0142134518068304,0.02966585449291406,9.999000099990002e-05,purge5_excl_raw,5,True,False,HARD_RDFL,20,356,1980,0.00039996000399960006,DIFFERENCE_DETECTED_EQUIVALENCE_NOT_SHOWN,0.9997607378672626
-0.18028689353034444,0.034182232475873875,-0.2565678641345083,-0.12146593276874375,-0.2702802686807666,-0.11466404156323286,9.999000099990002e-05,purge5_excl_raw,5,True,False,ZERO,40,356,1980,0.00039996000399960006,RDFL_WORSE_BEYOND_MARGIN,0.0
-0.17032979960454098,0.03577454502896538,-0.24726640727164012,-0.1053179009940356,-0.2598227325335626,-0.0978708553487985,9.999000099990002e-05,purge5_excl_raw,5,True,False,DIRECT_HUBER,40,356,1980,0.00039996000399960006,RDFL_WORSE_BEYOND_MARGIN,0.0
-0.16881269333002805,0.029953889299353505,-0.23390894761514655,-0.11675997225965694,-0.245307485487479,-0.11089064984883926,9.999000099990002e-05,purge5_excl_raw,5,True,False,ORDINARY_SOFT,40,356,1980,0.00039996000399960006,RDFL_WORSE_BEYOND_MARGIN,0.0
0.021513520327796198,0.0033784491456614035,0.015450156209234792,0.028726006104532995,0.014712141171536037,0.029882465668128806,9.999000099990002e-05,purge5_excl_raw,5,True,False,HARD_RDFL,40,356,1980,0.00039996000399960006,DIFFERENCE_DETECTED_EQUIVALENCE_NOT_SHOWN,0.9997653657225651
-0.003258217590580153,0.005459796640119216,-0.014038265803640437,0.007236417403379933,-0.015558687611635985,0.008798143454016364,0.5467453254674532,purge5_excl_cal,5,True,True,ZERO,10,356,1980,0.6383361663833617,EQUIVALENT_WITHIN_MARGIN,0.844897492942627
0.009006204957935474,0.0050160443233481945,0.0001901451066543922,0.019641309859933443,-0.0007411214831238253,0.02111414670200282,0.058394160583941604,purge5_excl_cal,5,True,True,DIRECT_HUBER,10,356,1980,0.23357664233576642,INCONCLUSIVE,0.9191547877633535
-0.0025596795413208293,0.001950472392064717,-0.006478911695762353,0.0012201741368502471,-0.0071612867941415565,0.00176713729297957,0.1815818418158184,purge5_excl_cal,5,True,True,ORDINARY_SOFT,10,356,1980,0.5447455254474552,EQUIVALENT_WITHIN_MARGIN,0.9999999999999989
-0.00035607043512294326,0.0003741316394592984,-0.001143431694006187,0.00034022981933211875,-0.0012742726538701264,0.0004413082830296677,0.31916808319168083,purge5_excl_cal,5,True,True,HARD_RDFL,10,356,1980,0.6383361663833617,EQUIVALENT_WITHIN_MARGIN,1.0
-0.003258217590580153,0.0047228593143582576,-0.012865118737186942,0.005605503166661158,-0.01422557194235292,0.006700054601950388,0.4891510848915108,purge5_excl_cal,5,True,True,ZERO,20,356,1980,0.6707329267073293,EQUIVALENT_WITHIN_MARGIN,0.9537735897323969
0.009006204957935474,0.005970241110441839,-0.0011731815667615038,0.022191276250832077,-0.0025760082143385073,0.0243037112967292,0.10548945105489452,purge5_excl_cal,5,True,True,DIRECT_HUBER,20,356,1980,0.42195780421957807,INCONCLUSIVE,0.7323737990242787
-0.0025596795413208293,0.0018130884031759926,-0.006411144457407879,0.0007305452033402911,-0.007038939998031288,0.0011396442827346456,0.1491850814918508,purge5_excl_cal,5,True,True,ORDINARY_SOFT,20,356,1980,0.4475552444755524,EQUIVALENT_WITHIN_MARGIN,1.0
-0.00035607043512294326,0.00038569434362528254,-0.0012267075810913105,0.0002951042496207803,-0.001380014001577966,0.00036869673829968263,0.33536646335366466,purge5_excl_cal,5,True,True,HARD_RDFL,20,356,1980,0.6707329267073293,EQUIVALENT_WITHIN_MARGIN,1.0
-0.003258217590580153,0.0035842795035268852,-0.010549635300914614,0.0034915433340237433,-0.01160878980201158,0.004450405189413892,0.35936406359364065,purge5_excl_cal,5,True,True,ZERO,40,356,1980,0.7187281271872813,EQUIVALENT_WITHIN_MARGIN,0.9991577380786061
0.009006204957935474,0.006878953360925018,-0.0027867657542027203,0.023830058958432546,-0.004106279072685431,0.02633731845292245,0.16468353164683533,purge5_excl_cal,5,True,True,DIRECT_HUBER,40,356,1980,0.49405059494050596,INCONCLUSIVE,0.4945993282498909
-0.0025596795413208293,0.0015792777658547117,-0.00611522646547997,7.699750590925539e-05,-0.006746926901225625,0.0003685620727535501,0.0867913208679132,purge5_excl_cal,5,True,True,ORDINARY_SOFT,40,356,1980,0.3471652834716528,EQUIVALENT_WITHIN_MARGIN,1.0
-0.00035607043512294326,0.00043632515607066116,-0.0013744022051693262,0.00030247431999856503,-0.0015484354954849154,0.00036978579291846057,0.3862613738626137,purge5_excl_cal,5,True,True,HARD_RDFL,40,356,1980,0.7187281271872813,EQUIVALENT_WITHIN_MARGIN,1.0
