relative_improvement,bootstrap_se,ci95_low,ci95_high,family_ci_low,family_ci_high,raw_p,dataset,cell,band,threshold,block_length,n_dates,holm_p,decision_2pct_family
-0.09134129787538627,0.020795468317702244,-0.13462268841186295,-0.05451210913872368,-0.14796703310086565,-0.04393087012722816,9.999000099990002e-05,thai,threshold_none,0.30-0.70,none,10,403,0.0007999200079992001,RDFL_WORSE_BEYOND_MARGIN
-0.10179430202004587,0.022064827168043272,-0.1484831702032422,-0.06109849850266105,-0.16198088759877957,-0.05099875405438277,9.999000099990002e-05,thai,threshold_0.50,0.30-0.70,0.50,10,403,0.0007999200079992001,RDFL_WORSE_BEYOND_MARGIN
-0.11619587557677553,0.024409718859117475,-0.16802116566709216,-0.07212869405565331,-0.1837421438385162,-0.05986460156972875,9.999000099990002e-05,thai,threshold_0.60,0.30-0.70,0.60,10,403,0.0007999200079992001,RDFL_WORSE_BEYOND_MARGIN
-0.16046600900191874,0.02843295228355296,-0.21980871339285446,-0.10986252424888095,-0.24005572842320683,-0.09537519112574552,9.999000099990002e-05,thai,threshold_0.70,0.30-0.70,0.70,10,403,0.0007999200079992001,RDFL_WORSE_BEYOND_MARGIN
-0.1962781679102343,0.035022355713646605,-0.271123654621967,-0.13371428033456856,-0.29474364528186947,-0.1188811945277705,9.999000099990002e-05,thai,threshold_0.80,0.30-0.70,0.80,10,403,0.0007999200079992001,RDFL_WORSE_BEYOND_MARGIN
-0.2782206597158159,0.04480799232158274,-0.3734163795449194,-0.1991503236333592,-0.40366792246705174,-0.17739248892636508,9.999000099990002e-05,thai,threshold_0.90,0.30-0.70,0.90,10,403,0.0007999200079992001,RDFL_WORSE_BEYOND_MARGIN
-0.1513428461588119,0.028251622415840016,-0.21084907021099972,-0.10055420524551181,-0.22942180836503054,-0.0877765700698315,9.999000099990002e-05,thai,band_0.20_0.80,0.20-0.80,0.70,10,403,0.0007999200079992001,RDFL_WORSE_BEYOND_MARGIN
-0.13575840583687637,0.026627998808714907,-0.19063780209111084,-0.08717002317782566,-0.20827093572418306,-0.07533274244771632,9.999000099990002e-05,thai,band_0.40_0.60,0.40-0.60,0.70,10,403,0.0007999200079992001,RDFL_WORSE_BEYOND_MARGIN
-0.09134129787538627,0.021983920370745452,-0.13694878466102464,-0.05170896097827756,-0.14942955217623982,-0.040895326812936936,9.999000099990002e-05,thai,threshold_none,0.30-0.70,none,20,403,0.0007999200079992001,RDFL_WORSE_BEYOND_MARGIN
-0.10179430202004587,0.023325479530535924,-0.1512147483221571,-0.05990589669412985,-0.1677757286151661,-0.04915495532552807,9.999000099990002e-05,thai,threshold_0.50,0.30-0.70,0.50,20,403,0.0007999200079992001,RDFL_WORSE_BEYOND_MARGIN
-0.11619587557677553,0.025148857070224098,-0.17081154952663793,-0.07080583263343601,-0.1876819500369531,-0.06054248253893772,9.999000099990002e-05,thai,threshold_0.60,0.30-0.70,0.60,20,403,0.0007999200079992001,RDFL_WORSE_BEYOND_MARGIN
-0.16046600900191874,0.030063783512371045,-0.2254068207847484,-0.10773204661380487,-0.24458032626471013,-0.09527689960401844,9.999000099990002e-05,thai,threshold_0.70,0.30-0.70,0.70,20,403,0.0007999200079992001,RDFL_WORSE_BEYOND_MARGIN
-0.1962781679102343,0.037288263133730896,-0.27863657854205653,-0.13230916862668277,-0.30288284902819845,-0.11727980965176361,9.999000099990002e-05,thai,threshold_0.80,0.30-0.70,0.80,20,403,0.0007999200079992001,RDFL_WORSE_BEYOND_MARGIN
-0.2782206597158159,0.04830071668833737,-0.3853289688141582,-0.19314775531500536,-0.41855316763400036,-0.17288770416892235,9.999000099990002e-05,thai,threshold_0.90,0.30-0.70,0.90,20,403,0.0007999200079992001,RDFL_WORSE_BEYOND_MARGIN
-0.1513428461588119,0.02946418183894397,-0.21515933031532788,-0.10046654512024127,-0.23664451386948632,-0.08724429598204034,9.999000099990002e-05,thai,band_0.20_0.80,0.20-0.80,0.70,20,403,0.0007999200079992001,RDFL_WORSE_BEYOND_MARGIN
-0.13575840583687637,0.02892543426504882,-0.19792489786329892,-0.08561413471331349,-0.21723334106876022,-0.07505131724917788,9.999000099990002e-05,thai,band_0.40_0.60,0.40-0.60,0.70,20,403,0.0007999200079992001,RDFL_WORSE_BEYOND_MARGIN
-0.09134129787538627,0.022936827830967003,-0.1407805957869062,-0.050823100053056826,-0.15671428848254598,-0.04152202944645862,9.999000099990002e-05,thai,threshold_none,0.30-0.70,none,40,403,0.0007999200079992001,RDFL_WORSE_BEYOND_MARGIN
-0.10179430202004587,0.02496260624944289,-0.15698910408439623,-0.05870027546667948,-0.17174955826662902,-0.04846397358986739,9.999000099990002e-05,thai,threshold_0.50,0.30-0.70,0.50,40,403,0.0007999200079992001,RDFL_WORSE_BEYOND_MARGIN
-0.11619587557677553,0.026818643573114323,-0.17519120268276794,-0.06986059728562004,-0.19676082999755715,-0.059822606060669775,9.999000099990002e-05,thai,threshold_0.60,0.30-0.70,0.60,40,403,0.0007999200079992001,RDFL_WORSE_BEYOND_MARGIN
-0.16046600900191874,0.032336487789675926,-0.23146194275975782,-0.10545158227989912,-0.25624043447258293,-0.09260936422839398,9.999000099990002e-05,thai,threshold_0.70,0.30-0.70,0.70,40,403,0.0007999200079992001,RDFL_WORSE_BEYOND_MARGIN
-0.1962781679102343,0.040820542106969115,-0.2855402125681213,-0.126758915571912,-0.314753556033409,-0.11279779120356645,9.999000099990002e-05,thai,threshold_0.80,0.30-0.70,0.80,40,403,0.0007999200079992001,RDFL_WORSE_BEYOND_MARGIN
-0.2782206597158159,0.052443433173015266,-0.3946572602556193,-0.18945081030619534,-0.4387864007800298,-0.167742192972949,9.999000099990002e-05,thai,threshold_0.90,0.30-0.70,0.90,40,403,0.0007999200079992001,RDFL_WORSE_BEYOND_MARGIN
-0.1513428461588119,0.031998345970667426,-0.22375854605378195,-0.09713329855968292,-0.2448075539884784,-0.08485432968437688,9.999000099990002e-05,thai,band_0.20_0.80,0.20-0.80,0.70,40,403,0.0007999200079992001,RDFL_WORSE_BEYOND_MARGIN
-0.13575840583687637,0.030997257928685625,-0.20303726504867714,-0.08169219248740058,-0.22315387708445944,-0.06806182458185778,9.999000099990002e-05,thai,band_0.40_0.60,0.40-0.60,0.70,40,403,0.0007999200079992001,RDFL_WORSE_BEYOND_MARGIN
-0.04813610720558714,0.021085728379463323,-0.09951539122304626,-0.017972299926221066,-0.11737031209533515,-0.01200106281823363,0.0004999500049995,fnspid,threshold_none,0.30-0.70,none,10,426,0.000999900009999,DIFFERENCE_DETECTED_EQUIVALENCE_NOT_SHOWN
-0.054283949830882555,0.02336413990488059,-0.11187372368497661,-0.02159951676014117,-0.13054188206895828,-0.014936826511949141,9.999000099990002e-05,fnspid,threshold_0.50,0.30-0.70,0.50,10,426,0.0007999200079992001,DIFFERENCE_DETECTED_EQUIVALENCE_NOT_SHOWN
-0.0632510316509297,0.027598077372767392,-0.1318814601271405,-0.02453031753823133,-0.15642108445906808,-0.015687725113563596,0.00019998000199980003,fnspid,threshold_0.60,0.30-0.70,0.60,10,426,0.0007999200079992001,DIFFERENCE_DETECTED_EQUIVALENCE_NOT_SHOWN
-0.07874300984097388,0.03241949872113654,-0.15965105755192638,-0.03393041221748842,-0.18393199476091926,-0.023884034675602066,0.00019998000199980003,fnspid,threshold_0.70,0.30-0.70,0.70,10,426,0.0007999200079992001,RDFL_WORSE_BEYOND_MARGIN
-0.10238647223134663,0.0411360768816209,-0.20565941632163623,-0.047062329491061594,-0.23804142331532316,-0.03534908129140916,9.999000099990002e-05,fnspid,threshold_0.80,0.30-0.70,0.80,10,426,0.0007999200079992001,RDFL_WORSE_BEYOND_MARGIN
-0.13227842387959954,0.0505687692433048,-0.2607067226451556,-0.06280001267441594,-0.30717271420550235,-0.0478984923572659,9.999000099990002e-05,fnspid,threshold_0.90,0.30-0.70,0.90,10,426,0.0007999200079992001,RDFL_WORSE_BEYOND_MARGIN
-0.07355441134222897,0.03465453614336142,-0.1599766948514797,-0.02521336819970569,-0.1956286911678151,-0.014934906936776515,0.0004999500049995,fnspid,band_0.20_0.80,0.20-0.80,0.70,10,426,0.000999900009999,DIFFERENCE_DETECTED_EQUIVALENCE_NOT_SHOWN
-0.08052601626006868,0.03044649541133122,-0.1552746075672547,-0.03774124450165978,-0.18076897927041494,-0.02825593212231842,9.999000099990002e-05,fnspid,band_0.40_0.60,0.40-0.60,0.70,10,426,0.0007999200079992001,RDFL_WORSE_BEYOND_MARGIN
-0.04813610720558714,0.026242220768786205,-0.11598523245938121,-0.016251344535978474,-0.14108990603687824,-0.010261085494086114,0.00039996000399960006,fnspid,threshold_none,0.30-0.70,none,20,426,0.0015998400159984002,DIFFERENCE_DETECTED_EQUIVALENCE_NOT_SHOWN
-0.054283949830882555,0.02903495885886416,-0.13047354430491198,-0.019094250084319423,-0.15754207420492566,-0.012543453448369555,0.00039996000399960006,fnspid,threshold_0.50,0.30-0.70,0.50,20,426,0.0015998400159984002,DIFFERENCE_DETECTED_EQUIVALENCE_NOT_SHOWN
-0.0632510316509297,0.03438031652761636,-0.15504111771134926,-0.022185061360299317,-0.18784297566309802,-0.015453694254571411,0.00039996000399960006,fnspid,threshold_0.60,0.30-0.70,0.60,20,426,0.0015998400159984002,DIFFERENCE_DETECTED_EQUIVALENCE_NOT_SHOWN
-0.07874300984097388,0.0409844540370935,-0.18705713234863905,-0.030096486229425463,-0.22317506656149066,-0.02150467798510397,9.999000099990002e-05,fnspid,threshold_0.70,0.30-0.70,0.70,20,426,0.0007999200079992001,RDFL_WORSE_BEYOND_MARGIN
-0.10238647223134663,0.052320809986404405,-0.2436051458698038,-0.03944047727713352,-0.2893679547365197,-0.027639533899167314,0.00029997000299970003,fnspid,threshold_0.80,0.30-0.70,0.80,20,426,0.0014998500149985001,RDFL_WORSE_BEYOND_MARGIN
-0.13227842387959954,0.06362660676865184,-0.29697596450198516,-0.055719938035656065,-0.36227111400214906,-0.041658678241950325,0.00019998000199980003,fnspid,threshold_0.90,0.30-0.70,0.90,20,426,0.0011998800119988001,RDFL_WORSE_BEYOND_MARGIN
-0.07355441134222897,0.04312591219183879,-0.19075505457839267,-0.02172916633372983,-0.23178301859624265,-0.012160425933754777,0.0015998400159984002,fnspid,band_0.20_0.80,0.20-0.80,0.70,20,426,0.0015998400159984002,DIFFERENCE_DETECTED_EQUIVALENCE_NOT_SHOWN
-0.08052601626006868,0.037759389510039994,-0.17856626217439883,-0.033862739959815515,-0.2109397475955004,-0.025559241050061878,9.999000099990002e-05,fnspid,band_0.40_0.60,0.40-0.60,0.70,20,426,0.0007999200079992001,RDFL_WORSE_BEYOND_MARGIN
-0.04813610720558714,0.02971896696721455,-0.13044721745178472,-0.017525196347803976,-0.15657875860420287,-0.012273681755318072,9.999000099990002e-05,fnspid,threshold_none,0.30-0.70,none,40,426,0.0007999200079992001,DIFFERENCE_DETECTED_EQUIVALENCE_NOT_SHOWN
-0.054283949830882555,0.033233033652017616,-0.14974058122806475,-0.02045291978416833,-0.1778871642147619,-0.014872989577446354,9.999000099990002e-05,fnspid,threshold_0.50,0.30-0.70,0.50,40,426,0.0007999200079992001,DIFFERENCE_DETECTED_EQUIVALENCE_NOT_SHOWN
-0.0632510316509297,0.04038684334196238,-0.17643133505032166,-0.022814512974365715,-0.2136959804248259,-0.01668170309388466,9.999000099990002e-05,fnspid,threshold_0.60,0.30-0.70,0.60,40,426,0.0007999200079992001,DIFFERENCE_DETECTED_EQUIVALENCE_NOT_SHOWN
-0.07874300984097388,0.04869168981323979,-0.21620382791816256,-0.030040643743462,-0.26853865528377985,-0.022768029605960794,9.999000099990002e-05,fnspid,threshold_0.70,0.30-0.70,0.70,40,426,0.0007999200079992001,RDFL_WORSE_BEYOND_MARGIN
-0.10238647223134663,0.061811658838876404,-0.2752766877090059,-0.04047369509327254,-0.33816211656167955,-0.03048983271218795,9.999000099990002e-05,fnspid,threshold_0.80,0.30-0.70,0.80,40,426,0.0007999200079992001,RDFL_WORSE_BEYOND_MARGIN
-0.13227842387959954,0.07932620328771971,-0.3542705688227577,-0.054590955756014095,-0.4356369053059909,-0.041930564480191015,9.999000099990002e-05,fnspid,threshold_0.90,0.30-0.70,0.90,40,426,0.0007999200079992001,RDFL_WORSE_BEYOND_MARGIN
-0.07355441134222897,0.051880054002748144,-0.2206456087848233,-0.022547632429215692,-0.2751725669562204,-0.014757107460552282,0.0010998900109989002,fnspid,band_0.20_0.80,0.20-0.80,0.70,40,426,0.0010998900109989002,DIFFERENCE_DETECTED_EQUIVALENCE_NOT_SHOWN
-0.08052601626006868,0.046241543695278255,-0.21184266548614614,-0.03479743843624402,-0.2477959305604201,-0.026851117959852455,9.999000099990002e-05,fnspid,band_0.40_0.60,0.40-0.60,0.70,40,426,0.0007999200079992001,RDFL_WORSE_BEYOND_MARGIN
