dataset,cell,prediction_sd,outcome_sd
thai,threshold_none,0.0029015000083902087,0.011169129339563861
thai,threshold_0.50,0.003072114754366825,0.011169129339563861
thai,threshold_0.60,0.0032577333069193563,0.011169129339563861
thai,threshold_0.70,0.0036901364112756777,0.011169129339563861
thai,threshold_0.80,0.004133322887938284,0.011169129339563861
thai,threshold_0.90,0.0048825947515491385,0.011169129339563861
thai,band_0.20_0.80,0.0035802780148669906,0.011169129339563861
thai,band_0.40_0.60,0.003667562417302471,0.011169129339563861
fnspid,threshold_none,0.0034868130379184666,0.01970335531125328
fnspid,threshold_0.50,0.003699035530230913,0.01970335531125328
fnspid,threshold_0.60,0.004081597143193684,0.01970335531125328
fnspid,threshold_0.70,0.004490896263421028,0.01970335531125328
fnspid,threshold_0.80,0.005085379334864299,0.01970335531125328
fnspid,threshold_0.90,0.005899419283384896,0.01970335531125328
fnspid,band_0.20_0.80,0.004565074841790667,0.01970335531125328
fnspid,band_0.40_0.60,0.00447556193972542,0.01970335531125328
