test_start,cell,training_examples,mean_low_response_probability,hard_low_response_share,dataset
2024-08-01,threshold_none,174,0.4054553330377604,,thai
2024-08-01,threshold_0.50,163,0.40564912434979766,0.31901840490797545,thai
2024-08-01,threshold_0.60,153,0.39189044024179176,0.33986928104575165,thai
2024-08-01,threshold_0.70,137,0.3777954999096995,0.3795620437956204,thai
2024-08-01,threshold_0.80,120,0.33849727176075745,0.3416666666666667,thai
2024-08-01,threshold_0.90,101,0.27690492414521567,0.27722772277227725,thai
2024-08-01,band_0.20_0.80,124,0.41230092678676766,0.4274193548387097,thai
2024-08-01,band_0.40_0.60,152,0.3612665930319983,0.3618421052631579,thai
2024-11-01,threshold_none,379,0.34470106273121465,,thai
2024-11-01,threshold_0.50,355,0.3377011282776281,0.2619718309859155,thai
2024-11-01,threshold_0.60,337,0.3251271402354709,0.27596439169139464,thai
2024-11-01,threshold_0.70,303,0.30391667067541595,0.3069306930693069,thai
2024-11-01,threshold_0.80,272,0.2714912284620225,0.2757352941176471,thai
2024-11-01,threshold_0.90,237,0.21102485127253232,0.2109704641350211,thai
2024-11-01,band_0.20_0.80,272,0.33697940972405244,0.35294117647058826,thai
2024-11-01,band_0.40_0.60,330,0.28439756051535453,0.28484848484848485,thai
2025-02-01,threshold_none,633,0.35966869937286305,,thai
2025-02-01,threshold_0.50,594,0.34819349060363775,0.2609427609427609,thai
2025-02-01,threshold_0.60,558,0.3356805739497132,0.2777777777777778,thai
2025-02-01,threshold_0.70,498,0.31259999250223436,0.3112449799196787,thai
2025-02-01,threshold_0.80,451,0.2841735791619637,0.2838137472283814,thai
2025-02-01,threshold_0.90,389,0.23741694478271944,0.2365038560411311,thai
2025-02-01,band_0.20_0.80,440,0.36486205958053053,0.3795454545454545,thai
2025-02-01,band_0.40_0.60,550,0.28947512867906355,0.2872727272727273,thai
2025-05-01,threshold_none,902,0.3882352351899791,,thai
2025-05-01,threshold_0.50,834,0.37250736628564834,0.2841726618705036,thai
2025-05-01,threshold_0.60,783,0.361110249373733,0.30268199233716475,thai
2025-05-01,threshold_0.70,698,0.3383507939657032,0.33954154727793695,thai
2025-05-01,threshold_0.80,621,0.30709357138160037,0.30917874396135264,thai
2025-05-01,threshold_0.90,530,0.2566235893869291,0.25660377358490566,thai
2025-05-01,band_0.20_0.80,619,0.3903847144909491,0.40549273021001614,thai
2025-05-01,band_0.40_0.60,762,0.31490507141950386,0.31496062992125984,thai
2025-08-01,threshold_none,1174,0.4161624810307602,,thai
2025-08-01,threshold_0.50,1082,0.402078634767263,0.29852125693160814,thai
2025-08-01,threshold_0.60,1002,0.38804399510832677,0.3223552894211577,thai
2025-08-01,threshold_0.70,889,0.3645525861050252,0.36332958380202474,thai
2025-08-01,threshold_0.80,792,0.3383906333895751,0.33964646464646464,thai
2025-08-01,threshold_0.90,672,0.2934993976475261,0.2931547619047619,thai
2025-08-01,band_0.20_0.80,781,0.4230941065923833,0.4379001280409731,thai
2025-08-01,band_0.40_0.60,975,0.3362280671300547,0.3364102564102564,thai
2025-11-01,threshold_none,1476,0.4433681721207789,,thai
2025-11-01,threshold_0.50,1350,0.42617572692401173,0.31333333333333335,thai
2025-11-01,threshold_0.60,1239,0.4133840400913096,0.3414043583535109,thai
2025-11-01,threshold_0.70,1086,0.3900097143674904,0.38950276243093923,thai
2025-11-01,threshold_0.80,961,0.3624832591356109,0.3631633714880333,thai
2025-11-01,threshold_0.90,821,0.3232130234285812,0.3227771010962241,thai
2025-11-01,band_0.20_0.80,961,0.4504395586191853,0.4672216441207076,thai
2025-11-01,band_0.40_0.60,1209,0.3599423293631346,0.3598014888337469,thai
2026-02-01,threshold_none,1778,0.44887370100654683,,thai
2026-02-01,threshold_0.50,1638,0.4320583182095704,0.3199023199023199,thai
2026-02-01,threshold_0.60,1496,0.4190051763850967,0.3502673796791444,thai
2026-02-01,threshold_0.70,1318,0.3970592320532734,0.3975720789074355,thai
2026-02-01,threshold_0.80,1158,0.3690502528658141,0.3696027633851468,thai
2026-02-01,threshold_0.90,989,0.33017364581078673,0.32962588473205257,thai
2026-02-01,band_0.20_0.80,1163,0.4589562976523354,0.47463456577815993,thai
2026-02-01,band_0.40_0.60,1461,0.36972292623823066,0.3702943189596167,thai
2018-10-01,threshold_none,389,0.5506659928299994,,fnspid
2018-10-01,threshold_0.50,354,0.5426211820894502,0.4067796610169492,fnspid
2018-10-01,threshold_0.60,308,0.5295246077341933,0.4675324675324675,fnspid
2018-10-01,threshold_0.70,275,0.5194163318154167,0.5236363636363637,fnspid
2018-10-01,threshold_0.80,237,0.5024176054840229,0.5021097046413502,fnspid
2018-10-01,threshold_0.90,211,0.48623277273690696,0.4881516587677725,fnspid
2018-10-01,band_0.20_0.80,243,0.5631490947400898,0.5843621399176955,fnspid
2018-10-01,band_0.40_0.60,302,0.48948647793972666,0.48344370860927155,fnspid
2019-01-01,threshold_none,629,0.4888338876180605,,fnspid
2019-01-01,threshold_0.50,576,0.47726274569769067,0.3645833333333333,fnspid
2019-01-01,threshold_0.60,515,0.4625636684922279,0.4077669902912621,fnspid
2019-01-01,threshold_0.70,466,0.4482034056619062,0.45064377682403434,fnspid
2019-01-01,threshold_0.80,406,0.4283808338226293,0.42857142857142855,fnspid
2019-01-01,threshold_0.90,358,0.40067541675211577,0.4022346368715084,fnspid
2019-01-01,band_0.20_0.80,412,0.49234625651650055,0.5072815533980582,fnspid
2019-01-01,band_0.40_0.60,504,0.42562436033647677,0.4226190476190476,fnspid
2019-04-01,threshold_none,834,0.5232934775963582,,fnspid
2019-04-01,threshold_0.50,759,0.5081071942000908,0.38603425559947296,fnspid
2019-04-01,threshold_0.60,673,0.4984533566248556,0.43536404160475484,fnspid
2019-04-01,threshold_0.70,600,0.48476091995770976,0.48833333333333334,fnspid
2019-04-01,threshold_0.80,518,0.469415988819063,0.47104247104247104,fnspid
2019-04-01,threshold_0.90,447,0.43865181232489747,0.4407158836689038,fnspid
2019-04-01,band_0.20_0.80,529,0.5329841706129568,0.5519848771266541,fnspid
2019-04-01,band_0.40_0.60,656,0.4569441284518815,0.4527439024390244,fnspid
2019-07-01,threshold_none,1094,0.5102640527722193,,fnspid
2019-07-01,threshold_0.50,990,0.4912064404464861,0.3686868686868687,fnspid
2019-07-01,threshold_0.60,885,0.48118557614794144,0.4124293785310734,fnspid
2019-07-01,threshold_0.70,782,0.46562530697494037,0.46675191815856776,fnspid
2019-07-01,threshold_0.80,675,0.4461689456751551,0.4474074074074074,fnspid
2019-07-01,threshold_0.90,575,0.41727760898619576,0.4191304347826087,fnspid
2019-07-01,band_0.20_0.80,681,0.5168497268292022,0.5345080763582967,fnspid
2019-07-01,band_0.40_0.60,859,0.43959267245110695,0.43655413271245636,fnspid
2019-10-01,threshold_none,1351,0.5028473261422697,,fnspid
2019-10-01,threshold_0.50,1223,0.48331337358325704,0.3630417007358953,fnspid
2019-10-01,threshold_0.60,1097,0.47340085984988195,0.4047402005469462,fnspid
2019-10-01,threshold_0.70,970,0.4585470952635536,0.4577319587628866,fnspid
2019-10-01,threshold_0.80,834,0.43715347896234713,0.43764988009592326,fnspid
2019-10-01,threshold_0.90,704,0.40333448230226376,0.40482954545454547,fnspid
2019-10-01,band_0.20_0.80,845,0.5089859510952154,0.5254437869822485,fnspid
2019-10-01,band_0.40_0.60,1072,0.43123471659271395,0.4281716417910448,fnspid
2020-01-01,threshold_none,1649,0.5162325775515575,,fnspid
2020-01-01,threshold_0.50,1497,0.4973931534176091,0.3760855043420174,fnspid
2020-01-01,threshold_0.60,1335,0.48712751830116613,0.4217228464419476,fnspid
2020-01-01,threshold_0.70,1180,0.47527187037213825,0.47711864406779664,fnspid
2020-01-01,threshold_0.80,1025,0.4552224670006896,0.45658536585365855,fnspid
2020-01-01,threshold_0.90,868,0.42362617398515817,0.4251152073732719,fnspid
2020-01-01,band_0.20_0.80,1043,0.5254195312252693,0.5417066155321189,fnspid
2020-01-01,band_0.40_0.60,1309,0.44816467959380063,0.44537815126050423,fnspid
2020-04-01,threshold_none,1901,0.4755209333682998,,fnspid
2020-04-01,threshold_0.50,1725,0.4536850156390638,0.3402898550724638,fnspid
2020-04-01,threshold_0.60,1548,0.4404540528795298,0.3791989664082687,fnspid
2020-04-01,threshold_0.70,1383,0.4233380890209162,0.4244396240057845,fnspid
2020-04-01,threshold_0.80,1213,0.39885731834622795,0.3998351195383347,fnspid
2020-04-01,threshold_0.90,1043,0.3631431207187583,0.36433365292425696,fnspid
2020-04-01,band_0.20_0.80,1226,0.4670588439656917,0.4804241435562806,fnspid
2020-04-01,band_0.40_0.60,1519,0.4023126283206827,0.3996050032916392,fnspid
