purge,exact_overlap_exclusion,test_start,train_end,train_bags,test_bags,exact_overlap_train_bags_removed
0,False,2024-08-01,2024-07-31,1364,217,0
0,False,2024-11-01,2024-10-31,1581,305,0
0,False,2025-02-01,2025-01-31,1886,309,0
0,False,2025-05-01,2025-04-30,2195,297,0
0,False,2025-08-01,2025-07-31,2492,345,0
0,False,2025-11-01,2025-10-31,2837,354,0
0,False,2026-02-01,2026-01-30,3191,370,0
0,True,2024-08-01,2024-07-31,1298,217,66
0,True,2024-11-01,2024-10-31,1494,305,87
0,True,2025-02-01,2025-01-31,1772,309,114
0,True,2025-05-01,2025-04-30,2049,297,146
0,True,2025-08-01,2025-07-31,2329,345,163
0,True,2025-11-01,2025-10-31,2635,354,202
0,True,2026-02-01,2026-01-30,2949,370,242
5,False,2024-08-01,2024-07-19,1331,217,0
5,False,2024-11-01,2024-10-22,1560,305,0
5,False,2025-02-01,2025-01-24,1856,309,0
5,False,2025-05-01,2025-04-23,2166,297,0
5,False,2025-08-01,2025-07-23,2469,345,0
5,False,2025-11-01,2025-10-24,2813,354,0
5,False,2026-02-01,2026-01-23,3162,370,0
5,True,2024-08-01,2024-07-19,1270,217,61
5,True,2024-11-01,2024-10-21,1475,305,85
5,True,2025-02-01,2025-01-24,1744,309,112
5,True,2025-05-01,2025-04-23,2024,297,142
5,True,2025-08-01,2025-07-23,2311,345,158
5,True,2025-11-01,2025-10-24,2618,354,195
5,True,2026-02-01,2026-01-23,2928,370,234
