dataset,cell,dates,stock_days,mean_loss,zero_loss,identity_gap,relative_improvement_vs_zero,signal_term,signal_term_ci95_low,signal_term_ci95_high,variance_term,variance_term_ci95_low,variance_term_ci95_high,signal_to_variance,mean_scaled_prediction,mean_scaled_outcome,prediction_outcome_correlation,prediction_sd
thai_components,FPA|retained|confidence,403,2197,1.237327430006812,1.0662332376895747,-1.3877787807814457e-16,-0.1604660090019161,0.008802128230631952,-0.02870778040364349,0.04944978960548664,0.16926813723254808,0.13065222338798774,0.21969511247446882,0.05200109349900388,0.10875068833476173,0.04668045916628537,0.0059022763579425295,0.0036901364112756343
thai_components,FPA|retained|uniform,403,2197,1.2310171249879633,1.0662332376895747,-5.551115123125783e-17,-0.15454769320027917,0.008899989725428761,-0.027760203297132285,0.04926203386459145,0.1634476829257079,0.12619802489756496,0.21198376568711483,0.0544516114644102,0.10427562621928543,0.04668045916628537,0.00650594017206942,0.0036305770317174575
thai_components,FPA|eligible|confidence,403,2197,1.1636243654580134,1.0662332376895747,-2.7755575615628914e-16,-0.09134129787538425,0.014063392277043596,-0.01562057228998922,0.04547721579119483,0.10540469015242801,0.07993959856410762,0.1380819702444476,0.13342283210269126,0.0801217999478447,0.04668045916628537,0.019213082603800388,0.002901500008390168
thai_components,FPA|eligible|uniform,403,2197,1.1471850003303996,1.0662332376895747,1.1102230246251565e-16,-0.07592312805427048,0.01415716079374717,-0.01363377428568418,0.04290117301778541,0.0900802888480175,0.06845248803224278,0.11784129204346497,0.15716158301438157,0.06594306626034883,0.04668045916628537,0.024893525003982037,0.0026893392983615813
thai_components,ORD|retained|confidence,403,2197,1.1129449721888942,1.0662332376895747,-2.0816681711721685e-16,-0.04381005285535777,0.006872328392584999,-0.011710085614138102,0.026641686828403344,0.05068238124794299,0.03865696845518583,0.06660853693030212,0.1355960044372209,0.08556584079510629,0.04668045916628537,0.0021420031898373025,0.0019143298033760087
thai_components,ORD|retained|uniform,403,2197,1.109611931849319,1.0662332376895747,-6.245004513516506e-17,-0.040684057321024536,0.006667678955444141,-0.011223537063817754,0.025792556855253168,0.04735173627646876,0.036005994880394125,0.06230710256314202,0.14081170997646425,0.08057071719186581,0.04668045916628537,0.0024339479611431543,0.001858555382960221
thai_components,ORD|eligible|confidence,403,2197,1.0895145322895083,1.0662332376895747,-9.020562075079397e-17,-0.021835086149051275,0.008643302165686087,-0.0061967722284855305,0.02405000488188061,0.03047838831473739,0.022688492330801998,0.04057394382114439,0.2835879009227906,0.06403761410958642,0.04668045916628537,0.012683171516674465,0.0014789814879460623
thai_components,ORD|eligible|uniform,403,2197,1.082107369790239,1.0662332376895747,-6.245004513516506e-17,-0.014888048449007263,0.008571108265644105,-0.00467701208537232,0.022197698606252016,0.023459156714651506,0.017470645847951393,0.031296573483187415,0.3653630166633819,0.05020699451019537,0.04668045916628537,0.019505954848011757,0.0013128940008640076
thai_components,FPA|retained_without_low|confidence,403,2197,1.4036846383426589,1.0662332376895747,0.0,-0.3164892902647727,0.016178203704453418,-0.03680023166755041,0.07012291529169097,0.3326674939692262,0.2664294625849057,0.42036789885349396,0.04863175392168014,0.16664121778688712,0.04668045916628537,0.006266234313401184,0.005276951141197944
thai_components,FPA|random_size_matched|confidence,403,2197,1.1572679548251914,1.0662332376895747,-1.8041124150158794e-16,-0.08537974048987662,0.0059293846338820365,-0.02154073579358279,0.03404131951425655,0.09130912512375873,0.06849610683701948,0.1207266804194186,0.06493748161364438,0.068586054686691,0.04668045916628537,0.010931703191176551,0.0027111959874440163
thai_components,ORD|ordinary_eligible|uniform,403,2197,1.0773986327598448,1.0662332376895747,-2.7755575615628914e-16,-0.010471812991371898,0.0035284539242963955,-0.006869417668229559,0.013838828368066871,0.014000266915668493,0.010898286488796103,0.01796275549572102,0.25202761815544406,0.035739532095315746,0.04668045916628537,0.01043480439921047,0.0010434609424949534
