offset_hypothesis,utc_offset,Source,articles,articles_possibly_after_decision_time
ICT_UTC+7,7,BangkokPost,167,0
ICT_UTC+7,7,Kaohoon,4405,0
ICT_UTC+7,7,NationThailand,168,0
ICT_UTC+7,7,Reuters,132,0
ICT_UTC+7,7,SET,1650,0
ICT_UTC+7,7,Settrade,1364,0
ICT_UTC+7,7,Thunhoon,1708,0
UTC,0,BangkokPost,167,0
UTC,0,Kaohoon,4405,0
UTC,0,NationThailand,168,0
UTC,0,Reuters,132,0
UTC,0,SET,1650,0
UTC,0,Settrade,1364,0
UTC,0,Thunhoon,1708,0
UTC-3,-3,BangkokPost,167,109
UTC-3,-3,Kaohoon,4405,8
UTC-3,-3,NationThailand,168,2
UTC-3,-3,Reuters,132,2
UTC-3,-3,SET,1650,0
UTC-3,-3,Settrade,1364,1
UTC-3,-3,Thunhoon,1708,5
US_Eastern_daylight_UTC-4,-4,BangkokPost,167,109
US_Eastern_daylight_UTC-4,-4,Kaohoon,4405,25
US_Eastern_daylight_UTC-4,-4,NationThailand,168,2
US_Eastern_daylight_UTC-4,-4,Reuters,132,3
US_Eastern_daylight_UTC-4,-4,SET,1650,6
US_Eastern_daylight_UTC-4,-4,Settrade,1364,2
US_Eastern_daylight_UTC-4,-4,Thunhoon,1708,19
US_Eastern_standard_UTC-5,-5,BangkokPost,167,109
US_Eastern_standard_UTC-5,-5,Kaohoon,4405,44
US_Eastern_standard_UTC-5,-5,NationThailand,168,9
US_Eastern_standard_UTC-5,-5,Reuters,132,6
US_Eastern_standard_UTC-5,-5,SET,1650,45
US_Eastern_standard_UTC-5,-5,Settrade,1364,5
US_Eastern_standard_UTC-5,-5,Thunhoon,1708,64
