dataset,competitor,block_length,n_dates,relative_improvement,bootstrap_se,relative_ci95_low,relative_ci95_high,relative_ci90_low,relative_ci90_high,family_ci_low,family_ci_high,holm_p,mde80_difference,equivalence_margin80_comparator,equivalence_margin80_family,observed_bound_ci90,observed_bound_family,difference_power_1pct,equivalence_power_1pct_comparator,equivalence_power_1pct_family,decision_1pct_family,difference_power_2pct,equivalence_power_2pct_comparator,equivalence_power_2pct_family,decision_2pct_family,difference_power_5pct,equivalence_power_5pct_comparator,equivalence_power_5pct_family,decision_5pct_family
purged_pilot,DIRECT_HUBER,10,403,-0.1590485214984347,0.0303804944115662,-0.2217662420000097,-0.1034865853210385,-0.2115778507335708,-0.1117250661231007,-0.2331729899735607,-0.0949841525960566,0.0003999600039996,0.0851135440624075,0.08890563659660523,0.10702909321523296,0.2115778507335708,0.2331729899735607,0.06250180840395664,0.0,0.0,FPA_WORSE_BEYOND_MARGIN,0.10093726643316511,0.0,0.0,FPA_WORSE_BEYOND_MARGIN,0.37685114865063335,0.0007493788000649815,0.0,FPA_WORSE_BEYOND_MARGIN
purged_pilot,HARD_FPA,10,403,0.0199338112465301,0.002986362921492,0.0142401542202028,0.0260371626496911,0.0151325302618409,0.0250380395785872,0.0135228141759208,0.0270666715475978,0.0003999600039996,0.0083665502167728,0.008739307960131929,0.010520820075172866,0.0250380395785872,0.0270666715475978,0.9175214546863377,0.9115630776687922,0.7317718300520626,FPA_BETTER_BEYOND_MARGIN,0.9999989162532358,0.9999995633781507,0.9999916382808176,DIFFERENCE_DETECTED_EQUIVALENCE_NOT_SHOWN,1.0,1.0,1.0,EQUIVALENT_WITHIN_MARGIN
purged_pilot,ORDINARY_SOFT,10,403,-0.1484397625763608,0.0242939631807516,-0.2003633825586275,-0.1057809236762878,-0.1908913520831887,-0.1123694363766766,-0.2071501852460909,-0.099887440129597,0.0003999600039996,0.0680616081365745,0.07109397999845987,0.08558652188524588,0.1908913520831887,0.2071501852460909,0.06962623184471428,0.0,0.0,FPA_WORSE_BEYOND_MARGIN,0.13052005749174364,0.0,0.0,FPA_WORSE_BEYOND_MARGIN,0.5391269050665419,0.32059180768718454,0.0,FPA_WORSE_BEYOND_MARGIN
purged_pilot,ZERO,10,403,-0.160466009001916,0.0287041337899779,-0.2209292976156901,-0.1087590834107191,-0.2105519582059842,-0.1166207381396853,-0.2316559032149642,-0.1024485686764954,0.0003999600039996,0.0804170769247393,0.08399992616909328,0.10112335136654162,0.2105519582059842,0.2316559032149642,0.06401640715644938,0.0,0.0,FPA_WORSE_BEYOND_MARGIN,0.10720377178956395,0.0,0.0,FPA_WORSE_BEYOND_MARGIN,0.41380029147154285,0.07731788408604506,0.0,FPA_WORSE_BEYOND_MARGIN
purged_pilot,DIRECT_HUBER,20,403,-0.1590485214984347,0.0320288076242687,-0.2256215584066991,-0.1006849965103846,-0.2139674680119889,-0.1091371720205322,-0.2361782855160003,-0.0921553780639127,0.0003999600039996,0.0897314339939351,0.09372926894111772,0.11283602532437836,0.2139674680119889,0.2361782855160003,0.06124023147868966,0.0,0.0,FPA_WORSE_BEYOND_MARGIN,0.09572950827452395,0.0,0.0,FPA_WORSE_BEYOND_MARGIN,0.34520965396432596,0.0,0.0,FPA_WORSE_BEYOND_MARGIN
purged_pilot,HARD_FPA,20,403,0.0199338112465301,0.0031537245597776,0.0141627982668701,0.0267312718358396,0.0149775173828795,0.0255017427092541,0.013367375839628,0.0278675519458985,0.0003999600039996,0.0088354281086727,0.009229075927435559,0.011110427477279661,0.0255017427092541,0.0278675519458985,0.8870313561463661,0.8729902177283371,0.6473447109946213,FPA_BETTER_BEYOND_MARGIN,0.999994113343327,0.9999973580121597,0.9999587394350273,DIFFERENCE_DETECTED_EQUIVALENCE_NOT_SHOWN,1.0,1.0,1.0,EQUIVALENT_WITHIN_MARGIN
purged_pilot,ORDINARY_SOFT,20,403,-0.1484397625763608,0.0259037434499987,-0.2028245222334919,-0.1031317954216336,-0.1941343151919706,-0.1104462885283304,-0.211405654883937,-0.0971615179687291,0.0003999600039996,0.0725715447433071,0.07580484933716232,0.09125770419581739,0.1941343151919706,0.211405654883937,0.06724087816245469,0.0,0.0,FPA_WORSE_BEYOND_MARGIN,0.120588417629198,0.0,0.0,FPA_WORSE_BEYOND_MARGIN,0.4881868747820558,0.2246387896189488,0.0,FPA_WORSE_BEYOND_MARGIN
purged_pilot,ZERO,20,403,-0.160466009001916,0.0302072502438602,-0.2264240348509922,-0.1070658314353117,-0.2150200015360629,-0.1149865590401071,-0.2354558610189384,-0.1003830352788525,0.0003999600039996,0.0846281857630383,0.08839865396466073,0.10641876193085001,0.2150200015360629,0.2354558610189384,0.06264663634822237,0.0,0.0,FPA_WORSE_BEYOND_MARGIN,0.10153582980697176,0.0,0.0,FPA_WORSE_BEYOND_MARGIN,0.38043511283237347,0.00828040386035439,0.0,FPA_WORSE_BEYOND_MARGIN
purged_pilot,DIRECT_HUBER,40,403,-0.1590485214984347,0.0330172143713017,-0.228590838745639,-0.1015797714768881,-0.217427742701335,-0.1101606277856088,-0.2402086182400525,-0.0933023754556905,0.0003999600039996,0.0925005397259061,0.09662174757793324,0.11631813711721625,0.217427742701335,0.2402086182400525,0.06057336240170373,0.0,0.0,FPA_WORSE_BEYOND_MARGIN,0.09298146587380415,0.0,0.0,FPA_WORSE_BEYOND_MARGIN,0.3281982962277798,0.0,0.0,FPA_WORSE_BEYOND_MARGIN
purged_pilot,HARD_FPA,40,403,0.0199338112465301,0.0031855452141579,0.0142765625089548,0.0269673723301617,0.0150481659828093,0.025586777571361,0.0135737671990631,0.0281272669196165,0.0003999600039996,0.0089245763836153,0.009322196055642691,0.011222530188239568,0.025586777571361,0.0281272669196165,0.8808440963205248,0.8649096791310933,0.6306957255230581,FPA_BETTER_BEYOND_MARGIN,0.9999921416419454,0.9999964047650423,0.9999458510991537,DIFFERENCE_DETECTED_EQUIVALENCE_NOT_SHOWN,1.0,1.0,1.0,EQUIVALENT_WITHIN_MARGIN
purged_pilot,ORDINARY_SOFT,40,403,-0.1484397625763608,0.0287343496254686,-0.2122804075356996,-0.0995005394660743,-0.2003794772064745,-0.1063339440151266,-0.2234283447297884,-0.0945318936458997,0.0003999600039996,0.0805017291628029,0.08408834994696888,0.1012298003739047,0.2003794772064745,0.2234283447297884,0.06398671662456687,0.0,0.0,FPA_WORSE_BEYOND_MARGIN,0.10708079136652433,0.0,0.0,FPA_WORSE_BEYOND_MARGIN,0.41308762752522504,0.07586312281797342,0.0,FPA_WORSE_BEYOND_MARGIN
purged_pilot,ZERO,40,403,-0.160466009001916,0.0332018392726225,-0.231237955826865,-0.1049270151035855,-0.2190593275121925,-0.1128504393956577,-0.2433168340616972,-0.0985670134313154,0.0003999600039996,0.0930177821203418,0.0971620348478225,0.11696856220594667,0.2190593275121925,0.2433168340616972,0.060455403611719735,0.0,0.0,FPA_WORSE_BEYOND_MARGIN,0.09249574151507023,0.0,0.0,FPA_WORSE_BEYOND_MARGIN,0.32517024756823787,0.0,0.0,FPA_WORSE_BEYOND_MARGIN
historical_p2c,DIRECT_HUBER,10,356,0.0179480084584397,0.0073484758463267,0.0051791339966144,0.0335234062157413,0.0069372341721378,0.0307361934874316,0.0037773773509693,0.0361564356392274,0.0455954404559544,0.0205873813067293,0.021504617873622425,0.0258883445309224,0.0307361934874316,0.0361564356392274,0.27498938785507565,0.0,0.0,DIFFERENCE_DETECTED_EQUIVALENCE_NOT_SHOWN,0.7768785525587523,0.7184300134771922,0.36895042730173433,DIFFERENCE_DETECTED_EQUIVALENCE_NOT_SHOWN,0.9999993642835954,0.999999752096576,0.9999949507104933,EQUIVALENT_WITHIN_MARGIN
historical_p2c,HARD_FPA,10,356,0.0003906822963005,0.0002857052481265,-0.0001719957312786,0.0009271102360644,-8.45801108885532e-05,0.0008458064132836,-0.0002595020545626,0.0010018504453362,0.5228477152284772,0.0008004275998887,0.0008360893216407684,0.0010065265304626098,0.0008458064132836,0.0010018504453362,1.0,1.0,1.0,EQUIVALENT_WITHIN_MARGIN,1.0,1.0,1.0,EQUIVALENT_WITHIN_MARGIN,1.0,1.0,1.0,EQUIVALENT_WITHIN_MARGIN
historical_p2c,ORDINARY_SOFT,10,356,-0.0023298059497346,0.0023027911658288,-0.0067655185037857,0.0021950831727722,-0.0060825220548244,0.0014140342475008,-0.0073746482039036,0.002950490199983,0.6191380861913809,0.0064514656905871,0.0067389000249154845,0.008112628023883421,0.0060825220548244,0.0073746482039036,0.9914043867408526,0.9930180204502077,0.9643725017105118,EQUIVALENT_WITHIN_MARGIN,0.9999999999912293,0.9999999999980811,0.9999999998834119,EQUIVALENT_WITHIN_MARGIN,1.0,1.0,1.0,EQUIVALENT_WITHIN_MARGIN
historical_p2c,ZERO,10,356,-0.0026094454053328,0.0053646392232197,-0.0130176195965932,0.0078518327824623,-0.0114059588392377,0.0062780096049691,-0.0142550526072205,0.009416800808313,0.6200379962003799,0.0150294939482815,0.015699108078698225,0.018899378782640294,0.0114059588392377,0.0142550526072205,0.4618633658989556,0.173509345276883,0.0,INCONCLUSIVE,0.9614823013263161,0.9627727309906973,0.8629095761242309,EQUIVALENT_WITHIN_MARGIN,0.9999999999999083,0.9999999999999836,0.9999999999985469,EQUIVALENT_WITHIN_MARGIN
historical_p2c,DIRECT_HUBER,20,356,0.0179480084584397,0.0090883729034652,0.00276061939376,0.0376793978919386,0.0047784222396167,0.0341544233742611,0.0013123898682354,0.0409116703776494,0.12998700129987,0.0254618511830466,0.026596261656041165,0.03201792233800674,0.0341544233742611,0.0409116703776494,0.1960947508581945,0.0,0.0,INCONCLUSIVE,0.5951026533274226,0.4216252727761496,0.0,INCONCLUSIVE,0.9998011239788277,0.9998850630924578,0.9988863966328134,EQUIVALENT_WITHIN_MARGIN
historical_p2c,HARD_FPA,20,356,0.0003906822963005,0.0002696052209581,-0.0001546156997704,0.0009115407070598,-6.366128970443653e-05,0.0008292656425498,-0.0002349750552653,0.0009874753861261,0.4877512248775122,0.0007553220017624,0.0007889741185358347,0.0009498068706298706,0.0008292656425498,0.0009874753861261,1.0,1.0,1.0,EQUIVALENT_WITHIN_MARGIN,1.0,1.0,1.0,EQUIVALENT_WITHIN_MARGIN,1.0,1.0,1.0,EQUIVALENT_WITHIN_MARGIN
historical_p2c,ORDINARY_SOFT,20,356,-0.0023298059497346,0.0021983311159931,-0.0066957895851063,0.0018763849925199,-0.005953745045508,0.0011793997080187,-0.0072977581782838,0.0024127689918982,0.5763423657634237,0.0061588119590842,0.006433207592667894,0.007744620042852127,0.005953745045508,0.0072977581782838,0.995186424653729,0.9963163260795598,0.9789731793631642,EQUIVALENT_WITHIN_MARGIN,0.9999999999995259,0.9999999999999087,0.9999999999929385,EQUIVALENT_WITHIN_MARGIN,1.0,1.0,1.0,EQUIVALENT_WITHIN_MARGIN
historical_p2c,ZERO,20,356,-0.0026094454053328,0.0045421724355128,-0.011825463670455,0.0061452431130713,-0.0102709788660625,0.0047772260341124,-0.0132111166539382,0.0073575637258252,0.5763423657634237,0.012725283153453,0.01329223700049719,0.016001865881915354,0.0102709788660625,0.0132111166539382,0.5954807030747267,0.42229222585645565,0.0,INCONCLUSIVE,0.9927214769583773,0.9941901729830336,0.9693646039067125,EQUIVALENT_WITHIN_MARGIN,1.0,1.0,1.0,EQUIVALENT_WITHIN_MARGIN
historical_p2c,DIRECT_HUBER,40,356,0.0179480084584397,0.0108511598112278,0.0004320131301338,0.041877603434156,0.0023687213132678,0.0379657427035813,-0.0009284764481367,0.0462419981298446,0.2863713628637136,0.0304004489265174,0.03175489041618173,0.03822814004261681,0.0379657427035813,0.0462419981298446,0.15151990096847237,0.0,0.0,INCONCLUSIVE,0.4535636737311085,0.1571640848594335,0.0,INCONCLUSIVE,0.9959495880477028,0.9969529270517759,0.9820379571194122,EQUIVALENT_WITHIN_MARGIN
historical_p2c,HARD_FPA,40,356,0.0003906822963005,0.0002513408637104,-0.0001398965318031,0.0008351562365265,-5.173966535955181e-05,0.0007779911047408,-0.0002083966268361,0.0009008027479191,0.4673532646735326,0.000704152848479,0.0007355252086485622,0.0008854623748524689,0.0007779911047408,0.0009008027479191,1.0,1.0,1.0,EQUIVALENT_WITHIN_MARGIN,1.0,1.0,1.0,EQUIVALENT_WITHIN_MARGIN,1.0,1.0,1.0,EQUIVALENT_WITHIN_MARGIN
historical_p2c,ORDINARY_SOFT,40,356,-0.0023298059497346,0.0018306022220542,-0.0061673036002818,0.0011627095334335,-0.0054348236313258,0.0005952707530378,-0.0067978012009468,0.0016875185075061,0.4673532646735326,0.0051285881255518,0.005357083848014259,0.006449127957234945,0.0054348236313258,0.0067978012009468,0.999769732671823,0.9998653691256303,0.9987238080940253,EQUIVALENT_WITHIN_MARGIN,1.0,1.0,1.0,EQUIVALENT_WITHIN_MARGIN,1.0,1.0,1.0,EQUIVALENT_WITHIN_MARGIN
historical_p2c,ZERO,40,356,-0.0026094454053328,0.0034968329162638,-0.0094928398353449,0.0041730621847008,-0.0082404169571646,0.0032243145018608,-0.0106403277210956,0.0051994152209628,0.4673532646735326,0.0097966754084155,0.010233150003445568,0.012319182534778206,0.0082404169571646,0.0106403277210956,0.815878479705152,0.7755869722792406,0.46364074988845694,INCONCLUSIVE,0.9999148723955413,0.9999539079853423,0.9994949401606597,EQUIVALENT_WITHIN_MARGIN,1.0,1.0,1.0,EQUIVALENT_WITHIN_MARGIN
