dataset,competitor,margin,equivalence_power_family,equivalence_power_comparator
purged_pilot,DIRECT_HUBER,0.001,0.0,0.0
purged_pilot,DIRECT_HUBER,0.002,0.0,0.0
purged_pilot,DIRECT_HUBER,0.003,0.0,0.0
purged_pilot,DIRECT_HUBER,0.004,0.0,0.0
purged_pilot,DIRECT_HUBER,0.005,0.0,0.0
purged_pilot,DIRECT_HUBER,0.006,0.0,0.0
purged_pilot,DIRECT_HUBER,0.007,0.0,0.0
purged_pilot,DIRECT_HUBER,0.008,0.0,0.0
purged_pilot,DIRECT_HUBER,0.009,0.0,0.0
purged_pilot,DIRECT_HUBER,0.01,0.0,0.0
purged_pilot,DIRECT_HUBER,0.011,0.0,0.0
purged_pilot,DIRECT_HUBER,0.012,0.0,0.0
purged_pilot,DIRECT_HUBER,0.013,0.0,0.0
purged_pilot,DIRECT_HUBER,0.014,0.0,0.0
purged_pilot,DIRECT_HUBER,0.015,0.0,0.0
purged_pilot,DIRECT_HUBER,0.016,0.0,0.0
purged_pilot,DIRECT_HUBER,0.017,0.0,0.0
purged_pilot,DIRECT_HUBER,0.018,0.0,0.0
purged_pilot,DIRECT_HUBER,0.019,0.0,0.0
purged_pilot,DIRECT_HUBER,0.02,0.0,0.0
purged_pilot,DIRECT_HUBER,0.021,0.0,0.0
purged_pilot,DIRECT_HUBER,0.022,0.0,0.0
purged_pilot,DIRECT_HUBER,0.023,0.0,0.0
purged_pilot,DIRECT_HUBER,0.024,0.0,0.0
purged_pilot,DIRECT_HUBER,0.025,0.0,0.0
purged_pilot,DIRECT_HUBER,0.026,0.0,0.0
purged_pilot,DIRECT_HUBER,0.027,0.0,0.0
purged_pilot,DIRECT_HUBER,0.028,0.0,0.0
purged_pilot,DIRECT_HUBER,0.029,0.0,0.0
purged_pilot,DIRECT_HUBER,0.03,0.0,0.0
purged_pilot,DIRECT_HUBER,0.031,0.0,0.0
purged_pilot,DIRECT_HUBER,0.032,0.0,0.0
purged_pilot,DIRECT_HUBER,0.033,0.0,0.0
purged_pilot,DIRECT_HUBER,0.034,0.0,0.0
purged_pilot,DIRECT_HUBER,0.035,0.0,0.0
purged_pilot,DIRECT_HUBER,0.036,0.0,0.0
purged_pilot,DIRECT_HUBER,0.037,0.0,0.0
purged_pilot,DIRECT_HUBER,0.038,0.0,0.0
purged_pilot,DIRECT_HUBER,0.039,0.0,0.0
purged_pilot,DIRECT_HUBER,0.04,0.0,0.0
purged_pilot,DIRECT_HUBER,0.041,0.0,0.0
purged_pilot,DIRECT_HUBER,0.042,0.0,0.0
purged_pilot,DIRECT_HUBER,0.043,0.0,0.0
purged_pilot,DIRECT_HUBER,0.044,0.0,0.0
purged_pilot,DIRECT_HUBER,0.045,0.0,0.0
purged_pilot,DIRECT_HUBER,0.046,0.0,0.0
purged_pilot,DIRECT_HUBER,0.047,0.0,0.0
purged_pilot,DIRECT_HUBER,0.048,0.0,0.0
purged_pilot,DIRECT_HUBER,0.049,0.0,0.0
purged_pilot,DIRECT_HUBER,0.05,0.0,0.0
purged_pilot,DIRECT_HUBER,0.051,0.0,0.0
purged_pilot,DIRECT_HUBER,0.052,0.0,0.0
purged_pilot,DIRECT_HUBER,0.053,0.0,0.00790426929795901
purged_pilot,DIRECT_HUBER,0.054,0.0,0.032806615534950234
purged_pilot,DIRECT_HUBER,0.055,0.0,0.05767700747838855
purged_pilot,DIRECT_HUBER,0.056,0.0,0.08249128718118204
purged_pilot,DIRECT_HUBER,0.057,0.0,0.10722546041271402
purged_pilot,DIRECT_HUBER,0.058,0.0,0.13185576623744
purged_pilot,DIRECT_HUBER,0.059,0.0,0.15635874546147743
purged_pilot,DIRECT_HUBER,0.06,0.0,0.18071130761872345
purged_pilot,DIRECT_HUBER,0.061,0.0,0.20489079617792633
purged_pilot,DIRECT_HUBER,0.062,0.0,0.22887505166415778
purged_pilot,DIRECT_HUBER,0.063,0.0,0.2526424724021499
purged_pilot,DIRECT_HUBER,0.064,0.0,0.2761720726048913
purged_pilot,DIRECT_HUBER,0.065,0.0,0.29944353754855224
purged_pilot,DIRECT_HUBER,0.066,0.0,0.3224372755940943
purged_pilot,DIRECT_HUBER,0.067,0.0,0.34513446683664745
purged_pilot,DIRECT_HUBER,0.068,0.0,0.36751710818573047
purged_pilot,DIRECT_HUBER,0.069,0.0,0.38956805470246536
purged_pilot,DIRECT_HUBER,0.07,0.0,0.4112710570439082
purged_pilot,DIRECT_HUBER,0.071,0.0,0.4326107948892712
purged_pilot,DIRECT_HUBER,0.072,0.005244902774849569,0.45357290624797963
purged_pilot,DIRECT_HUBER,0.073,0.030149228638288506,0.47414401257493705
purged_pilot,DIRECT_HUBER,0.074,0.05502418598086484,0.49431173964392583
purged_pilot,DIRECT_HUBER,0.075,0.07984560352434555,0.5140647341554903
purged_pilot,DIRECT_HUBER,0.076,0.10458946622602605,0.533392676080783
purged_pilot,DIRECT_HUBER,0.077,0.12923198495843136,0.552286286767488
purged_pilot,DIRECT_HUBER,0.078,0.1537496650925705,0.5707373328579046
purged_pilot,DIRECT_HUBER,0.079,0.1781193736553492,0.5887386260923981
purged_pilot,DIRECT_HUBER,0.08,0.2023184047414126,0.606284019093551
purged_pilot,DIRECT_HUBER,0.081,0.22632454287147802,0.6233683972473127
purged_pilot,DIRECT_HUBER,0.082,0.2501161240030374,0.6399876668171516
purged_pilot,DIRECT_HUBER,0.083,0.2736720939150348,0.6561387394454754
purged_pilot,DIRECT_HUBER,0.084,0.29697206370562096,0.6718195132133871
purged_pilot,DIRECT_HUBER,0.085,0.31999636216121563,0.6870288504450024
purged_pilot,DIRECT_HUBER,0.086,0.3427260847756759,0.7017665524560686
purged_pilot,DIRECT_HUBER,0.087,0.36514313922025154,0.7160333314583993
purged_pilot,DIRECT_HUBER,0.088,0.38723028708796137,0.7298307798416559
purged_pilot,DIRECT_HUBER,0.089,0.4089711817599253,0.743161337062209
purged_pilot,DIRECT_HUBER,0.09,0.43035040226576116,0.7560282543752495
purged_pilot,DIRECT_HUBER,0.091,0.4513534830352883,0.768435557650931
purged_pilot,DIRECT_HUBER,0.092,0.4719669394641899,0.7803880085181905
purged_pilot,DIRECT_HUBER,0.093,0.4921782892418322,0.791891064081022
purged_pilot,DIRECT_HUBER,0.094,0.5119760694148878,0.8029508354514308
purged_pilot,DIRECT_HUBER,0.095,0.5313498491855775,0.8135740453411335
purged_pilot,DIRECT_HUBER,0.096,0.5502902384680453,0.8237679849503539
purged_pilot,DIRECT_HUBER,0.097,0.5687888922504318,0.8335404703869371
purged_pilot,DIRECT_HUBER,0.098,0.5868385108334202,0.8428997988424656
purged_pilot,DIRECT_HUBER,0.099,0.6044328360382885,0.8518547047443079
purged_pilot,DIRECT_HUBER,0.1,0.6215666434985805,0.8604143160936291
purged_pilot,DIRECT_HUBER,0.101,0.6382357311693605,0.8685881111894342
purged_pilot,DIRECT_HUBER,0.102,0.6544369042064435,0.8763858759278866
purged_pilot,DIRECT_HUBER,0.103,0.6701679563849456,0.8838176618544975
purged_pilot,DIRECT_HUBER,0.104,0.6854276482418378,0.8908937451344858
purged_pilot,DIRECT_HUBER,0.105,0.7002156821408887,0.8976245865937673
purged_pilot,DIRECT_HUBER,0.106,0.7145326744703335,0.9040207929697739
purged_pilot,DIRECT_HUBER,0.107,0.7283801251938147,0.9100930794977404
purged_pilot,DIRECT_HUBER,0.108,0.741760384983543,0.9158522339443718
purged_pilot,DIRECT_HUBER,0.109,0.7546766201712392,0.9213090821869829
purged_pilot,DIRECT_HUBER,0.11,0.7671327757572379,0.9264744554224551
purged_pilot,DIRECT_HUBER,0.111,0.7791335367211736,0.931359159076717
purged_pilot,DIRECT_HUBER,0.112,0.7906842878789875,0.9359739434720864
purged_pilot,DIRECT_HUBER,0.113,0.8017910725306148,0.9403294762967551
purged_pilot,DIRECT_HUBER,0.114,0.8124605501407269,0.944436316908043
purged_pilot,DIRECT_HUBER,0.115,0.8226999532913464,0.9483048924889013
purged_pilot,DIRECT_HUBER,0.116,0.8325170441401686,0.9519454760655202
purged_pilot,DIRECT_HUBER,0.117,0.8419200706120311,0.9553681663828926
purged_pilot,DIRECT_HUBER,0.118,0.850917722543358,0.9585828696248295
purged_pilot,DIRECT_HUBER,0.119,0.8595190879905898,0.9615992829552662
purged_pilot,DIRECT_HUBER,0.12,0.867733609903798,0.9644268798487612
purged_pilot,HARD_FPA,0.001,0.0,0.0
purged_pilot,HARD_FPA,0.002,0.0,0.0
purged_pilot,HARD_FPA,0.003,0.0,0.0
purged_pilot,HARD_FPA,0.004,0.0,0.0
purged_pilot,HARD_FPA,0.005,0.0,0.0
purged_pilot,HARD_FPA,0.006,0.0,0.20332971382555165
purged_pilot,HARD_FPA,0.007,0.0,0.4345356516685994
purged_pilot,HARD_FPA,0.008,0.2322203411933328,0.6275156936251696
purged_pilot,HARD_FPA,0.009,0.4597042584257913,0.7733044720572553
purged_pilot,HARD_FPA,0.01,0.6473447109946213,0.8729902177283371
purged_pilot,HARD_FPA,0.011,0.7874325481867726,0.9346835049145981
purged_pilot,HARD_FPA,0.012,0.8820936397139372,0.9692405751407935
purged_pilot,HARD_FPA,0.013,0.9399882697714235,0.9867603291132556
purged_pilot,HARD_FPA,0.014,0.9720361261120838,0.994799453899927
purged_pilot,HARD_FPA,0.015,0.9880926489877573,0.9981381469331416
purged_pilot,HARD_FPA,0.016,0.9953736885713316,0.9993931018701387
purged_pilot,HARD_FPA,0.017,0.9983619727243052,0.999820035495858
purged_pilot,HARD_FPA,0.018,0.9994720007173172,0.9999514882138993
purged_pilot,HARD_FPA,0.019,0.9998451874074721,0.9999881194759066
purged_pilot,HARD_FPA,0.02,0.9999587394350273,0.9999973580121597
purged_pilot,HARD_FPA,0.021,0.999990010038714,0.999999466732904
purged_pilot,HARD_FPA,0.022,0.9999978037822024,0.9999999023400703
purged_pilot,HARD_FPA,0.023,0.9999995617869168,0.9999999837779077
purged_pilot,HARD_FPA,0.024,0.9999999206703816,0.9999999975565925
purged_pilot,HARD_FPA,0.025,0.9999999869746601,0.9999999996663596
purged_pilot,HARD_FPA,0.026,0.9999999980607752,0.9999999999587081
purged_pilot,HARD_FPA,0.027,0.9999999997382725,0.999999999995369
purged_pilot,HARD_FPA,0.028,0.9999999999679843,0.9999999999995295
purged_pilot,HARD_FPA,0.029,0.9999999999964511,0.9999999999999567
purged_pilot,HARD_FPA,0.03,0.9999999999996436,0.9999999999999964
purged_pilot,HARD_FPA,0.031,0.9999999999999676,0.9999999999999998
purged_pilot,HARD_FPA,0.032,0.9999999999999973,1.0
purged_pilot,HARD_FPA,0.033,0.9999999999999998,1.0
purged_pilot,HARD_FPA,0.034,1.0,1.0
purged_pilot,HARD_FPA,0.035,1.0,1.0
purged_pilot,HARD_FPA,0.036,1.0,1.0
purged_pilot,HARD_FPA,0.037,1.0,1.0
purged_pilot,HARD_FPA,0.038,1.0,1.0
purged_pilot,HARD_FPA,0.039,1.0,1.0
purged_pilot,HARD_FPA,0.04,1.0,1.0
purged_pilot,HARD_FPA,0.041,1.0,1.0
purged_pilot,HARD_FPA,0.042,1.0,1.0
purged_pilot,HARD_FPA,0.043,1.0,1.0
purged_pilot,HARD_FPA,0.044,1.0,1.0
purged_pilot,HARD_FPA,0.045,1.0,1.0
purged_pilot,HARD_FPA,0.046,1.0,1.0
purged_pilot,HARD_FPA,0.047,1.0,1.0
purged_pilot,HARD_FPA,0.048,1.0,1.0
purged_pilot,HARD_FPA,0.049,1.0,1.0
purged_pilot,HARD_FPA,0.05,1.0,1.0
purged_pilot,HARD_FPA,0.051,1.0,1.0
purged_pilot,HARD_FPA,0.052,1.0,1.0
purged_pilot,HARD_FPA,0.053,1.0,1.0
purged_pilot,HARD_FPA,0.054,1.0,1.0
purged_pilot,HARD_FPA,0.055,1.0,1.0
purged_pilot,HARD_FPA,0.056,1.0,1.0
purged_pilot,HARD_FPA,0.057,1.0,1.0
purged_pilot,HARD_FPA,0.058,1.0,1.0
purged_pilot,HARD_FPA,0.059,1.0,1.0
purged_pilot,HARD_FPA,0.06,1.0,1.0
purged_pilot,HARD_FPA,0.061,1.0,1.0
purged_pilot,HARD_FPA,0.062,1.0,1.0
purged_pilot,HARD_FPA,0.063,1.0,1.0
purged_pilot,HARD_FPA,0.064,1.0,1.0
purged_pilot,HARD_FPA,0.065,1.0,1.0
purged_pilot,HARD_FPA,0.066,1.0,1.0
purged_pilot,HARD_FPA,0.067,1.0,1.0
purged_pilot,HARD_FPA,0.068,1.0,1.0
purged_pilot,HARD_FPA,0.069,1.0,1.0
purged_pilot,HARD_FPA,0.07,1.0,1.0
purged_pilot,HARD_FPA,0.071,1.0,1.0
purged_pilot,HARD_FPA,0.072,1.0,1.0
purged_pilot,HARD_FPA,0.073,1.0,1.0
purged_pilot,HARD_FPA,0.074,1.0,1.0
purged_pilot,HARD_FPA,0.075,1.0,1.0
purged_pilot,HARD_FPA,0.076,1.0,1.0
purged_pilot,HARD_FPA,0.077,1.0,1.0
purged_pilot,HARD_FPA,0.078,1.0,1.0
purged_pilot,HARD_FPA,0.079,1.0,1.0
purged_pilot,HARD_FPA,0.08,1.0,1.0
purged_pilot,HARD_FPA,0.081,1.0,1.0
purged_pilot,HARD_FPA,0.082,1.0,1.0
purged_pilot,HARD_FPA,0.083,1.0,1.0
purged_pilot,HARD_FPA,0.084,1.0,1.0
purged_pilot,HARD_FPA,0.085,1.0,1.0
purged_pilot,HARD_FPA,0.086,1.0,1.0
purged_pilot,HARD_FPA,0.087,1.0,1.0
purged_pilot,HARD_FPA,0.088,1.0,1.0
purged_pilot,HARD_FPA,0.089,1.0,1.0
purged_pilot,HARD_FPA,0.09,1.0,1.0
purged_pilot,HARD_FPA,0.091,1.0,1.0
purged_pilot,HARD_FPA,0.092,1.0,1.0
purged_pilot,HARD_FPA,0.093,1.0,1.0
purged_pilot,HARD_FPA,0.094,1.0,1.0
purged_pilot,HARD_FPA,0.095,1.0,1.0
purged_pilot,HARD_FPA,0.096,1.0,1.0
purged_pilot,HARD_FPA,0.097,1.0,1.0
purged_pilot,HARD_FPA,0.098,1.0,1.0
purged_pilot,HARD_FPA,0.099,1.0,1.0
purged_pilot,HARD_FPA,0.1,1.0,1.0
purged_pilot,HARD_FPA,0.101,1.0,1.0
purged_pilot,HARD_FPA,0.102,1.0,1.0
purged_pilot,HARD_FPA,0.103,1.0,1.0
purged_pilot,HARD_FPA,0.104,1.0,1.0
purged_pilot,HARD_FPA,0.105,1.0,1.0
purged_pilot,HARD_FPA,0.106,1.0,1.0
purged_pilot,HARD_FPA,0.107,1.0,1.0
purged_pilot,HARD_FPA,0.108,1.0,1.0
purged_pilot,HARD_FPA,0.109,1.0,1.0
purged_pilot,HARD_FPA,0.11,1.0,1.0
purged_pilot,HARD_FPA,0.111,1.0,1.0
purged_pilot,HARD_FPA,0.112,1.0,1.0
purged_pilot,HARD_FPA,0.113,1.0,1.0
purged_pilot,HARD_FPA,0.114,1.0,1.0
purged_pilot,HARD_FPA,0.115,1.0,1.0
purged_pilot,HARD_FPA,0.116,1.0,1.0
purged_pilot,HARD_FPA,0.117,1.0,1.0
purged_pilot,HARD_FPA,0.118,1.0,1.0
purged_pilot,HARD_FPA,0.119,1.0,1.0
purged_pilot,HARD_FPA,0.12,1.0,1.0
purged_pilot,ORDINARY_SOFT,0.001,0.0,0.0
purged_pilot,ORDINARY_SOFT,0.002,0.0,0.0
purged_pilot,ORDINARY_SOFT,0.003,0.0,0.0
purged_pilot,ORDINARY_SOFT,0.004,0.0,0.0
purged_pilot,ORDINARY_SOFT,0.005,0.0,0.0
purged_pilot,ORDINARY_SOFT,0.006,0.0,0.0
purged_pilot,ORDINARY_SOFT,0.007,0.0,0.0
purged_pilot,ORDINARY_SOFT,0.008,0.0,0.0
purged_pilot,ORDINARY_SOFT,0.009,0.0,0.0
purged_pilot,ORDINARY_SOFT,0.01,0.0,0.0
purged_pilot,ORDINARY_SOFT,0.011,0.0,0.0
purged_pilot,ORDINARY_SOFT,0.012,0.0,0.0
purged_pilot,ORDINARY_SOFT,0.013,0.0,0.0
purged_pilot,ORDINARY_SOFT,0.014,0.0,0.0
purged_pilot,ORDINARY_SOFT,0.015,0.0,0.0
purged_pilot,ORDINARY_SOFT,0.016,0.0,0.0
purged_pilot,ORDINARY_SOFT,0.017,0.0,0.0
purged_pilot,ORDINARY_SOFT,0.018,0.0,0.0
purged_pilot,ORDINARY_SOFT,0.019,0.0,0.0
purged_pilot,ORDINARY_SOFT,0.02,0.0,0.0
purged_pilot,ORDINARY_SOFT,0.021,0.0,0.0
purged_pilot,ORDINARY_SOFT,0.022,0.0,0.0
purged_pilot,ORDINARY_SOFT,0.023,0.0,0.0
purged_pilot,ORDINARY_SOFT,0.024,0.0,0.0
purged_pilot,ORDINARY_SOFT,0.025,0.0,0.0
purged_pilot,ORDINARY_SOFT,0.026,0.0,0.0
purged_pilot,ORDINARY_SOFT,0.027,0.0,0.0
purged_pilot,ORDINARY_SOFT,0.028,0.0,0.0
purged_pilot,ORDINARY_SOFT,0.029,0.0,0.0
purged_pilot,ORDINARY_SOFT,0.03,0.0,0.0
purged_pilot,ORDINARY_SOFT,0.031,0.0,0.0
purged_pilot,ORDINARY_SOFT,0.032,0.0,0.0
purged_pilot,ORDINARY_SOFT,0.033,0.0,0.0
purged_pilot,ORDINARY_SOFT,0.034,0.0,0.0
purged_pilot,ORDINARY_SOFT,0.035,0.0,0.0
purged_pilot,ORDINARY_SOFT,0.036,0.0,0.0
purged_pilot,ORDINARY_SOFT,0.037,0.0,0.0
purged_pilot,ORDINARY_SOFT,0.038,0.0,0.0
purged_pilot,ORDINARY_SOFT,0.039,0.0,0.0
purged_pilot,ORDINARY_SOFT,0.04,0.0,0.0
purged_pilot,ORDINARY_SOFT,0.041,0.0,0.0
purged_pilot,ORDINARY_SOFT,0.042,0.0,0.0
purged_pilot,ORDINARY_SOFT,0.043,0.0,0.012078000383389853
purged_pilot,ORDINARY_SOFT,0.044,0.0,0.042859730751838354
purged_pilot,ORDINARY_SOFT,0.045,0.0,0.07357767229903295
purged_pilot,ORDINARY_SOFT,0.046,0.0,0.10418631269283019
purged_pilot,ORDINARY_SOFT,0.047,0.0,0.13464062646572228
purged_pilot,ORDINARY_SOFT,0.048,0.0,0.1648962735944562
purged_pilot,ORDINARY_SOFT,0.049,0.0,0.19490979300819905
purged_pilot,ORDINARY_SOFT,0.05,0.0,0.2246387896189488
purged_pilot,ORDINARY_SOFT,0.051,0.0,0.2540421135346751
purged_pilot,ORDINARY_SOFT,0.052,0.0,0.283080030195898
purged_pilot,ORDINARY_SOFT,0.053,0.0,0.31171438026896925
purged_pilot,ORDINARY_SOFT,0.054,0.0,0.3399087282330302
purged_pilot,ORDINARY_SOFT,0.055,0.0,0.3676284987111178
purged_pilot,ORDINARY_SOFT,0.056,0.0,0.39484109971771136
purged_pilot,ORDINARY_SOFT,0.057,0.0,0.42151603212361
purged_pilot,ORDINARY_SOFT,0.058,0.0,0.44762498477279045
purged_pilot,ORDINARY_SOFT,0.059,0.028925233893631497,0.4731419148231138
purged_pilot,ORDINARY_SOFT,0.06,0.059677722783768594,0.4980431130218135
purged_pilot,ORDINARY_SOFT,0.061,0.09034147274830384,0.5223072537658493
purged_pilot,ORDINARY_SOFT,0.062,0.12087121298784709,0.5459154299349029
purged_pilot,ORDINARY_SOFT,0.063,0.15122226876133732,0.5688511726193402
purged_pilot,ORDINARY_SOFT,0.064,0.18135075736855755,0.5911004559954594
purged_pilot,ORDINARY_SOFT,0.065,0.21121377828431015,0.6126516877242976
purged_pilot,ORDINARY_SOFT,0.066,0.24076959607276827,0.6334956853669325
purged_pilot,ORDINARY_SOFT,0.067,0.2699778147847929,0.6536256394174225
purged_pilot,ORDINARY_SOFT,0.068,0.2987995426281025,0.6730370636532546
purged_pilot,ORDINARY_SOFT,0.069,0.3271975457990118,0.6917277335915555
purged_pilot,ORDINARY_SOFT,0.07,0.3551363904736866,0.7096976139166824
purged_pilot,ORDINARY_SOFT,0.071,0.3825825720751079,0.7269487758106223
purged_pilot,ORDINARY_SOFT,0.072,0.40950463105766843,0.743485305171506
purged_pilot,ORDINARY_SOFT,0.073,0.4358732545829303,0.759313202747335
purged_pilot,ORDINARY_SOFT,0.074,0.4616613635959641,0.7744402772416898
purged_pilot,ORDINARY_SOFT,0.075,0.486844184950098,0.788876032465865
purged_pilot,ORDINARY_SOFT,0.076,0.5113993083672428,0.8026315496178649
purged_pilot,ORDINARY_SOFT,0.077,0.5353067281594961,0.8157193657634192
purged_pilot,ORDINARY_SOFT,0.078,0.5585488697739092,0.8281533495782045
purged_pilot,ORDINARY_SOFT,0.079,0.5811106013545249,0.83994857538444
purged_pilot,ORDINARY_SOFT,0.08,0.6029792306426582,0.8511211964797767
purged_pilot,ORDINARY_SOFT,0.081,0.6241444876565019,0.8616883187127282
purged_pilot,ORDINARY_SOFT,0.082,0.6445984937033231,0.8716678752077744
purged_pilot,ORDINARY_SOFT,0.083,0.6643357173806366,0.8810785030856274
purged_pilot,ORDINARY_SOFT,0.084,0.6833529183159173,0.8899394229610551
purged_pilot,ORDINARY_SOFT,0.085,0.7016490794768366,0.8982703219330768
purged_pilot,ORDINARY_SOFT,0.086,0.7192253289551096,0.9060912407113466
purged_pilot,ORDINARY_SOFT,0.087,0.7360848521863506,0.9134224654491356
purged_pilot,ORDINARY_SOFT,0.088,0.752232795615611,0.9202844247784749
purged_pilot,ORDINARY_SOFT,0.089,0.7676761628534359,0.9266975924677123
purged_pilot,ORDINARY_SOFT,0.09,0.7824237043903426,0.932682396046842
purged_pilot,ORDINARY_SOFT,0.091,0.796485801948867,0.9382591316723221
purged_pilot,ORDINARY_SOFT,0.092,0.809874348552095,0.9434478854314885
purged_pilot,ORDINARY_SOFT,0.093,0.8226026253763763,0.9482684612177716
purged_pilot,ORDINARY_SOFT,0.094,0.8346851764343692,0.9527403152423544
purged_pilot,ORDINARY_SOFT,0.095,0.8461376821033957,0.9568824971861871
purged_pilot,ORDINARY_SOFT,0.096,0.8569768324741065,0.9607135979388561
purged_pilot,ORDINARY_SOFT,0.097,0.8672202014466059,0.9642517038180229
purged_pilot,ORDINARY_SOFT,0.098,0.8768861224463684,0.9675143571152911
purged_pilot,ORDINARY_SOFT,0.099,0.8859935665715293,0.9705185227715996
purged_pilot,ORDINARY_SOFT,0.1,0.8945620239174521,0.9732805609477007
purged_pilot,ORDINARY_SOFT,0.101,0.9026113887549052,0.9758162052229602
purged_pilot,ORDINARY_SOFT,0.102,0.9101618491657304,0.9781405461286261
purged_pilot,ORDINARY_SOFT,0.103,0.9172337816655787,0.980268019699698
purged_pilot,ORDINARY_SOFT,0.104,0.9238476512680707,0.9822124007124655
purged_pilot,ORDINARY_SOFT,0.105,0.9300239173695486,0.983986800262455
purged_pilot,ORDINARY_SOFT,0.106,0.9357829457592794,0.9856036673296578
purged_pilot,ORDINARY_SOFT,0.107,0.9411449269873484,0.987074793974251
purged_pilot,ORDINARY_SOFT,0.108,0.9461298012522743,0.9884113238062167
purged_pilot,ORDINARY_SOFT,0.109,0.9507571899032274,0.9896237633759932
purged_pilot,ORDINARY_SOFT,0.11,0.9550463335882169,0.990721996140203
purged_pilot,ORDINARY_SOFT,0.111,0.9590160370201808,0.9917152986662008
purged_pilot,ORDINARY_SOFT,0.112,0.9626846202780104,0.99261235875135
purged_pilot,ORDINARY_SOFT,0.113,0.9660698765094109,0.9934212951471673
purged_pilot,ORDINARY_SOFT,0.114,0.9691890358574238,0.9941496785944242
purged_pilot,ORDINARY_SOFT,0.115,0.9720587353925183,0.9948045538926316
purged_pilot,ORDINARY_SOFT,0.116,0.9746949947974772,0.9953924627457089
purged_pilot,ORDINARY_SOFT,0.117,0.9771131975228544,0.9959194671447553
purged_pilot,ORDINARY_SOFT,0.118,0.9793280771064821,0.996391173068401
purged_pilot,ORDINARY_SOFT,0.119,0.9813537083312214,0.9968127543009659
purged_pilot,ORDINARY_SOFT,0.12,0.983203502880712,0.9971889761883337
purged_pilot,ZERO,0.001,0.0,0.0
purged_pilot,ZERO,0.002,0.0,0.0
purged_pilot,ZERO,0.003,0.0,0.0
purged_pilot,ZERO,0.004,0.0,0.0
purged_pilot,ZERO,0.005,0.0,0.0
purged_pilot,ZERO,0.006,0.0,0.0
purged_pilot,ZERO,0.007,0.0,0.0
purged_pilot,ZERO,0.008,0.0,0.0
purged_pilot,ZERO,0.009,0.0,0.0
purged_pilot,ZERO,0.01,0.0,0.0
purged_pilot,ZERO,0.011,0.0,0.0
purged_pilot,ZERO,0.012,0.0,0.0
purged_pilot,ZERO,0.013,0.0,0.0
purged_pilot,ZERO,0.014,0.0,0.0
purged_pilot,ZERO,0.015,0.0,0.0
purged_pilot,ZERO,0.016,0.0,0.0
purged_pilot,ZERO,0.017,0.0,0.0
purged_pilot,ZERO,0.018,0.0,0.0
purged_pilot,ZERO,0.019,0.0,0.0
purged_pilot,ZERO,0.02,0.0,0.0
purged_pilot,ZERO,0.021,0.0,0.0
purged_pilot,ZERO,0.022,0.0,0.0
purged_pilot,ZERO,0.023,0.0,0.0
purged_pilot,ZERO,0.024,0.0,0.0
purged_pilot,ZERO,0.025,0.0,0.0
purged_pilot,ZERO,0.026,0.0,0.0
purged_pilot,ZERO,0.027,0.0,0.0
purged_pilot,ZERO,0.028,0.0,0.0
purged_pilot,ZERO,0.029,0.0,0.0
purged_pilot,ZERO,0.03,0.0,0.0
purged_pilot,ZERO,0.031,0.0,0.0
purged_pilot,ZERO,0.032,0.0,0.0
purged_pilot,ZERO,0.033,0.0,0.0
purged_pilot,ZERO,0.034,0.0,0.0
purged_pilot,ZERO,0.035,0.0,0.0
purged_pilot,ZERO,0.036,0.0,0.0
purged_pilot,ZERO,0.037,0.0,0.0
purged_pilot,ZERO,0.038,0.0,0.0
purged_pilot,ZERO,0.039,0.0,0.0
purged_pilot,ZERO,0.04,0.0,0.0
purged_pilot,ZERO,0.041,0.0,0.0
purged_pilot,ZERO,0.042,0.0,0.0
purged_pilot,ZERO,0.043,0.0,0.0
purged_pilot,ZERO,0.044,0.0,0.0
purged_pilot,ZERO,0.045,0.0,0.0
purged_pilot,ZERO,0.046,0.0,0.0
purged_pilot,ZERO,0.047,0.0,0.0
purged_pilot,ZERO,0.048,0.0,0.0
purged_pilot,ZERO,0.049,0.0,0.0
purged_pilot,ZERO,0.05,0.0,0.00828040386035439
purged_pilot,ZERO,0.051,0.0,0.03468329990028535
purged_pilot,ZERO,0.052,0.0,0.061048220275388754
purged_pilot,ZERO,0.053,0.0,0.08734638583986315
purged_pilot,ZERO,0.054,0.0,0.11354923635226921
purged_pilot,ZERO,0.055,0.0,0.13962852348778565
purged_pilot,ZERO,0.056,0.0,0.16555640214986206
purged_pilot,ZERO,0.057,0.0,0.1913055195895939
purged_pilot,ZERO,0.058,0.0,0.21684910185783024
purged_pilot,ZERO,0.059,0.0,0.2421610371352459
purged_pilot,ZERO,0.06,0.0,0.26721595550917243
purged_pilot,ZERO,0.061,0.0,0.29198930479266716
purged_pilot,ZERO,0.062,0.0,0.3164574220108374
purged_pilot,ZERO,0.063,0.0,0.3405976002115514
purged_pilot,ZERO,0.064,0.0,0.36438815029204946
purged_pilot,ZERO,0.065,0.0,0.38780845756930415
purged_pilot,ZERO,0.066,0.0,0.4108390328598976
purged_pilot,ZERO,0.067,0.0,0.4334615578743819
purged_pilot,ZERO,0.068,0.007749305336318957,0.4556589247711629
purged_pilot,ZERO,0.069,0.03415266880501977,0.4774152697555587
purged_pilot,ZERO,0.07,0.060518636894981104,0.4987160006504705
purged_pilot,ZERO,0.071,0.08681842702175163,0.5195478184057025
purged_pilot,ZERO,0.072,0.11302347362098031,0.5398987325530258
purged_pilot,ZERO,0.073,0.13910552118972924,0.559758070653279
purged_pilot,ZERO,0.074,0.16503671563721545,0.5791164818197965
purged_pilot,ZERO,0.075,0.19078969345301044,0.5979659344389656
purged_pilot,ZERO,0.076,0.21633766821733363,0.616299708243432
purged_pilot,ZERO,0.077,0.241654513998236,0.6341123809261897
purged_pilot,ZERO,0.078,0.2667148452039587,0.6513998095141988
purged_pilot,ZERO,0.079,0.29149409248538255,0.668159106748158
purged_pilot,ZERO,0.08,0.3159685743129636,0.6843886127403693
purged_pilot,ZERO,0.081,0.3401155638846183,0.7000878622051683
purged_pilot,ZERO,0.082,0.36391335105536404,0.715257547576041
purged_pilot,ZERO,0.083,0.3873412990158047,0.7298994783401889
purged_pilot,ZERO,0.084,0.41037989548446685,0.7440165369349576
purged_pilot,ZERO,0.085,0.4330107982181468,0.7576126315611074
purged_pilot,ZERO,0.086,0.4552168746844951,0.770692646275474
purged_pilot,ZERO,0.087,0.47698223578167953,0.783262388730106
purged_pilot,ZERO,0.088,0.4982922635307321,0.7953285359266076
purged_pilot,ZERO,0.089,0.5191336327068132,0.8068985783532034
purged_pilot,ZERO,0.09,0.5394943264156895,0.817980762868129
purged_pilot,ZERO,0.091,0.5593636456609357,0.8285840346864637
purged_pilot,ZERO,0.092,0.5787322129854051,0.8387179788185957
purged_pilot,ZERO,0.093,0.5975919703070529,0.8483927612973834
purged_pilot,ZERO,0.094,0.6159361711039504,0.857619070517857
purged_pilot,ZERO,0.095,0.6337593671360873,0.8664080589982652
purged_pilot,ZERO,0.096,0.6510573899220278,0.8747712858545822
purged_pilot,ZERO,0.097,0.6678273272164978,0.8827206602624791
purged_pilot,ZERO,0.098,0.6840674947603693,0.8902683861614522
purged_pilot,ZERO,0.099,0.6997774035970843,0.8974269084355149
purged_pilot,ZERO,0.1,0.7149577232692699,0.9042088607838088
purged_pilot,ZERO,0.101,0.729610241226015,0.9106270154728997
purged_pilot,ZERO,0.102,0.7437378187849635,0.916694235140606
purged_pilot,ZERO,0.103,0.7573443440040304,0.9224234267991633
purged_pilot,ZERO,0.104,0.7704346818251617,0.927827498163549
purged_pilot,ZERO,0.105,0.7830146218571656,0.9329193164090688
purged_pilot,ZERO,0.106,0.7950908241663353,0.937711669441003
purged_pilot,ZERO,0.107,0.8066707634424324,0.9422172297383926
purged_pilot,ZERO,0.108,0.817762671903747,0.9464485208140454
purged_pilot,ZERO,0.109,0.8283754812984894,0.9504178863137005
purged_pilot,ZERO,0.11,0.8385187643509235,0.9541374617591085
purged_pilot,ZERO,0.111,0.8482026759895389,0.9576191489226642
purged_pilot,ZERO,0.112,0.8574378946813905,0.9608745928052556
purged_pilot,ZERO,0.113,0.8662355641817414,0.9639151611742225
purged_pilot,ZERO,0.114,0.8746072359914587,0.9667519266047999
purged_pilot,ZERO,0.115,0.8825648127965529,0.9693956509562038
purged_pilot,ZERO,0.116,0.890120493144952,0.9718567722026017
purged_pilot,ZERO,0.117,0.8972867175953283,0.9741453935296085
purged_pilot,ZERO,0.118,0.9040761165517668,0.9762712745986681
purged_pilot,ZERO,0.119,0.910501459976476,0.9782438248746725
purged_pilot,ZERO,0.12,0.9165756091508359,0.9800720989064402
historical_p2c,DIRECT_HUBER,0.001,0.0,0.0
historical_p2c,DIRECT_HUBER,0.002,0.0,0.0
historical_p2c,DIRECT_HUBER,0.003,0.0,0.0
historical_p2c,DIRECT_HUBER,0.004,0.0,0.0
historical_p2c,DIRECT_HUBER,0.005,0.0,0.0
historical_p2c,DIRECT_HUBER,0.006,0.0,0.0
historical_p2c,DIRECT_HUBER,0.007,0.0,0.0
historical_p2c,DIRECT_HUBER,0.008,0.0,0.0
historical_p2c,DIRECT_HUBER,0.009,0.0,0.0
historical_p2c,DIRECT_HUBER,0.01,0.0,0.0
historical_p2c,DIRECT_HUBER,0.011,0.0,0.0
historical_p2c,DIRECT_HUBER,0.012,0.0,0.0
historical_p2c,DIRECT_HUBER,0.013,0.0,0.0
historical_p2c,DIRECT_HUBER,0.014,0.0,0.0
historical_p2c,DIRECT_HUBER,0.015,0.0,0.004473571295534162
historical_p2c,DIRECT_HUBER,0.016,0.0,0.09206017109253734
historical_p2c,DIRECT_HUBER,0.017,0.0,0.17854051682197092
historical_p2c,DIRECT_HUBER,0.018,0.0,0.26290207124378684
historical_p2c,DIRECT_HUBER,0.019,0.0,0.3442074234062398
historical_p2c,DIRECT_HUBER,0.02,0.0,0.4216252727761496
historical_p2c,DIRECT_HUBER,0.021,0.055202926235971006,0.4944553005009906
historical_p2c,DIRECT_HUBER,0.022,0.14227633487017322,0.5621457273471022
historical_p2c,DIRECT_HUBER,0.023,0.2276507053880763,0.6243029261913735
historical_p2c,DIRECT_HUBER,0.024,0.31035287232884134,0.6806930463505507
historical_p2c,DIRECT_HUBER,0.025,0.3895033734814879,0.7312361618741501
historical_p2c,DIRECT_HUBER,0.026,0.4643440758051489,0.7759939277176633
historical_p2c,DIRECT_HUBER,0.027,0.534258928139077,0.8151520801577261
historical_p2c,DIRECT_HUBER,0.028,0.5987869630482137,0.8489993299421434
historical_p2c,DIRECT_HUBER,0.029,0.6576272576558988,0.8779042638022827
historical_p2c,DIRECT_HUBER,0.03,0.7106361391899303,0.9022918025488975
historical_p2c,DIRECT_HUBER,0.031,0.7578174330027885,0.9226205847357061
historical_p2c,DIRECT_HUBER,0.032,0.7993069570838118,0.9393623847359156
historical_p2c,DIRECT_HUBER,0.033,0.8353527398850691,0.9529843676656538
historical_p2c,DIRECT_HUBER,0.034,0.8662925661075944,0.9639346649050871
historical_p2c,DIRECT_HUBER,0.035,0.8925304422753997,0.9726314527744284
historical_p2c,DIRECT_HUBER,0.036,0.9145134384451528,0.9794554562147433
historical_p2c,DIRECT_HUBER,0.037,0.9327101322613041,0.9847455940391794
historical_p2c,DIRECT_HUBER,0.038,0.9475915903918111,0.9887973392242706
historical_p2c,DIRECT_HUBER,0.039,0.959615504926487,0.9918632862647205
historical_p2c,DIRECT_HUBER,0.04,0.969213790513527,0.994155391522936
historical_p2c,DIRECT_HUBER,0.041,0.9767836679290629,0.99584837160546
historical_p2c,DIRECT_HUBER,0.042,0.9826820298337915,0.9970837969906015
historical_p2c,DIRECT_HUBER,0.043,0.987222714825357,0.997974491082624
historical_p2c,DIRECT_HUBER,0.044,0.9906762089295362,0.9986089273467333
historical_p2c,DIRECT_HUBER,0.045,0.9932712453009778,0.9990553999360954
historical_p2c,DIRECT_HUBER,0.046,0.9951977743547937,0.9993658194219681
historical_p2c,DIRECT_HUBER,0.047,0.9966108163146361,0.9995790505082864
historical_p2c,DIRECT_HUBER,0.048,0.9976347738189972,0.9997237608040654
historical_p2c,DIRECT_HUBER,0.049,0.9983678619457825,0.9998207884976547
historical_p2c,DIRECT_HUBER,0.05,0.9988863966328134,0.9998850630924578
historical_p2c,DIRECT_HUBER,0.051,0.9992487621093242,0.9999271290081269
historical_p2c,DIRECT_HUBER,0.052,0.9994989482147598,0.9999543289955686
historical_p2c,DIRECT_HUBER,0.053,0.9996696063230506,0.9999717051798864
historical_p2c,DIRECT_HUBER,0.054,0.9997846169667177,0.9999826721706473
historical_p2c,DIRECT_HUBER,0.055,0.9998611936415971,0.9999895107814702
historical_p2c,DIRECT_HUBER,0.056,0.9999115671658174,0.9999937238220935
historical_p2c,DIRECT_HUBER,0.057,0.9999443054207209,0.9999962881333984
historical_p2c,DIRECT_HUBER,0.058,0.9999653265513713,0.9999978301646903
historical_p2c,DIRECT_HUBER,0.059,0.9999786618875923,0.9999987463070479
historical_p2c,DIRECT_HUBER,0.06,0.9999870198270027,0.9999992840566188
historical_p2c,DIRECT_HUBER,0.061,0.9999921952018891,0.9999995959057308
historical_p2c,DIRECT_HUBER,0.062,0.999995361353839,0.9999997745776397
historical_p2c,DIRECT_HUBER,0.063,0.9999972750325887,0.9999998757158737
historical_p2c,DIRECT_HUBER,0.064,0.9999984177889636,0.9999999322774851
historical_p2c,DIRECT_HUBER,0.065,0.9999990919840849,0.9999999635293184
historical_p2c,DIRECT_HUBER,0.066,0.9999994849590552,0.9999999805892203
historical_p2c,DIRECT_HUBER,0.067,0.9999997112626755,0.9999999897900052
historical_p2c,DIRECT_HUBER,0.068,0.9999998400180712,0.9999999946925382
historical_p2c,DIRECT_HUBER,0.069,0.9999999123927577,0.9999999972733924
historical_p2c,DIRECT_HUBER,0.07,0.9999999525862062,0.9999999986157051
historical_p2c,DIRECT_HUBER,0.071,0.9999999746393831,0.9999999993054545
historical_p2c,DIRECT_HUBER,0.072,0.9999999865939639,0.9999999996556221
historical_p2c,DIRECT_HUBER,0.073,0.9999999929963943,0.9999999998312561
historical_p2c,DIRECT_HUBER,0.074,0.9999999963840764,0.9999999999182898
historical_p2c,DIRECT_HUBER,0.075,0.9999999981550325,0.9999999999608999
historical_p2c,DIRECT_HUBER,0.076,0.9999999990696935,0.9999999999815106
historical_p2c,DIRECT_HUBER,0.077,0.9999999995364173,0.9999999999913598
historical_p2c,DIRECT_HUBER,0.078,0.9999999997717091,0.9999999999960101
historical_p2c,DIRECT_HUBER,0.079,0.9999999998889018,0.9999999999981792
historical_p2c,DIRECT_HUBER,0.08,0.999999999946571,0.9999999999991791
historical_p2c,DIRECT_HUBER,0.081,0.9999999999746079,0.9999999999996341
historical_p2c,DIRECT_HUBER,0.082,0.9999999999880747,0.999999999999839
historical_p2c,DIRECT_HUBER,0.083,0.9999999999944655,0.9999999999999298
historical_p2c,DIRECT_HUBER,0.084,0.9999999999974618,0.9999999999999698
historical_p2c,DIRECT_HUBER,0.085,0.9999999999988496,0.9999999999999871
historical_p2c,DIRECT_HUBER,0.086,0.9999999999994849,0.9999999999999947
historical_p2c,DIRECT_HUBER,0.087,0.999999999999772,0.9999999999999978
historical_p2c,DIRECT_HUBER,0.088,0.9999999999999003,0.9999999999999991
historical_p2c,DIRECT_HUBER,0.089,0.9999999999999569,0.9999999999999996
historical_p2c,DIRECT_HUBER,0.09,0.9999999999999816,0.9999999999999998
historical_p2c,DIRECT_HUBER,0.091,0.9999999999999922,1.0
historical_p2c,DIRECT_HUBER,0.092,0.9999999999999967,1.0
historical_p2c,DIRECT_HUBER,0.093,0.9999999999999987,1.0
historical_p2c,DIRECT_HUBER,0.094,0.9999999999999996,1.0
historical_p2c,DIRECT_HUBER,0.095,0.9999999999999998,1.0
historical_p2c,DIRECT_HUBER,0.096,1.0,1.0
historical_p2c,DIRECT_HUBER,0.097,1.0,1.0
historical_p2c,DIRECT_HUBER,0.098,1.0,1.0
historical_p2c,DIRECT_HUBER,0.099,1.0,1.0
historical_p2c,DIRECT_HUBER,0.1,1.0,1.0
historical_p2c,DIRECT_HUBER,0.101,1.0,1.0
historical_p2c,DIRECT_HUBER,0.102,1.0,1.0
historical_p2c,DIRECT_HUBER,0.103,1.0,1.0
historical_p2c,DIRECT_HUBER,0.104,1.0,1.0
historical_p2c,DIRECT_HUBER,0.105,1.0,1.0
historical_p2c,DIRECT_HUBER,0.106,1.0,1.0
historical_p2c,DIRECT_HUBER,0.107,1.0,1.0
historical_p2c,DIRECT_HUBER,0.108,1.0,1.0
historical_p2c,DIRECT_HUBER,0.109,1.0,1.0
historical_p2c,DIRECT_HUBER,0.11,1.0,1.0
historical_p2c,DIRECT_HUBER,0.111,1.0,1.0
historical_p2c,DIRECT_HUBER,0.112,1.0,1.0
historical_p2c,DIRECT_HUBER,0.113,1.0,1.0
historical_p2c,DIRECT_HUBER,0.114,1.0,1.0
historical_p2c,DIRECT_HUBER,0.115,1.0,1.0
historical_p2c,DIRECT_HUBER,0.116,1.0,1.0
historical_p2c,DIRECT_HUBER,0.117,1.0,1.0
historical_p2c,DIRECT_HUBER,0.118,1.0,1.0
historical_p2c,DIRECT_HUBER,0.119,1.0,1.0
historical_p2c,DIRECT_HUBER,0.12,1.0,1.0
historical_p2c,HARD_FPA,0.001,0.857820860783423,0.9610081943169282
historical_p2c,HARD_FPA,0.002,0.999999774337996,0.9999999922312437
historical_p2c,HARD_FPA,0.003,1.0,1.0
historical_p2c,HARD_FPA,0.004,1.0,1.0
historical_p2c,HARD_FPA,0.005,1.0,1.0
historical_p2c,HARD_FPA,0.006,1.0,1.0
historical_p2c,HARD_FPA,0.007,1.0,1.0
historical_p2c,HARD_FPA,0.008,1.0,1.0
historical_p2c,HARD_FPA,0.009,1.0,1.0
historical_p2c,HARD_FPA,0.01,1.0,1.0
historical_p2c,HARD_FPA,0.011,1.0,1.0
historical_p2c,HARD_FPA,0.012,1.0,1.0
historical_p2c,HARD_FPA,0.013,1.0,1.0
historical_p2c,HARD_FPA,0.014,1.0,1.0
historical_p2c,HARD_FPA,0.015,1.0,1.0
historical_p2c,HARD_FPA,0.016,1.0,1.0
historical_p2c,HARD_FPA,0.017,1.0,1.0
historical_p2c,HARD_FPA,0.018,1.0,1.0
historical_p2c,HARD_FPA,0.019,1.0,1.0
historical_p2c,HARD_FPA,0.02,1.0,1.0
historical_p2c,HARD_FPA,0.021,1.0,1.0
historical_p2c,HARD_FPA,0.022,1.0,1.0
historical_p2c,HARD_FPA,0.023,1.0,1.0
historical_p2c,HARD_FPA,0.024,1.0,1.0
historical_p2c,HARD_FPA,0.025,1.0,1.0
historical_p2c,HARD_FPA,0.026,1.0,1.0
historical_p2c,HARD_FPA,0.027,1.0,1.0
historical_p2c,HARD_FPA,0.028,1.0,1.0
historical_p2c,HARD_FPA,0.029,1.0,1.0
historical_p2c,HARD_FPA,0.03,1.0,1.0
historical_p2c,HARD_FPA,0.031,1.0,1.0
historical_p2c,HARD_FPA,0.032,1.0,1.0
historical_p2c,HARD_FPA,0.033,1.0,1.0
historical_p2c,HARD_FPA,0.034,1.0,1.0
historical_p2c,HARD_FPA,0.035,1.0,1.0
historical_p2c,HARD_FPA,0.036,1.0,1.0
historical_p2c,HARD_FPA,0.037,1.0,1.0
historical_p2c,HARD_FPA,0.038,1.0,1.0
historical_p2c,HARD_FPA,0.039,1.0,1.0
historical_p2c,HARD_FPA,0.04,1.0,1.0
historical_p2c,HARD_FPA,0.041,1.0,1.0
historical_p2c,HARD_FPA,0.042,1.0,1.0
historical_p2c,HARD_FPA,0.043,1.0,1.0
historical_p2c,HARD_FPA,0.044,1.0,1.0
historical_p2c,HARD_FPA,0.045,1.0,1.0
historical_p2c,HARD_FPA,0.046,1.0,1.0
historical_p2c,HARD_FPA,0.047,1.0,1.0
historical_p2c,HARD_FPA,0.048,1.0,1.0
historical_p2c,HARD_FPA,0.049,1.0,1.0
historical_p2c,HARD_FPA,0.05,1.0,1.0
historical_p2c,HARD_FPA,0.051,1.0,1.0
historical_p2c,HARD_FPA,0.052,1.0,1.0
historical_p2c,HARD_FPA,0.053,1.0,1.0
historical_p2c,HARD_FPA,0.054,1.0,1.0
historical_p2c,HARD_FPA,0.055,1.0,1.0
historical_p2c,HARD_FPA,0.056,1.0,1.0
historical_p2c,HARD_FPA,0.057,1.0,1.0
historical_p2c,HARD_FPA,0.058,1.0,1.0
historical_p2c,HARD_FPA,0.059,1.0,1.0
historical_p2c,HARD_FPA,0.06,1.0,1.0
historical_p2c,HARD_FPA,0.061,1.0,1.0
historical_p2c,HARD_FPA,0.062,1.0,1.0
historical_p2c,HARD_FPA,0.063,1.0,1.0
historical_p2c,HARD_FPA,0.064,1.0,1.0
historical_p2c,HARD_FPA,0.065,1.0,1.0
historical_p2c,HARD_FPA,0.066,1.0,1.0
historical_p2c,HARD_FPA,0.067,1.0,1.0
historical_p2c,HARD_FPA,0.068,1.0,1.0
historical_p2c,HARD_FPA,0.069,1.0,1.0
historical_p2c,HARD_FPA,0.07,1.0,1.0
historical_p2c,HARD_FPA,0.071,1.0,1.0
historical_p2c,HARD_FPA,0.072,1.0,1.0
historical_p2c,HARD_FPA,0.073,1.0,1.0
historical_p2c,HARD_FPA,0.074,1.0,1.0
historical_p2c,HARD_FPA,0.075,1.0,1.0
historical_p2c,HARD_FPA,0.076,1.0,1.0
historical_p2c,HARD_FPA,0.077,1.0,1.0
historical_p2c,HARD_FPA,0.078,1.0,1.0
historical_p2c,HARD_FPA,0.079,1.0,1.0
historical_p2c,HARD_FPA,0.08,1.0,1.0
historical_p2c,HARD_FPA,0.081,1.0,1.0
historical_p2c,HARD_FPA,0.082,1.0,1.0
historical_p2c,HARD_FPA,0.083,1.0,1.0
historical_p2c,HARD_FPA,0.084,1.0,1.0
historical_p2c,HARD_FPA,0.085,1.0,1.0
historical_p2c,HARD_FPA,0.086,1.0,1.0
historical_p2c,HARD_FPA,0.087,1.0,1.0
historical_p2c,HARD_FPA,0.088,1.0,1.0
historical_p2c,HARD_FPA,0.089,1.0,1.0
historical_p2c,HARD_FPA,0.09,1.0,1.0
historical_p2c,HARD_FPA,0.091,1.0,1.0
historical_p2c,HARD_FPA,0.092,1.0,1.0
historical_p2c,HARD_FPA,0.093,1.0,1.0
historical_p2c,HARD_FPA,0.094,1.0,1.0
historical_p2c,HARD_FPA,0.095,1.0,1.0
historical_p2c,HARD_FPA,0.096,1.0,1.0
historical_p2c,HARD_FPA,0.097,1.0,1.0
historical_p2c,HARD_FPA,0.098,1.0,1.0
historical_p2c,HARD_FPA,0.099,1.0,1.0
historical_p2c,HARD_FPA,0.1,1.0,1.0
historical_p2c,HARD_FPA,0.101,1.0,1.0
historical_p2c,HARD_FPA,0.102,1.0,1.0
historical_p2c,HARD_FPA,0.103,1.0,1.0
historical_p2c,HARD_FPA,0.104,1.0,1.0
historical_p2c,HARD_FPA,0.105,1.0,1.0
historical_p2c,HARD_FPA,0.106,1.0,1.0
historical_p2c,HARD_FPA,0.107,1.0,1.0
historical_p2c,HARD_FPA,0.108,1.0,1.0
historical_p2c,HARD_FPA,0.109,1.0,1.0
historical_p2c,HARD_FPA,0.11,1.0,1.0
historical_p2c,HARD_FPA,0.111,1.0,1.0
historical_p2c,HARD_FPA,0.112,1.0,1.0
historical_p2c,HARD_FPA,0.113,1.0,1.0
historical_p2c,HARD_FPA,0.114,1.0,1.0
historical_p2c,HARD_FPA,0.115,1.0,1.0
historical_p2c,HARD_FPA,0.116,1.0,1.0
historical_p2c,HARD_FPA,0.117,1.0,1.0
historical_p2c,HARD_FPA,0.118,1.0,1.0
historical_p2c,HARD_FPA,0.119,1.0,1.0
historical_p2c,HARD_FPA,0.12,1.0,1.0
historical_p2c,ORDINARY_SOFT,0.001,0.0,0.0
historical_p2c,ORDINARY_SOFT,0.002,0.0,0.0
historical_p2c,ORDINARY_SOFT,0.003,0.0,0.0
historical_p2c,ORDINARY_SOFT,0.004,0.0,0.13869129681803294
historical_p2c,ORDINARY_SOFT,0.005,0.02636521121582125,0.4710430274390975
historical_p2c,ORDINARY_SOFT,0.006,0.37440796721909986,0.7218521956690491
historical_p2c,ORDINARY_SOFT,0.007,0.6542326278490513,0.8762884615051136
historical_p2c,ORDINARY_SOFT,0.008,0.8378032813088845,0.9538775084887363
historical_p2c,ORDINARY_SOFT,0.009,0.9360620110492359,0.98568106185169
historical_p2c,ORDINARY_SOFT,0.01,0.9789731793631642,0.9963163260795598
historical_p2c,ORDINARY_SOFT,0.011,0.9942620646579372,0.9992175856125887
historical_p2c,ORDINARY_SOFT,0.012,0.9987058938876461,0.999863171886509
historical_p2c,ORDINARY_SOFT,0.013,0.9997595042772718,0.9999803404975738
historical_p2c,ORDINARY_SOFT,0.014,0.9999632576877291,0.999997683097323
historical_p2c,ORDINARY_SOFT,0.015,0.9999953935135719,0.9999997763280548
historical_p2c,ORDINARY_SOFT,0.016,0.9999995267340331,0.9999999823303685
historical_p2c,ORDINARY_SOFT,0.017,0.9999999601998497,0.9999999988587365
historical_p2c,ORDINARY_SOFT,0.018,0.9999999972627542,0.999999999939774
historical_p2c,ORDINARY_SOFT,0.019,0.9999999998461595,0.9999999999974047
historical_p2c,ORDINARY_SOFT,0.02,0.9999999999929385,0.9999999999999087
historical_p2c,ORDINARY_SOFT,0.021,0.9999999999997353,0.9999999999999973
historical_p2c,ORDINARY_SOFT,0.022,0.999999999999992,1.0
historical_p2c,ORDINARY_SOFT,0.023,0.9999999999999998,1.0
historical_p2c,ORDINARY_SOFT,0.024,1.0,1.0
historical_p2c,ORDINARY_SOFT,0.025,1.0,1.0
historical_p2c,ORDINARY_SOFT,0.026,1.0,1.0
historical_p2c,ORDINARY_SOFT,0.027,1.0,1.0
historical_p2c,ORDINARY_SOFT,0.028,1.0,1.0
historical_p2c,ORDINARY_SOFT,0.029,1.0,1.0
historical_p2c,ORDINARY_SOFT,0.03,1.0,1.0
historical_p2c,ORDINARY_SOFT,0.031,1.0,1.0
historical_p2c,ORDINARY_SOFT,0.032,1.0,1.0
historical_p2c,ORDINARY_SOFT,0.033,1.0,1.0
historical_p2c,ORDINARY_SOFT,0.034,1.0,1.0
historical_p2c,ORDINARY_SOFT,0.035,1.0,1.0
historical_p2c,ORDINARY_SOFT,0.036,1.0,1.0
historical_p2c,ORDINARY_SOFT,0.037,1.0,1.0
historical_p2c,ORDINARY_SOFT,0.038,1.0,1.0
historical_p2c,ORDINARY_SOFT,0.039,1.0,1.0
historical_p2c,ORDINARY_SOFT,0.04,1.0,1.0
historical_p2c,ORDINARY_SOFT,0.041,1.0,1.0
historical_p2c,ORDINARY_SOFT,0.042,1.0,1.0
historical_p2c,ORDINARY_SOFT,0.043,1.0,1.0
historical_p2c,ORDINARY_SOFT,0.044,1.0,1.0
historical_p2c,ORDINARY_SOFT,0.045,1.0,1.0
historical_p2c,ORDINARY_SOFT,0.046,1.0,1.0
historical_p2c,ORDINARY_SOFT,0.047,1.0,1.0
historical_p2c,ORDINARY_SOFT,0.048,1.0,1.0
historical_p2c,ORDINARY_SOFT,0.049,1.0,1.0
historical_p2c,ORDINARY_SOFT,0.05,1.0,1.0
historical_p2c,ORDINARY_SOFT,0.051,1.0,1.0
historical_p2c,ORDINARY_SOFT,0.052,1.0,1.0
historical_p2c,ORDINARY_SOFT,0.053,1.0,1.0
historical_p2c,ORDINARY_SOFT,0.054,1.0,1.0
historical_p2c,ORDINARY_SOFT,0.055,1.0,1.0
historical_p2c,ORDINARY_SOFT,0.056,1.0,1.0
historical_p2c,ORDINARY_SOFT,0.057,1.0,1.0
historical_p2c,ORDINARY_SOFT,0.058,1.0,1.0
historical_p2c,ORDINARY_SOFT,0.059,1.0,1.0
historical_p2c,ORDINARY_SOFT,0.06,1.0,1.0
historical_p2c,ORDINARY_SOFT,0.061,1.0,1.0
historical_p2c,ORDINARY_SOFT,0.062,1.0,1.0
historical_p2c,ORDINARY_SOFT,0.063,1.0,1.0
historical_p2c,ORDINARY_SOFT,0.064,1.0,1.0
historical_p2c,ORDINARY_SOFT,0.065,1.0,1.0
historical_p2c,ORDINARY_SOFT,0.066,1.0,1.0
historical_p2c,ORDINARY_SOFT,0.067,1.0,1.0
historical_p2c,ORDINARY_SOFT,0.068,1.0,1.0
historical_p2c,ORDINARY_SOFT,0.069,1.0,1.0
historical_p2c,ORDINARY_SOFT,0.07,1.0,1.0
historical_p2c,ORDINARY_SOFT,0.071,1.0,1.0
historical_p2c,ORDINARY_SOFT,0.072,1.0,1.0
historical_p2c,ORDINARY_SOFT,0.073,1.0,1.0
historical_p2c,ORDINARY_SOFT,0.074,1.0,1.0
historical_p2c,ORDINARY_SOFT,0.075,1.0,1.0
historical_p2c,ORDINARY_SOFT,0.076,1.0,1.0
historical_p2c,ORDINARY_SOFT,0.077,1.0,1.0
historical_p2c,ORDINARY_SOFT,0.078,1.0,1.0
historical_p2c,ORDINARY_SOFT,0.079,1.0,1.0
historical_p2c,ORDINARY_SOFT,0.08,1.0,1.0
historical_p2c,ORDINARY_SOFT,0.081,1.0,1.0
historical_p2c,ORDINARY_SOFT,0.082,1.0,1.0
historical_p2c,ORDINARY_SOFT,0.083,1.0,1.0
historical_p2c,ORDINARY_SOFT,0.084,1.0,1.0
historical_p2c,ORDINARY_SOFT,0.085,1.0,1.0
historical_p2c,ORDINARY_SOFT,0.086,1.0,1.0
historical_p2c,ORDINARY_SOFT,0.087,1.0,1.0
historical_p2c,ORDINARY_SOFT,0.088,1.0,1.0
historical_p2c,ORDINARY_SOFT,0.089,1.0,1.0
historical_p2c,ORDINARY_SOFT,0.09,1.0,1.0
historical_p2c,ORDINARY_SOFT,0.091,1.0,1.0
historical_p2c,ORDINARY_SOFT,0.092,1.0,1.0
historical_p2c,ORDINARY_SOFT,0.093,1.0,1.0
historical_p2c,ORDINARY_SOFT,0.094,1.0,1.0
historical_p2c,ORDINARY_SOFT,0.095,1.0,1.0
historical_p2c,ORDINARY_SOFT,0.096,1.0,1.0
historical_p2c,ORDINARY_SOFT,0.097,1.0,1.0
historical_p2c,ORDINARY_SOFT,0.098,1.0,1.0
historical_p2c,ORDINARY_SOFT,0.099,1.0,1.0
historical_p2c,ORDINARY_SOFT,0.1,1.0,1.0
historical_p2c,ORDINARY_SOFT,0.101,1.0,1.0
historical_p2c,ORDINARY_SOFT,0.102,1.0,1.0
historical_p2c,ORDINARY_SOFT,0.103,1.0,1.0
historical_p2c,ORDINARY_SOFT,0.104,1.0,1.0
historical_p2c,ORDINARY_SOFT,0.105,1.0,1.0
historical_p2c,ORDINARY_SOFT,0.106,1.0,1.0
historical_p2c,ORDINARY_SOFT,0.107,1.0,1.0
historical_p2c,ORDINARY_SOFT,0.108,1.0,1.0
historical_p2c,ORDINARY_SOFT,0.109,1.0,1.0
historical_p2c,ORDINARY_SOFT,0.11,1.0,1.0
historical_p2c,ORDINARY_SOFT,0.111,1.0,1.0
historical_p2c,ORDINARY_SOFT,0.112,1.0,1.0
historical_p2c,ORDINARY_SOFT,0.113,1.0,1.0
historical_p2c,ORDINARY_SOFT,0.114,1.0,1.0
historical_p2c,ORDINARY_SOFT,0.115,1.0,1.0
historical_p2c,ORDINARY_SOFT,0.116,1.0,1.0
historical_p2c,ORDINARY_SOFT,0.117,1.0,1.0
historical_p2c,ORDINARY_SOFT,0.118,1.0,1.0
historical_p2c,ORDINARY_SOFT,0.119,1.0,1.0
historical_p2c,ORDINARY_SOFT,0.12,1.0,1.0
historical_p2c,ZERO,0.001,0.0,0.0
historical_p2c,ZERO,0.002,0.0,0.0
historical_p2c,ZERO,0.003,0.0,0.0
historical_p2c,ZERO,0.004,0.0,0.0
historical_p2c,ZERO,0.005,0.0,0.0
historical_p2c,ZERO,0.006,0.0,0.0
historical_p2c,ZERO,0.007,0.0,0.0
historical_p2c,ZERO,0.008,0.0,0.09267882805725125
historical_p2c,ZERO,0.009,0.0,0.26356427336234406
historical_p2c,ZERO,0.01,0.0,0.42229222585645565
historical_p2c,ZERO,0.011,0.14311900046478687,0.5627792968798504
historical_p2c,ZERO,0.012,0.31121532431122345,0.6812617005545389
historical_p2c,ZERO,0.013,0.4651791926110229,0.7764768028748621
historical_p2c,ZERO,0.014,0.5995528085957633,0.8493876619096801
historical_p2c,ZERO,0.015,0.7113018303567649,0.9025878143742501
historical_p2c,ZERO,0.016,0.7998557759003515,0.9395763974517801
historical_p2c,ZERO,0.017,0.8667219487703677,0.9640814998458764
historical_p2c,ZERO,0.018,0.9148323819499178,0.9795511035765847
historical_p2c,ZERO,0.019,0.9478165992597132,0.9888565135336738
historical_p2c,ZERO,0.02,0.9693646039067125,0.9941901729830336
historical_p2c,ZERO,0.021,0.9827780919613252,0.9971032252743657
historical_p2c,ZERO,0.022,0.9907343707095031,0.9986192429414282
historical_p2c,ZERO,0.023,0.9952312542477801,0.9993710267506566
historical_p2c,ZERO,0.024,0.9976530998240538,0.9997262604188621
historical_p2c,ZERO,0.025,0.9988959368008934,0.9998862042238985
historical_p2c,ZERO,0.026,0.9995036721936543,0.9999548245164496
historical_p2c,ZERO,0.027,0.9997868422027205,0.9999828768643404
historical_p2c,ZERO,0.028,0.9999125644230449,0.9999938042691123
historical_p2c,ZERO,0.029,0.9999657518002185,0.9999978602476314
historical_p2c,ZERO,0.03,0.9999871923796122,0.9999992947612837
historical_p2c,ZERO,0.031,0.9999954279848264,0.9999997782025911
historical_p2c,ZERO,0.032,0.9999984422760979,0.9999999334457419
historical_p2c,ZERO,0.033,0.9999994935241963,0.9999999809475719
historical_p2c,ZERO,0.034,0.9999998428696886,0.9999999947971645
historical_p2c,ZERO,0.035,0.9999999534899209,0.9999999986447825
historical_p2c,ZERO,0.036,0.9999999868665954,0.9999999996633149
historical_p2c,ZERO,0.037,0.9999999964623734,0.9999999999202271
historical_p2c,ZERO,0.038,0.9999999990911004,0.9999999999819751
historical_p2c,ZERO,0.039,0.9999999997772813,0.9999999999961162
historical_p2c,ZERO,0.04,0.9999999999479519,0.999999999999202
historical_p2c,ZERO,0.041,0.9999999999884006,0.9999999999998437
historical_p2c,ZERO,0.042,0.9999999999975349,0.9999999999999709
historical_p2c,ZERO,0.043,0.9999999999995004,0.9999999999999949
historical_p2c,ZERO,0.044,0.9999999999999034,0.9999999999999991
historical_p2c,ZERO,0.045,0.9999999999999822,0.9999999999999998
historical_p2c,ZERO,0.046,0.9999999999999969,1.0
historical_p2c,ZERO,0.047,0.9999999999999996,1.0
historical_p2c,ZERO,0.048,1.0,1.0
historical_p2c,ZERO,0.049,1.0,1.0
historical_p2c,ZERO,0.05,1.0,1.0
historical_p2c,ZERO,0.051,1.0,1.0
historical_p2c,ZERO,0.052,1.0,1.0
historical_p2c,ZERO,0.053,1.0,1.0
historical_p2c,ZERO,0.054,1.0,1.0
historical_p2c,ZERO,0.055,1.0,1.0
historical_p2c,ZERO,0.056,1.0,1.0
historical_p2c,ZERO,0.057,1.0,1.0
historical_p2c,ZERO,0.058,1.0,1.0
historical_p2c,ZERO,0.059,1.0,1.0
historical_p2c,ZERO,0.06,1.0,1.0
historical_p2c,ZERO,0.061,1.0,1.0
historical_p2c,ZERO,0.062,1.0,1.0
historical_p2c,ZERO,0.063,1.0,1.0
historical_p2c,ZERO,0.064,1.0,1.0
historical_p2c,ZERO,0.065,1.0,1.0
historical_p2c,ZERO,0.066,1.0,1.0
historical_p2c,ZERO,0.067,1.0,1.0
historical_p2c,ZERO,0.068,1.0,1.0
historical_p2c,ZERO,0.069,1.0,1.0
historical_p2c,ZERO,0.07,1.0,1.0
historical_p2c,ZERO,0.071,1.0,1.0
historical_p2c,ZERO,0.072,1.0,1.0
historical_p2c,ZERO,0.073,1.0,1.0
historical_p2c,ZERO,0.074,1.0,1.0
historical_p2c,ZERO,0.075,1.0,1.0
historical_p2c,ZERO,0.076,1.0,1.0
historical_p2c,ZERO,0.077,1.0,1.0
historical_p2c,ZERO,0.078,1.0,1.0
historical_p2c,ZERO,0.079,1.0,1.0
historical_p2c,ZERO,0.08,1.0,1.0
historical_p2c,ZERO,0.081,1.0,1.0
historical_p2c,ZERO,0.082,1.0,1.0
historical_p2c,ZERO,0.083,1.0,1.0
historical_p2c,ZERO,0.084,1.0,1.0
historical_p2c,ZERO,0.085,1.0,1.0
historical_p2c,ZERO,0.086,1.0,1.0
historical_p2c,ZERO,0.087,1.0,1.0
historical_p2c,ZERO,0.088,1.0,1.0
historical_p2c,ZERO,0.089,1.0,1.0
historical_p2c,ZERO,0.09,1.0,1.0
historical_p2c,ZERO,0.091,1.0,1.0
historical_p2c,ZERO,0.092,1.0,1.0
historical_p2c,ZERO,0.093,1.0,1.0
historical_p2c,ZERO,0.094,1.0,1.0
historical_p2c,ZERO,0.095,1.0,1.0
historical_p2c,ZERO,0.096,1.0,1.0
historical_p2c,ZERO,0.097,1.0,1.0
historical_p2c,ZERO,0.098,1.0,1.0
historical_p2c,ZERO,0.099,1.0,1.0
historical_p2c,ZERO,0.1,1.0,1.0
historical_p2c,ZERO,0.101,1.0,1.0
historical_p2c,ZERO,0.102,1.0,1.0
historical_p2c,ZERO,0.103,1.0,1.0
historical_p2c,ZERO,0.104,1.0,1.0
historical_p2c,ZERO,0.105,1.0,1.0
historical_p2c,ZERO,0.106,1.0,1.0
historical_p2c,ZERO,0.107,1.0,1.0
historical_p2c,ZERO,0.108,1.0,1.0
historical_p2c,ZERO,0.109,1.0,1.0
historical_p2c,ZERO,0.11,1.0,1.0
historical_p2c,ZERO,0.111,1.0,1.0
historical_p2c,ZERO,0.112,1.0,1.0
historical_p2c,ZERO,0.113,1.0,1.0
historical_p2c,ZERO,0.114,1.0,1.0
historical_p2c,ZERO,0.115,1.0,1.0
historical_p2c,ZERO,0.116,1.0,1.0
historical_p2c,ZERO,0.117,1.0,1.0
historical_p2c,ZERO,0.118,1.0,1.0
historical_p2c,ZERO,0.119,1.0,1.0
historical_p2c,ZERO,0.12,1.0,1.0
